Workbook

Sheet 汇总(均值)
A1: 样本序号 | B1: 相对树皮厚度 | C1: 相对韧皮部厚度 | D1: 相对木质部厚度 | E1: 导管密度 | F1: 平均导管腔面积 | G1: 导管腔面积占木质部比例 | H1: 形成层连续性评分1（坏）-10（好）
A2: 1 | B2: ='相对树皮厚度'!E2 | C2: ='相对韧皮部厚度'!E2 | D2: ='相对木质部厚度'!E2 | E2: ='导管密度'!E2 | F2: ='平均导管腔面积'!E2 | G2: ='导管腔面积占木质部比例'!E2 | H2: ='形成层连续性评分1（坏）-10（好）'!E2
A3: 2 | B3: ='相对树皮厚度'!E3 | C3: ='相对韧皮部厚度'!E3 | D3: ='相对木质部厚度'!E3 | E3: ='导管密度'!E3 | F3: ='平均导管腔面积'!E3 | G3: ='导管腔面积占木质部比例'!E3 | H3: ='形成层连续性评分1（坏）-10（好）'!E3
A4: 3 | B4: ='相对树皮厚度'!E4 | C4: ='相对韧皮部厚度'!E4 | D4: ='相对木质部厚度'!E4 | E4: ='导管密度'!E4 | F4: ='平均导管腔面积'!E4 | G4: ='导管腔面积占木质部比例'!E4 | H4: ='形成层连续性评分1（坏）-10（好）'!E4
A5: 4 | B5: ='相对树皮厚度'!E5 | C5: ='相对韧皮部厚度'!E5 | D5: ='相对木质部厚度'!E5 | E5: ='导管密度'!E5 | F5: ='平均导管腔面积'!E5 | G5: ='导管腔面积占木质部比例'!E5 | H5: ='形成层连续性评分1（坏）-10（好）'!E5
A6: 5 | B6: ='相对树皮厚度'!E6 | C6: ='相对韧皮部厚度'!E6 | D6: ='相对木质部厚度'!E6 | E6: ='导管密度'!E6 | F6: ='平均导管腔面积'!E6 | G6: ='导管腔面积占木质部比例'!E6 | H6: ='形成层连续性评分1（坏）-10（好）'!E6
A7: 6 | B7: ='相对树皮厚度'!E7 | C7: ='相对韧皮部厚度'!E7 | D7: ='相对木质部厚度'!E7 | E7: ='导管密度'!E7 | F7: ='平均导管腔面积'!E7 | G7: ='导管腔面积占木质部比例'!E7 | H7: ='形成层连续性评分1（坏）-10（好）'!E7
A8: 7 | B8: ='相对树皮厚度'!E8 | C8: ='相对韧皮部厚度'!E8 | D8: ='相对木质部厚度'!E8 | E8: ='导管密度'!E8 | F8: ='平均导管腔面积'!E8 | G8: ='导管腔面积占木质部比例'!E8 | H8: ='形成层连续性评分1（坏）-10（好）'!E8
A9: 8 | B9: ='相对树皮厚度'!E9 | C9: ='相对韧皮部厚度'!E9 | D9: ='相对木质部厚度'!E9 | E9: ='导管密度'!E9 | F9: ='平均导管腔面积'!E9 | G9: ='导管腔面积占木质部比例'!E9 | H9: ='形成层连续性评分1（坏）-10（好）'!E9
A10: 9 | B10: ='相对树皮厚度'!E10 | C10: ='相对韧皮部厚度'!E10 | D10: ='相对木质部厚度'!E10 | E10: ='导管密度'!E10 | F10: ='平均导管腔面积'!E10 | G10: ='导管腔面积占木质部比例'!E10 | H10: ='形成层连续性评分1（坏）-10（好）'!E10
A11: 10 | B11: ='相对树皮厚度'!E11 | C11: ='相对韧皮部厚度'!E11 | D11: ='相对木质部厚度'!E11 | E11: ='导管密度'!E11 | F11: ='平均导管腔面积'!E11 | G11: ='导管腔面积占木质部比例'!E11 | H11: ='形成层连续性评分1（坏）-10（好）'!E11
A12: 11 | B12: ='相对树皮厚度'!E12 | C12: ='相对韧皮部厚度'!E12 | D12: ='相对木质部厚度'!E12 | E12: ='导管密度'!E12 | F12: ='平均导管腔面积'!E12 | G12: ='导管腔面积占木质部比例'!E12 | H12: ='形成层连续性评分1（坏）-10（好）'!E12
A13: 12 | B13: ='相对树皮厚度'!E13 | C13: ='相对韧皮部厚度'!E13 | D13: ='相对木质部厚度'!E13 | E13: ='导管密度'!E13 | F13: ='平均导管腔面积'!E13 | G13: ='导管腔面积占木质部比例'!E13 | H13: ='形成层连续性评分1（坏）-10（好）'!E13
... A64: 63 | B64: ='相对树皮厚度'!E64 | C64: ='相对韧皮部厚度'!E64 | D64: ='相对木质部厚度'!E64 | E64: ='导管密度'!E64 | F64: ='平均导管腔面积'!E64 | G64: ='导管腔面积占木质部比例'!E64 | H64: ='形成层连续性评分1（坏）-10（好）'!E64

Sheet 1区域

Sheet 半径长度
A1: 样本序号 | B1: 半径长度1 | C1: 半径长度2 | D1: 半径长度3
A2: 1 | B2: 2054.67 | C2: 1937.8 | D2: 2183.57
A3: 2 | B3: 1833.71 | C3: 1765.1 | D3: 2008.45
A4: 3 | B4: 1436.22 | C4: 1496.38 | D4: 1531.4
A5: 4 | B5: 2328.02 | C5: 2180.56 | D5: 2352.05
A6: 5 | B6: 1843.96 | C6: 2001.21 | D6: 1960.75
A7: 6 | B7: 1297.27 | C7: 1496.98 | D7: 1379.83
A8: 7 | B8: 2734.62 | C8: 2872.81 | D8: 2921.49
A9: 8 | B9: 2252.85 | C9: 2437.8 | D9: 2507.25
A10: 9 | B10: 2247.15 | C10: 2188.41 | D10: 2200.48
A11: 10 | B11: 2193.62 | C11: 2251.81 | D11: 2480.07
A12: 11 | B12: 1902.05 | C12: 2100.85 | D12: 2013.89
A13: 12 | B13: 1584.28 | C13: 1657 | D13: 1694.44
... A61: 60 | B61: 1719.82 | C61: 1809.18 | D61: 1889.49
A62: 61
A63: 62
A64: 63

Sheet 木质部长度
A1: 样本序号 | B1: 木质部长度1 | C1: 木质部长度2 | D1: 木质部长度3
A2: 1 | B2: 1222.89 | C2: 1253.45 | D2: 1413.15
A3: 2 | B3: 1147.25 | C3: 1005.13 | D3: 1204.43
A4: 3 | B4: 801.35 | C4: 783.28 | D4: 882.52
A5: 4 | B5: 1474.2 | C5: 1413.9 | D5: 1439.03
A6: 5 | B6: 1163.61 | C6: 1263.05 | D6: 1068.77
A7: 6 | B7: 726.77 | C7: 789.71 | D7: 797.72
A8: 7 | B8: 1777.28 | C8: 1952 | D8: 1850.61
A9: 8 | B9: 1239.6 | C9: 1369.99 | D9: 1608.18
A10: 9 | B10: 1149 | C10: 1239.57 | D10: 1143.55
A11: 10 | B11: 1517.49 | C11: 1033.98 | D11: 1769.5
A12: 11 | B12: 1219.34 | C12: 1361.18 | D12: 1328.6
A13: 12 | B13: 986.02 | C13: 778.65 | D13: 1011.98
... A61: 60 | B61: 1049.26 | C61: 864.17 | D61: 1105.01
A62: 61
A63: 62
A64: 63

Sheet 韧皮部长度
A1: 样本序号 | B1: 韧皮部长度1 | C1: 韧皮部长度2 | D1: 韧皮部长度3
A2: 1 | B2: 241.11 | C2: 278.26 | D2: 276.89
A3: 2 | B3: 235.55 | C3: 208.85 | D3: 224.58
A4: 3 | B4: 187.67 | C4: 208.49 | D4: 235.56
A5: 4 | B5: 298.12 | C5: 308.84 | D5: 316.71
A6: 5 | B6: 276.54 | C6: 317.41 | D6: 300.58
A7: 6 | B7: 231.88 | C7: 278.47 | D7: 260.71
A8: 7 | B8: 288.62 | C8: 270.4 | D8: 316.15
A9: 8 | B9: 224.43 | C9: 282.76 | D9: 245.36
A10: 9 | B10: 277.55 | C10: 287.54 | D10: 295.8
A11: 10 | B11: 282.57 | C11: 315.3 | D11: 300.88
A12: 11 | B12: 235.96 | C12: 272.73 | D12: 250.14
A13: 12 | B13: 225.1 | C13: 220.69 | D13: 218.33
... A61: 60 | B61: 266.39 | C61: 275.72 | D61: 265.49
A62: 61
A63: 62
A64: 63

Sheet 皮层长度
A1: 样本序号 | B1: 皮层长度1 | C1: 皮层长度2 | D1: 皮层长度3
A2: 1 | B2: 212.54 | C2: 80.62 | D2: 88.95
A3: 2 | B3: 72.78 | C3: 90.37 | D3: 75.21
A4: 3 | B4: 119.19 | C4: 193.62 | D4: 58.85
A5: 4 | B5: 93.28 | C5: 90.67 | D5: 106.58
A6: 5 | B6: 75.8 | C6: 83.18 | D6: 72.07
A7: 6 | B7: 50.46 | C7: 56.22 | D7: 55.71
A8: 7 | B8: 164.16 | C8: 75.91 | D8: 114.04
A9: 8 | B9: 173.79 | C9: 86.99 | D9: 97.55
A10: 9 | B10: 108.75 | C10: 80.37 | D10: 75.75
A11: 10 | B11: 160.07 | C11: 71.01 | D11: 108.97
A12: 11 | B12: 76.59 | C12: 88.31 | D12: 83.09
A13: 12 | B13: 82.72 | C13: 52.6 | D13: 91.55
... A61: 60 | B61: 87.54 | C61: 59.99 | D61: 72.13
A62: 61
A63: 62
A64: 63

Sheet 相对树皮厚度
A1: 样本序号 | B1: 相对树皮厚度1 | C1: 相对树皮厚度2 | D1: 相对树皮厚度3 | E1: 平均
A2: 1 | B2: =IF(OR('半径长度'!B2="",'半径长度'!B2=0),"",('皮层长度'!B2+'韧皮部长度'!B2)/'半径长度'!B2) | C2: =IF(OR('半径长度'!C2="",'半径长度'!C2=0),"",('皮层长度'!C2+'韧皮部长度'!C2)/'半径长度'!C2) | D2: =IF(OR('半径长度'!D2="",'半径长度'!D2=0),"",('皮层长度'!D2+'韧皮部长度'!D2)/'半径长度'!D2) | E2: =IF(COUNT(B2:D2)=0,"",AVERAGE(B2:D2))
A3: 2 | B3: =IF(OR('半径长度'!B3="",'半径长度'!B3=0),"",('皮层长度'!B3+'韧皮部长度'!B3)/'半径长度'!B3) | C3: =IF(OR('半径长度'!C3="",'半径长度'!C3=0),"",('皮层长度'!C3+'韧皮部长度'!C3)/'半径长度'!C3) | D3: =IF(OR('半径长度'!D3="",'半径长度'!D3=0),"",('皮层长度'!D3+'韧皮部长度'!D3)/'半径长度'!D3) | E3: =IF(COUNT(B3:D3)=0,"",AVERAGE(B3:D3))
A4: 3 | B4: =IF(OR('半径长度'!B4="",'半径长度'!B4=0),"",('皮层长度'!B4+'韧皮部长度'!B4)/'半径长度'!B4) | C4: =IF(OR('半径长度'!C4="",'半径长度'!C4=0),"",('皮层长度'!C4+'韧皮部长度'!C4)/'半径长度'!C4) | D4: =IF(OR('半径长度'!D4="",'半径长度'!D4=0),"",('皮层长度'!D4+'韧皮部长度'!D4)/'半径长度'!D4) | E4: =IF(COUNT(B4:D4)=0,"",AVERAGE(B4:D4))
A5: 4 | B5: =IF(OR('半径长度'!B5="",'半径长度'!B5=0),"",('皮层长度'!B5+'韧皮部长度'!B5)/'半径长度'!B5) | C5: =IF(OR('半径长度'!C5="",'半径长度'!C5=0),"",('皮层长度'!C5+'韧皮部长度'!C5)/'半径长度'!C5) | D5: =IF(OR('半径长度'!D5="",'半径长度'!D5=0),"",('皮层长度'!D5+'韧皮部长度'!D5)/'半径长度'!D5) | E5: =IF(COUNT(B5:D5)=0,"",AVERAGE(B5:D5))
A6: 5 | B6: =IF(OR('半径长度'!B6="",'半径长度'!B6=0),"",('皮层长度'!B6+'韧皮部长度'!B6)/'半径长度'!B6) | C6: =IF(OR('半径长度'!C6="",'半径长度'!C6=0),"",('皮层长度'!C6+'韧皮部长度'!C6)/'半径长度'!C6) | D6: =IF(OR('半径长度'!D6="",'半径长度'!D6=0),"",('皮层长度'!D6+'韧皮部长度'!D6)/'半径长度'!D6) | E6: =IF(COUNT(B6:D6)=0,"",AVERAGE(B6:D6))
A7: 6 | B7: =IF(OR('半径长度'!B7="",'半径长度'!B7=0),"",('皮层长度'!B7+'韧皮部长度'!B7)/'半径长度'!B7) | C7: =IF(OR('半径长度'!C7="",'半径长度'!C7=0),"",('皮层长度'!C7+'韧皮部长度'!C7)/'半径长度'!C7) | D7: =IF(OR('半径长度'!D7="",'半径长度'!D7=0),"",('皮层长度'!D7+'韧皮部长度'!D7)/'半径长度'!D7) | E7: =IF(COUNT(B7:D7)=0,"",AVERAGE(B7:D7)) | J7: 相对树皮厚度=（皮层长度+韧皮部长度）/半径长度
A8: 7 | B8: =IF(OR('半径长度'!B8="",'半径长度'!B8=0),"",('皮层长度'!B8+'韧皮部长度'!B8)/'半径长度'!B8) | C8: =IF(OR('半径长度'!C8="",'半径长度'!C8=0),"",('皮层长度'!C8+'韧皮部长度'!C8)/'半径长度'!C8) | D8: =IF(OR('半径长度'!D8="",'半径长度'!D8=0),"",('皮层长度'!D8+'韧皮部长度'!D8)/'半径长度'!D8) | E8: =IF(COUNT(B8:D8)=0,"",AVERAGE(B8:D8))
A9: 8 | B9: =IF(OR('半径长度'!B9="",'半径长度'!B9=0),"",('皮层长度'!B9+'韧皮部长度'!B9)/'半径长度'!B9) | C9: =IF(OR('半径长度'!C9="",'半径长度'!C9=0),"",('皮层长度'!C9+'韧皮部长度'!C9)/'半径长度'!C9) | D9: =IF(OR('半径长度'!D9="",'半径长度'!D9=0),"",('皮层长度'!D9+'韧皮部长度'!D9)/'半径长度'!D9) | E9: =IF(COUNT(B9:D9)=0,"",AVERAGE(B9:D9))
A10: 9 | B10: =IF(OR('半径长度'!B10="",'半径长度'!B10=0),"",('皮层长度'!B10+'韧皮部长度'!B10)/'半径长度'!B10) | C10: =IF(OR('半径长度'!C10="",'半径长度'!C10=0),"",('皮层长度'!C10+'韧皮部长度'!C10)/'半径长度'!C10) | D10: =IF(OR('半径长度'!D10="",'半径长度'!D10=0),"",('皮层长度'!D10+'韧皮部长度'!D10)/'半径长度'!D10) | E10: =IF(COUNT(B10:D10)=0,"",AVERAGE(B10:D10))
A11: 10 | B11: =IF(OR('半径长度'!B11="",'半径长度'!B11=0),"",('皮层长度'!B11+'韧皮部长度'!B11)/'半径长度'!B11) | C11: =IF(OR('半径长度'!C11="",'半径长度'!C11=0),"",('皮层长度'!C11+'韧皮部长度'!C11)/'半径长度'!C11) | D11: =IF(OR('半径长度'!D11="",'半径长度'!D11=0),"",('皮层长度'!D11+'韧皮部长度'!D11)/'半径长度'!D11) | E11: =IF(COUNT(B11:D11)=0,"",AVERAGE(B11:D11))
A12: 11 | B12: =IF(OR('半径长度'!B12="",'半径长度'!B12=0),"",('皮层长度'!B12+'韧皮部长度'!B12)/'半径长度'!B12) | C12: =IF(OR('半径长度'!C12="",'半径长度'!C12=0),"",('皮层长度'!C12+'韧皮部长度'!C12)/'半径长度'!C12) | D12: =IF(OR('半径长度'!D12="",'半径长度'!D12=0),"",('皮层长度'!D12+'韧皮部长度'!D12)/'半径长度'!D12) | E12: =IF(COUNT(B12:D12)=0,"",AVERAGE(B12:D12))
A13: 12 | B13: =IF(OR('半径长度'!B13="",'半径长度'!B13=0),"",('皮层长度'!B13+'韧皮部长度'!B13)/'半径长度'!B13) | C13: =IF(OR('半径长度'!C13="",'半径长度'!C13=0),"",('皮层长度'!C13+'韧皮部长度'!C13)/'半径长度'!C13) | D13: =IF(OR('半径长度'!D13="",'半径长度'!D13=0),"",('皮层长度'!D13+'韧皮部长度'!D13)/'半径长度'!D13) | E13: =IF(COUNT(B13:D13)=0,"",AVERAGE(B13:D13))
A14: 13 | B14: =IF(OR('半径长度'!B14="",'半径长度'!B14=0),"",('皮层长度'!B14+'韧皮部长度'!B14)/'半径长度'!B14) | C14: =IF(OR('半径长度'!C14="",'半径长度'!C14=0),"",('皮层长度'!C14+'韧皮部长度'!C14)/'半径长度'!C14) | D14: =IF(OR('半径长度'!D14="",'半径长度'!D14=0),"",('皮层长度'!D14+'韧皮部长度'!D14)/'半径长度'!D14) | E14: =IF(COUNT(B14:D14)=0,"",AVERAGE(B14:D14))
A15: 14 | B15: =IF(OR('半径长度'!B15="",'半径长度'!B15=0),"",('皮层长度'!B15+'韧皮部长度'!B15)/'半径长度'!B15) | C15: =IF(OR('半径长度'!C15="",'半径长度'!C15=0),"",('皮层长度'!C15+'韧皮部长度'!C15)/'半径长度'!C15) | D15: =IF(OR('半径长度'!D15="",'半径长度'!D15=0),"",('皮层长度'!D15+'韧皮部长度'!D15)/'半径长度'!D15) | E15: =IF(COUNT(B15:D15)=0,"",AVERAGE(B15:D15))
A16: 15 | B16: =IF(OR('半径长度'!B16="",'半径长度'!B16=0),"",('皮层长度'!B16+'韧皮部长度'!B16)/'半径长度'!B16) | C16: =IF(OR('半径长度'!C16="",'半径长度'!C16=0),"",('皮层长度'!C16+'韧皮部长度'!C16)/'半径长度'!C16) | D16: =IF(OR('半径长度'!D16="",'半径长度'!D16=0),"",('皮层长度'!D16+'韧皮部长度'!D16)/'半径长度'!D16) | E16: =IF(COUNT(B16:D16)=0,"",AVERAGE(B16:D16))
A17: 16 | B17: =IF(OR('半径长度'!B17="",'半径长度'!B17=0),"",('皮层长度'!B17+'韧皮部长度'!B17)/'半径长度'!B17) | C17: =IF(OR('半径长度'!C17="",'半径长度'!C17=0),"",('皮层长度'!C17+'韧皮部长度'!C17)/'半径长度'!C17) | D17: =IF(OR('半径长度'!D17="",'半径长度'!D17=0),"",('皮层长度'!D17+'韧皮部长度'!D17)/'半径长度'!D17) | E17: =IF(COUNT(B17:D17)=0,"",AVERAGE(B17:D17))
A18: 17 | B18: =IF(OR('半径长度'!B18="",'半径长度'!B18=0),"",('皮层长度'!B18+'韧皮部长度'!B18)/'半径长度'!B18) | C18: =IF(OR('半径长度'!C18="",'半径长度'!C18=0),"",('皮层长度'!C18+'韧皮部长度'!C18)/'半径长度'!C18) | D18: =IF(OR('半径长度'!D18="",'半径长度'!D18=0),"",('皮层长度'!D18+'韧皮部长度'!D18)/'半径长度'!D18) | E18: =IF(COUNT(B18:D18)=0,"",AVERAGE(B18:D18))
A19: 18 | B19: =IF(OR('半径长度'!B19="",'半径长度'!B19=0),"",('皮层长度'!B19+'韧皮部长度'!B19)/'半径长度'!B19) | C19: =IF(OR('半径长度'!C19="",'半径长度'!C19=0),"",('皮层长度'!C19+'韧皮部长度'!C19)/'半径长度'!C19) | D19: =IF(OR('半径长度'!D19="",'半径长度'!D19=0),"",('皮层长度'!D19+'韧皮部长度'!D19)/'半径长度'!D19) | E19: =IF(COUNT(B19:D19)=0,"",AVERAGE(B19:D19))
... A64: 63 | B64: =IF(OR('半径长度'!B64="",'半径长度'!B64=0),"",('皮层长度'!B64+'韧皮部长度'!B64)/'半径长度'!B64) | C64: =IF(OR('半径长度'!C64="",'半径长度'!C64=0),"",('皮层长度'!C64+'韧皮部长度'!C64)/'半径长度'!C64) | D64: =IF(OR('半径长度'!D64="",'半径长度'!D64=0),"",('皮层长度'!D64+'韧皮部长度'!D64)/'半径长度'!D64) | E64: =IF(COUNT(B64:D64)=0,"",AVERAGE(B64:D64))

Sheet 相对韧皮部厚度
A1: 样本序号 | B1: 相对韧皮部厚度1 | C1: 相对韧皮部厚度2 | D1: 相对韧皮部厚度3 | E1: 平均
A2: 1 | B2: =IF(OR('半径长度'!B2="",'半径长度'!B2=0),"",('韧皮部长度'!B2)/'半径长度'!B2) | C2: =IF(OR('半径长度'!C2="",'半径长度'!C2=0),"",('韧皮部长度'!C2)/'半径长度'!C2) | D2: =IF(OR('半径长度'!D2="",'半径长度'!D2=0),"",('韧皮部长度'!D2)/'半径长度'!D2) | E2: =IF(COUNT(B2:D2)=0,"",AVERAGE(B2:D2))
A3: 2 | B3: =IF(OR('半径长度'!B3="",'半径长度'!B3=0),"",('韧皮部长度'!B3)/'半径长度'!B3) | C3: =IF(OR('半径长度'!C3="",'半径长度'!C3=0),"",('韧皮部长度'!C3)/'半径长度'!C3) | D3: =IF(OR('半径长度'!D3="",'半径长度'!D3=0),"",('韧皮部长度'!D3)/'半径长度'!D3) | E3: =IF(COUNT(B3:D3)=0,"",AVERAGE(B3:D3))
A4: 3 | B4: =IF(OR('半径长度'!B4="",'半径长度'!B4=0),"",('韧皮部长度'!B4)/'半径长度'!B4) | C4: =IF(OR('半径长度'!C4="",'半径长度'!C4=0),"",('韧皮部长度'!C4)/'半径长度'!C4) | D4: =IF(OR('半径长度'!D4="",'半径长度'!D4=0),"",('韧皮部长度'!D4)/'半径长度'!D4) | E4: =IF(COUNT(B4:D4)=0,"",AVERAGE(B4:D4))
A5: 4 | B5: =IF(OR('半径长度'!B5="",'半径长度'!B5=0),"",('韧皮部长度'!B5)/'半径长度'!B5) | C5: =IF(OR('半径长度'!C5="",'半径长度'!C5=0),"",('韧皮部长度'!C5)/'半径长度'!C5) | D5: =IF(OR('半径长度'!D5="",'半径长度'!D5=0),"",('韧皮部长度'!D5)/'半径长度'!D5) | E5: =IF(COUNT(B5:D5)=0,"",AVERAGE(B5:D5))
A6: 5 | B6: =IF(OR('半径长度'!B6="",'半径长度'!B6=0),"",('韧皮部长度'!B6)/'半径长度'!B6) | C6: =IF(OR('半径长度'!C6="",'半径长度'!C6=0),"",('韧皮部长度'!C6)/'半径长度'!C6) | D6: =IF(OR('半径长度'!D6="",'半径长度'!D6=0),"",('韧皮部长度'!D6)/'半径长度'!D6) | E6: =IF(COUNT(B6:D6)=0,"",AVERAGE(B6:D6))
A7: 6 | B7: =IF(OR('半径长度'!B7="",'半径长度'!B7=0),"",('韧皮部长度'!B7)/'半径长度'!B7) | C7: =IF(OR('半径长度'!C7="",'半径长度'!C7=0),"",('韧皮部长度'!C7)/'半径长度'!C7) | D7: =IF(OR('半径长度'!D7="",'半径长度'!D7=0),"",('韧皮部长度'!D7)/'半径长度'!D7) | E7: =IF(COUNT(B7:D7)=0,"",AVERAGE(B7:D7)) | J7: 相对韧皮部厚度=韧皮部长度/半径长度
A8: 7 | B8: =IF(OR('半径长度'!B8="",'半径长度'!B8=0),"",('韧皮部长度'!B8)/'半径长度'!B8) | C8: =IF(OR('半径长度'!C8="",'半径长度'!C8=0),"",('韧皮部长度'!C8)/'半径长度'!C8) | D8: =IF(OR('半径长度'!D8="",'半径长度'!D8=0),"",('韧皮部长度'!D8)/'半径长度'!D8) | E8: =IF(COUNT(B8:D8)=0,"",AVERAGE(B8:D8))
A9: 8 | B9: =IF(OR('半径长度'!B9="",'半径长度'!B9=0),"",('韧皮部长度'!B9)/'半径长度'!B9) | C9: =IF(OR('半径长度'!C9="",'半径长度'!C9=0),"",('韧皮部长度'!C9)/'半径长度'!C9) | D9: =IF(OR('半径长度'!D9="",'半径长度'!D9=0),"",('韧皮部长度'!D9)/'半径长度'!D9) | E9: =IF(COUNT(B9:D9)=0,"",AVERAGE(B9:D9))
A10: 9 | B10: =IF(OR('半径长度'!B10="",'半径长度'!B10=0),"",('韧皮部长度'!B10)/'半径长度'!B10) | C10: =IF(OR('半径长度'!C10="",'半径长度'!C10=0),"",('韧皮部长度'!C10)/'半径长度'!C10) | D10: =IF(OR('半径长度'!D10="",'半径长度'!D10=0),"",('韧皮部长度'!D10)/'半径长度'!D10) | E10: =IF(COUNT(B10:D10)=0,"",AVERAGE(B10:D10))
A11: 10 | B11: =IF(OR('半径长度'!B11="",'半径长度'!B11=0),"",('韧皮部长度'!B11)/'半径长度'!B11) | C11: =IF(OR('半径长度'!C11="",'半径长度'!C11=0),"",('韧皮部长度'!C11)/'半径长度'!C11) | D11: =IF(OR('半径长度'!D11="",'半径长度'!D11=0),"",('韧皮部长度'!D11)/'半径长度'!D11) | E11: =IF(COUNT(B11:D11)=0,"",AVERAGE(B11:D11))
A12: 11 | B12: =IF(OR('半径长度'!B12="",'半径长度'!B12=0),"",('韧皮部长度'!B12)/'半径长度'!B12) | C12: =IF(OR('半径长度'!C12="",'半径长度'!C12=0),"",('韧皮部长度'!C12)/'半径长度'!C12) | D12: =IF(OR('半径长度'!D12="",'半径长度'!D12=0),"",('韧皮部长度'!D12)/'半径长度'!D12) | E12: =IF(COUNT(B12:D12)=0,"",AVERAGE(B12:D12))
A13: 12 | B13: =IF(OR('半径长度'!B13="",'半径长度'!B13=0),"",('韧皮部长度'!B13)/'半径长度'!B13) | C13: =IF(OR('半径长度'!C13="",'半径长度'!C13=0),"",('韧皮部长度'!C13)/'半径长度'!C13) | D13: =IF(OR('半径长度'!D13="",'半径长度'!D13=0),"",('韧皮部长度'!D13)/'半径长度'!D13) | E13: =IF(COUNT(B13:D13)=0,"",AVERAGE(B13:D13))
A14: 13 | B14: =IF(OR('半径长度'!B14="",'半径长度'!B14=0),"",('韧皮部长度'!B14)/'半径长度'!B14) | C14: =IF(OR('半径长度'!C14="",'半径长度'!C14=0),"",('韧皮部长度'!C14)/'半径长度'!C14) | D14: =IF(OR('半径长度'!D14="",'半径长度'!D14=0),"",('韧皮部长度'!D14)/'半径长度'!D14) | E14: =IF(COUNT(B14:D14)=0,"",AVERAGE(B14:D14))
A15: 14 | B15: =IF(OR('半径长度'!B15="",'半径长度'!B15=0),"",('韧皮部长度'!B15)/'半径长度'!B15) | C15: =IF(OR('半径长度'!C15="",'半径长度'!C15=0),"",('韧皮部长度'!C15)/'半径长度'!C15) | D15: =IF(OR('半径长度'!D15="",'半径长度'!D15=0),"",('韧皮部长度'!D15)/'半径长度'!D15) | E15: =IF(COUNT(B15:D15)=0,"",AVERAGE(B15:D15))
A16: 15 | B16: =IF(OR('半径长度'!B16="",'半径长度'!B16=0),"",('韧皮部长度'!B16)/'半径长度'!B16) | C16: =IF(OR('半径长度'!C16="",'半径长度'!C16=0),"",('韧皮部长度'!C16)/'半径长度'!C16) | D16: =IF(OR('半径长度'!D16="",'半径长度'!D16=0),"",('韧皮部长度'!D16)/'半径长度'!D16) | E16: =IF(COUNT(B16:D16)=0,"",AVERAGE(B16:D16))
A17: 16 | B17: =IF(OR('半径长度'!B17="",'半径长度'!B17=0),"",('韧皮部长度'!B17)/'半径长度'!B17) | C17: =IF(OR('半径长度'!C17="",'半径长度'!C17=0),"",('韧皮部长度'!C17)/'半径长度'!C17) | D17: =IF(OR('半径长度'!D17="",'半径长度'!D17=0),"",('韧皮部长度'!D17)/'半径长度'!D17) | E17: =IF(COUNT(B17:D17)=0,"",AVERAGE(B17:D17))
A18: 17 | B18: =IF(OR('半径长度'!B18="",'半径长度'!B18=0),"",('韧皮部长度'!B18)/'半径长度'!B18) | C18: =IF(OR('半径长度'!C18="",'半径长度'!C18=0),"",('韧皮部长度'!C18)/'半径长度'!C18) | D18: =IF(OR('半径长度'!D18="",'半径长度'!D18=0),"",('韧皮部长度'!D18)/'半径长度'!D18) | E18: =IF(COUNT(B18:D18)=0,"",AVERAGE(B18:D18))
A19: 18 | B19: =IF(OR('半径长度'!B19="",'半径长度'!B19=0),"",('韧皮部长度'!B19)/'半径长度'!B19) | C19: =IF(OR('半径长度'!C19="",'半径长度'!C19=0),"",('韧皮部长度'!C19)/'半径长度'!C19) | D19: =IF(OR('半径长度'!D19="",'半径长度'!D19=0),"",('韧皮部长度'!D19)/'半径长度'!D19) | E19: =IF(COUNT(B19:D19)=0,"",AVERAGE(B19:D19))
... A64: 63 | B64: =IF(OR('半径长度'!B64="",'半径长度'!B64=0),"",('韧皮部长度'!B64)/'半径长度'!B64) | C64: =IF(OR('半径长度'!C64="",'半径长度'!C64=0),"",('韧皮部长度'!C64)/'半径长度'!C64) | D64: =IF(OR('半径长度'!D64="",'半径长度'!D64=0),"",('韧皮部长度'!D64)/'半径长度'!D64) | E64: =IF(COUNT(B64:D64)=0,"",AVERAGE(B64:D64))

Sheet 相对木质部厚度
A1: 样本序号 | B1: 相对木质部厚度1 | C1: 相对木质部厚度2 | D1: 相对木质部厚度3 | E1: 平均
A2: 1 | B2: =IF(OR('半径长度'!B2="",'半径长度'!B2=0),"",('木质部长度'!B2)/'半径长度'!B2) | C2: =IF(OR('半径长度'!C2="",'半径长度'!C2=0),"",('木质部长度'!C2)/'半径长度'!C2) | D2: =IF(OR('半径长度'!D2="",'半径长度'!D2=0),"",('木质部长度'!D2)/'半径长度'!D2) | E2: =IF(COUNT(B2:D2)=0,"",AVERAGE(B2:D2))
A3: 2 | B3: =IF(OR('半径长度'!B3="",'半径长度'!B3=0),"",('木质部长度'!B3)/'半径长度'!B3) | C3: =IF(OR('半径长度'!C3="",'半径长度'!C3=0),"",('木质部长度'!C3)/'半径长度'!C3) | D3: =IF(OR('半径长度'!D3="",'半径长度'!D3=0),"",('木质部长度'!D3)/'半径长度'!D3) | E3: =IF(COUNT(B3:D3)=0,"",AVERAGE(B3:D3))
A4: 3 | B4: =IF(OR('半径长度'!B4="",'半径长度'!B4=0),"",('木质部长度'!B4)/'半径长度'!B4) | C4: =IF(OR('半径长度'!C4="",'半径长度'!C4=0),"",('木质部长度'!C4)/'半径长度'!C4) | D4: =IF(OR('半径长度'!D4="",'半径长度'!D4=0),"",('木质部长度'!D4)/'半径长度'!D4) | E4: =IF(COUNT(B4:D4)=0,"",AVERAGE(B4:D4))
A5: 4 | B5: =IF(OR('半径长度'!B5="",'半径长度'!B5=0),"",('木质部长度'!B5)/'半径长度'!B5) | C5: =IF(OR('半径长度'!C5="",'半径长度'!C5=0),"",('木质部长度'!C5)/'半径长度'!C5) | D5: =IF(OR('半径长度'!D5="",'半径长度'!D5=0),"",('木质部长度'!D5)/'半径长度'!D5) | E5: =IF(COUNT(B5:D5)=0,"",AVERAGE(B5:D5))
A6: 5 | B6: =IF(OR('半径长度'!B6="",'半径长度'!B6=0),"",('木质部长度'!B6)/'半径长度'!B6) | C6: =IF(OR('半径长度'!C6="",'半径长度'!C6=0),"",('木质部长度'!C6)/'半径长度'!C6) | D6: =IF(OR('半径长度'!D6="",'半径长度'!D6=0),"",('木质部长度'!D6)/'半径长度'!D6) | E6: =IF(COUNT(B6:D6)=0,"",AVERAGE(B6:D6))
A7: 6 | B7: =IF(OR('半径长度'!B7="",'半径长度'!B7=0),"",('木质部长度'!B7)/'半径长度'!B7) | C7: =IF(OR('半径长度'!C7="",'半径长度'!C7=0),"",('木质部长度'!C7)/'半径长度'!C7) | D7: =IF(OR('半径长度'!D7="",'半径长度'!D7=0),"",('木质部长度'!D7)/'半径长度'!D7) | E7: =IF(COUNT(B7:D7)=0,"",AVERAGE(B7:D7)) | J7: 相对木质部厚度=木质部长度/半径长度
A8: 7 | B8: =IF(OR('半径长度'!B8="",'半径长度'!B8=0),"",('木质部长度'!B8)/'半径长度'!B8) | C8: =IF(OR('半径长度'!C8="",'半径长度'!C8=0),"",('木质部长度'!C8)/'半径长度'!C8) | D8: =IF(OR('半径长度'!D8="",'半径长度'!D8=0),"",('木质部长度'!D8)/'半径长度'!D8) | E8: =IF(COUNT(B8:D8)=0,"",AVERAGE(B8:D8))
A9: 8 | B9: =IF(OR('半径长度'!B9="",'半径长度'!B9=0),"",('木质部长度'!B9)/'半径长度'!B9) | C9: =IF(OR('半径长度'!C9="",'半径长度'!C9=0),"",('木质部长度'!C9)/'半径长度'!C9) | D9: =IF(OR('半径长度'!D9="",'半径长度'!D9=0),"",('木质部长度'!D9)/'半径长度'!D9) | E9: =IF(COUNT(B9:D9)=0,"",AVERAGE(B9:D9))
A10: 9 | B10: =IF(OR('半径长度'!B10="",'半径长度'!B10=0),"",('木质部长度'!B10)/'半径长度'!B10) | C10: =IF(OR('半径长度'!C10="",'半径长度'!C10=0),"",('木质部长度'!C10)/'半径长度'!C10) | D10: =IF(OR('半径长度'!D10="",'半径长度'!D10=0),"",('木质部长度'!D10)/'半径长度'!D10) | E10: =IF(COUNT(B10:D10)=0,"",AVERAGE(B10:D10))
A11: 10 | B11: =IF(OR('半径长度'!B11="",'半径长度'!B11=0),"",('木质部长度'!B11)/'半径长度'!B11) | C11: =IF(OR('半径长度'!C11="",'半径长度'!C11=0),"",('木质部长度'!C11)/'半径长度'!C11) | D11: =IF(OR('半径长度'!D11="",'半径长度'!D11=0),"",('木质部长度'!D11)/'半径长度'!D11) | E11: =IF(COUNT(B11:D11)=0,"",AVERAGE(B11:D11))
A12: 11 | B12: =IF(OR('半径长度'!B12="",'半径长度'!B12=0),"",('木质部长度'!B12)/'半径长度'!B12) | C12: =IF(OR('半径长度'!C12="",'半径长度'!C12=0),"",('木质部长度'!C12)/'半径长度'!C12) | D12: =IF(OR('半径长度'!D12="",'半径长度'!D12=0),"",('木质部长度'!D12)/'半径长度'!D12) | E12: =IF(COUNT(B12:D12)=0,"",AVERAGE(B12:D12))
A13: 12 | B13: =IF(OR('半径长度'!B13="",'半径长度'!B13=0),"",('木质部长度'!B13)/'半径长度'!B13) | C13: =IF(OR('半径长度'!C13="",'半径长度'!C13=0),"",('木质部长度'!C13)/'半径长度'!C13) | D13: =IF(OR('半径长度'!D13="",'半径长度'!D13=0),"",('木质部长度'!D13)/'半径长度'!D13) | E13: =IF(COUNT(B13:D13)=0,"",AVERAGE(B13:D13))
A14: 13 | B14: =IF(OR('半径长度'!B14="",'半径长度'!B14=0),"",('木质部长度'!B14)/'半径长度'!B14) | C14: =IF(OR('半径长度'!C14="",'半径长度'!C14=0),"",('木质部长度'!C14)/'半径长度'!C14) | D14: =IF(OR('半径长度'!D14="",'半径长度'!D14=0),"",('木质部长度'!D14)/'半径长度'!D14) | E14: =IF(COUNT(B14:D14)=0,"",AVERAGE(B14:D14))
A15: 14 | B15: =IF(OR('半径长度'!B15="",'半径长度'!B15=0),"",('木质部长度'!B15)/'半径长度'!B15) | C15: =IF(OR('半径长度'!C15="",'半径长度'!C15=0),"",('木质部长度'!C15)/'半径长度'!C15) | D15: =IF(OR('半径长度'!D15="",'半径长度'!D15=0),"",('木质部长度'!D15)/'半径长度'!D15) | E15: =IF(COUNT(B15:D15)=0,"",AVERAGE(B15:D15))
A16: 15 | B16: =IF(OR('半径长度'!B16="",'半径长度'!B16=0),"",('木质部长度'!B16)/'半径长度'!B16) | C16: =IF(OR('半径长度'!C16="",'半径长度'!C16=0),"",('木质部长度'!C16)/'半径长度'!C16) | D16: =IF(OR('半径长度'!D16="",'半径长度'!D16=0),"",('木质部长度'!D16)/'半径长度'!D16) | E16: =IF(COUNT(B16:D16)=0,"",AVERAGE(B16:D16))
A17: 16 | B17: =IF(OR('半径长度'!B17="",'半径长度'!B17=0),"",('木质部长度'!B17)/'半径长度'!B17) | C17: =IF(OR('半径长度'!C17="",'半径长度'!C17=0),"",('木质部长度'!C17)/'半径长度'!C17) | D17: =IF(OR('半径长度'!D17="",'半径长度'!D17=0),"",('木质部长度'!D17)/'半径长度'!D17) | E17: =IF(COUNT(B17:D17)=0,"",AVERAGE(B17:D17))
A18: 17 | B18: =IF(OR('半径长度'!B18="",'半径长度'!B18=0),"",('木质部长度'!B18)/'半径长度'!B18) | C18: =IF(OR('半径长度'!C18="",'半径长度'!C18=0),"",('木质部长度'!C18)/'半径长度'!C18) | D18: =IF(OR('半径长度'!D18="",'半径长度'!D18=0),"",('木质部长度'!D18)/'半径长度'!D18) | E18: =IF(COUNT(B18:D18)=0,"",AVERAGE(B18:D18))
A19: 18 | B19: =IF(OR('半径长度'!B19="",'半径长度'!B19=0),"",('木质部长度'!B19)/'半径长度'!B19) | C19: =IF(OR('半径长度'!C19="",'半径长度'!C19=0),"",('木质部长度'!C19)/'半径长度'!C19) | D19: =IF(OR('半径长度'!D19="",'半径长度'!D19=0),"",('木质部长度'!D19)/'半径长度'!D19) | E19: =IF(COUNT(B19:D19)=0,"",AVERAGE(B19:D19))
... A64: 63 | B64: =IF(OR('半径长度'!B64="",'半径长度'!B64=0),"",('木质部长度'!B64)/'半径长度'!B64) | C64: =IF(OR('半径长度'!C64="",'半径长度'!C64=0),"",('木质部长度'!C64)/'半径长度'!C64) | D64: =IF(OR('半径长度'!D64="",'半径长度'!D64=0),"",('木质部长度'!D64)/'半径长度'!D64) | E64: =IF(COUNT(B64:D64)=0,"",AVERAGE(B64:D64))

Sheet 2区域 

Sheet 导管总数量
A1: 样本序号 | B1: 导管总数量1 | C1: 导管总数量2 | D1: 导管总数量3
A2: 1 | B2: 149 | C2: 128 | D2: 123
A3: 2 | B3: 149 | C3: 144 | D3: 150
A4: 3 | B4: 123 | C4: 119 | D4: 118
A5: 4 | B5: 141 | C5: 129 | D5: 114
A6: 5 | B6: 166 | C6: 168 | D6: 160
A7: 6 | B7: 147 | C7: 142 | D7: 125
A8: 7 | B8: 106 | C8: 90 | D8: 93
A9: 8 | B9: 137 | C9: 129 | D9: 131
A10: 9 | B10: 163 | C10: 169 | D10: 92
A11: 10 | B11: 100 | C11: 126 | D11: 126
A12: 11 | B12: 162 | C12: 172 | D12: 154
A13: 12 | B13: 173 | C13: 132 | D13: 112
... A64: 63 | B64: 159 | C64: 111 | D64: 151

Sheet 导管（腔）总面积
A1: 样本序号 | B1: 导管（腔）总面积1 | C1: 导管（腔）总面积2 | D1: 导管（腔）总面积3
A2: 1 | B2: 93718.7 | C2: 91836.5 | D2: 72578.4
A3: 2 | B3: 104304.4 | C3: 94977.2 | D3: 96951.2
A4: 3 | B4: 89702.1 | C4: 80849.8 | D4: 86360.6
A5: 4 | B5: 70441.6 | C5: 71326.1 | D5: 58475.6
A6: 5 | B6: 87507.9 | C6: 87163.2 | D6: 91617.1
A7: 6 | B7: 74320 | C7: 76184.5 | D7: 58199.1
A8: 7 | B8: 72383.5 | C8: 66918.5 | D8: 75143.5
A9: 8 | B9: 109660.2 | C9: 103585.5 | D9: 88183.7
A10: 9 | B10: 106939.3 | C10: 121024.2 | D10: 30075.1
A11: 10 | B11: 59113.7 | C11: 68011.3 | D11: 73748.6
A12: 11 | B12: 102043.3 | C12: 105795.7 | D12: 100048
A13: 12 | B13: 97136.4 | C13: 79450 | D13: 61220.5
... A64: 63 | B64: 68782.3 | C64: 58624.3 | D64: 80604.9

Sheet 局部韧皮部面积
A1: 样本序号 | B1: 局部韧皮部面积1 | C1: 局部韧皮部面积2 | D1: 局部韧皮部面积3
A2: 1 | B2: 0 | C2: 0 | D2: 0
A3: 2 | B3: 15284.8 | C3: 62825 | D3: 56336.4
A4: 3 | B4: 246309.2 | C4: 270959 | D4: 241101.4
A5: 4 | B5: 0 | C5: 0 | D5: 0
A6: 5 | B6: 35408.3 | C6: 50501.7 | D6: 26245.1
A7: 6 | B7: 294540.8 | C7: 266061.8 | D7: 322202.4
A8: 7 | B8: 0 | C8: 0 | D8: 0
A9: 8 | B9: 0 | C9: 0 | D9: 16551.6
A10: 9 | B10: 43235.2 | C10: 21379.6 | D10: 185161.9
A11: 10 | B11: 0 | C11: 0 | D11: 0
A12: 11 | B12: 0 | C12: 0 | D12: 0
A13: 12 | B13: 95942.5 | C13: 40060.1 | D13: 142159.2
... A64: 63 | B64: 0 | C64: 14546.1 | D64: 18083.5

Sheet 局部髓面积
A1: 样本序号 | B1: 局部髓面积1 | C1: 局部髓面积2 | D1: 局部髓面积3
A2: 1 | B2: 0 | C2: 0 | D2: 0
A3: 2 | B3: 0 | C3: 87756.9 | D3: 16591.3
A4: 3 | B4: 54110.7 | C4: 41313.3 | D4: 29802.5
A5: 4 | B5: 0 | C5: 0 | D5: 0
A6: 5 | B6: 9141.5 | C6: 8605.7 | D6: 0
A7: 6 | B7: 71583.3 | C7: 34330.9 | D7: 80439.9
A8: 7 | B8: 0 | C8: 0 | D8: 0
A9: 8 | B9: 0 | C9: 0 | D9: 0
A10: 9 | B10: 43298.7 | C10: 18721.8 | D10: 203977.7
A11: 10 | B11: 0 | C11: 0 | D11: 0
A12: 11 | B12: 0 | C12: 0 | D12: 0
A13: 12 | B13: 63786.7 | C13: 110365 | D13: 59261.2
... A64: 63 | B64: 12871.2 | C64: 0 | D64: 0

Sheet 局部木质部面积
A1: 样本序号 | B1: 局部木质部面积1 | C1: 局部木质部面积2 | D1: 局部木质部面积3
A2: 1 | B2: 1169120.6 | C2: 1169120.6 | D2: 1169120.6
A3: 2 | B3: 1153835.8 | C3: 1018538.7 | D3: 1096192.9
A4: 3 | B4: 868700.7 | C4: 856848.3 | D4: 898216.7
A5: 4 | B5: 1169120.6 | C5: 1169120.6 | D5: 1169120.6
A6: 5 | B6: 1124570.8 | C6: 1110013.2 | D6: 1142875.5
A7: 6 | B7: 802996.5 | C7: 868727.9 | D7: 766478.3
A8: 7 | B8: 1169120.6 | C8: 1169120.6 | D8: 1169120.6
A9: 8 | B9: 1169120.6 | C9: 1169120.6 | D9: 1152569 | I9: 1.当图内没有 韧皮部、髓 时，木质部面积＝整张图面积 2.当图内有 韧皮部、髓（两者都有或有任意一个）时，木质部面积＝整张图面积-多余的两个（韧皮部、髓） 或 木质部面积＝整张图面积-多余的二者之一（韧皮部 或 髓）
A10: 9 | B10: 1082586.7 | C10: 1129019.2 | D10: 779981
A11: 10 | B11: 1169120.6 | C11: 1169120.6 | D11: 1169120.6
A12: 11 | B12: 1169120.6 | C12: 1169120.6 | D12: 1169120.6
A13: 12 | B13: 1009391.4 | C13: 1018695.5 | D13: 967700.2
A14: 13 | B14: 1169120.6 | C14: 1169120.6 | D14: 1169120.6
A15: 14 | B15: 1169120.6 | C15: 1169120.6 | D15: 1169120.6
A16: 15 | B16: 832983.6 | C16: 878407.1 | D16: 1169120.6
A17: 16 | B17: 1169120.6 | C17: 1169120.6 | D17: 1169120.6
A18: 17 | B18: 1169120.6 | C18: 1169120.6 | D18: 1169120.6
A19: 18 | B19: 1169120.6 | C19: 930535.9 | D19: 867157.1
A20: 19 | B20: 1169120.6 | C20: 1169120.6 | D20: 1169120.6
A21: 20 | B21: 1169120.6 | C21: 1169120.6 | D21: 1169120.6
... A64: 63 | B64: 1156249.4 | C64: 1154574.5 | D64: 1151037.1

Sheet 导管密度
A1: 样本序号 | B1: 导管密度1 | C1: 导管密度2 | D1: 导管密度3 | E1: 平均
A2: 1 | B2: =IF(OR('局部木质部面积'!B2="",'局部木质部面积'!B2=0),"",('导管总数量'!B2*1000000)/'局部木质部面积'!B2) | C2: =IF(OR('局部木质部面积'!C2="",'局部木质部面积'!C2=0),"",('导管总数量'!C2*1000000)/'局部木质部面积'!C2) | D2: =IF(OR('局部木质部面积'!D2="",'局部木质部面积'!D2=0),"",('导管总数量'!D2*1000000)/'局部木质部面积'!D2) | E2: =IF(COUNT(B2:D2)=0,"",AVERAGE(B2:D2))
A3: 2 | B3: =IF(OR('局部木质部面积'!B3="",'局部木质部面积'!B3=0),"",('导管总数量'!B3*1000000)/'局部木质部面积'!B3) | C3: =IF(OR('局部木质部面积'!C3="",'局部木质部面积'!C3=0),"",('导管总数量'!C3*1000000)/'局部木质部面积'!C3) | D3: =IF(OR('局部木质部面积'!D3="",'局部木质部面积'!D3=0),"",('导管总数量'!D3*1000000)/'局部木质部面积'!D3) | E3: =IF(COUNT(B3:D3)=0,"",AVERAGE(B3:D3))
A4: 3 | B4: =IF(OR('局部木质部面积'!B4="",'局部木质部面积'!B4=0),"",('导管总数量'!B4*1000000)/'局部木质部面积'!B4) | C4: =IF(OR('局部木质部面积'!C4="",'局部木质部面积'!C4=0),"",('导管总数量'!C4*1000000)/'局部木质部面积'!C4) | D4: =IF(OR('局部木质部面积'!D4="",'局部木质部面积'!D4=0),"",('导管总数量'!D4*1000000)/'局部木质部面积'!D4) | E4: =IF(COUNT(B4:D4)=0,"",AVERAGE(B4:D4))
A5: 4 | B5: =IF(OR('局部木质部面积'!B5="",'局部木质部面积'!B5=0),"",('导管总数量'!B5*1000000)/'局部木质部面积'!B5) | C5: =IF(OR('局部木质部面积'!C5="",'局部木质部面积'!C5=0),"",('导管总数量'!C5*1000000)/'局部木质部面积'!C5) | D5: =IF(OR('局部木质部面积'!D5="",'局部木质部面积'!D5=0),"",('导管总数量'!D5*1000000)/'局部木质部面积'!D5) | E5: =IF(COUNT(B5:D5)=0,"",AVERAGE(B5:D5))
A6: 5 | B6: =IF(OR('局部木质部面积'!B6="",'局部木质部面积'!B6=0),"",('导管总数量'!B6*1000000)/'局部木质部面积'!B6) | C6: =IF(OR('局部木质部面积'!C6="",'局部木质部面积'!C6=0),"",('导管总数量'!C6*1000000)/'局部木质部面积'!C6) | D6: =IF(OR('局部木质部面积'!D6="",'局部木质部面积'!D6=0),"",('导管总数量'!D6*1000000)/'局部木质部面积'!D6) | E6: =IF(COUNT(B6:D6)=0,"",AVERAGE(B6:D6))
A7: 6 | B7: =IF(OR('局部木质部面积'!B7="",'局部木质部面积'!B7=0),"",('导管总数量'!B7*1000000)/'局部木质部面积'!B7) | C7: =IF(OR('局部木质部面积'!C7="",'局部木质部面积'!C7=0),"",('导管总数量'!C7*1000000)/'局部木质部面积'!C7) | D7: =IF(OR('局部木质部面积'!D7="",'局部木质部面积'!D7=0),"",('导管总数量'!D7*1000000)/'局部木质部面积'!D7) | E7: =IF(COUNT(B7:D7)=0,"",AVERAGE(B7:D7)) | J7: 导管密度=导管总数量/局部木质部面积
A8: 7 | B8: =IF(OR('局部木质部面积'!B8="",'局部木质部面积'!B8=0),"",('导管总数量'!B8*1000000)/'局部木质部面积'!B8) | C8: =IF(OR('局部木质部面积'!C8="",'局部木质部面积'!C8=0),"",('导管总数量'!C8*1000000)/'局部木质部面积'!C8) | D8: =IF(OR('局部木质部面积'!D8="",'局部木质部面积'!D8=0),"",('导管总数量'!D8*1000000)/'局部木质部面积'!D8) | E8: =IF(COUNT(B8:D8)=0,"",AVERAGE(B8:D8))
A9: 8 | B9: =IF(OR('局部木质部面积'!B9="",'局部木质部面积'!B9=0),"",('导管总数量'!B9*1000000)/'局部木质部面积'!B9) | C9: =IF(OR('局部木质部面积'!C9="",'局部木质部面积'!C9=0),"",('导管总数量'!C9*1000000)/'局部木质部面积'!C9) | D9: =IF(OR('局部木质部面积'!D9="",'局部木质部面积'!D9=0),"",('导管总数量'!D9*1000000)/'局部木质部面积'!D9) | E9: =IF(COUNT(B9:D9)=0,"",AVERAGE(B9:D9))
A10: 9 | B10: =IF(OR('局部木质部面积'!B10="",'局部木质部面积'!B10=0),"",('导管总数量'!B10*1000000)/'局部木质部面积'!B10) | C10: =IF(OR('局部木质部面积'!C10="",'局部木质部面积'!C10=0),"",('导管总数量'!C10*1000000)/'局部木质部面积'!C10) | D10: =IF(OR('局部木质部面积'!D10="",'局部木质部面积'!D10=0),"",('导管总数量'!D10*1000000)/'局部木质部面积'!D10) | E10: =IF(COUNT(B10:D10)=0,"",AVERAGE(B10:D10))
A11: 10 | B11: =IF(OR('局部木质部面积'!B11="",'局部木质部面积'!B11=0),"",('导管总数量'!B11*1000000)/'局部木质部面积'!B11) | C11: =IF(OR('局部木质部面积'!C11="",'局部木质部面积'!C11=0),"",('导管总数量'!C11*1000000)/'局部木质部面积'!C11) | D11: =IF(OR('局部木质部面积'!D11="",'局部木质部面积'!D11=0),"",('导管总数量'!D11*1000000)/'局部木质部面积'!D11) | E11: =IF(COUNT(B11:D11)=0,"",AVERAGE(B11:D11))
A12: 11 | B12: =IF(OR('局部木质部面积'!B12="",'局部木质部面积'!B12=0),"",('导管总数量'!B12*1000000)/'局部木质部面积'!B12) | C12: =IF(OR('局部木质部面积'!C12="",'局部木质部面积'!C12=0),"",('导管总数量'!C12*1000000)/'局部木质部面积'!C12) | D12: =IF(OR('局部木质部面积'!D12="",'局部木质部面积'!D12=0),"",('导管总数量'!D12*1000000)/'局部木质部面积'!D12) | E12: =IF(COUNT(B12:D12)=0,"",AVERAGE(B12:D12))
A13: 12 | B13: =IF(OR('局部木质部面积'!B13="",'局部木质部面积'!B13=0),"",('导管总数量'!B13*1000000)/'局部木质部面积'!B13) | C13: =IF(OR('局部木质部面积'!C13="",'局部木质部面积'!C13=0),"",('导管总数量'!C13*1000000)/'局部木质部面积'!C13) | D13: =IF(OR('局部木质部面积'!D13="",'局部木质部面积'!D13=0),"",('导管总数量'!D13*1000000)/'局部木质部面积'!D13) | E13: =IF(COUNT(B13:D13)=0,"",AVERAGE(B13:D13))
A14: 13 | B14: =IF(OR('局部木质部面积'!B14="",'局部木质部面积'!B14=0),"",('导管总数量'!B14*1000000)/'局部木质部面积'!B14) | C14: =IF(OR('局部木质部面积'!C14="",'局部木质部面积'!C14=0),"",('导管总数量'!C14*1000000)/'局部木质部面积'!C14) | D14: =IF(OR('局部木质部面积'!D14="",'局部木质部面积'!D14=0),"",('导管总数量'!D14*1000000)/'局部木质部面积'!D14) | E14: =IF(COUNT(B14:D14)=0,"",AVERAGE(B14:D14))
A15: 14 | B15: =IF(OR('局部木质部面积'!B15="",'局部木质部面积'!B15=0),"",('导管总数量'!B15*1000000)/'局部木质部面积'!B15) | C15: =IF(OR('局部木质部面积'!C15="",'局部木质部面积'!C15=0),"",('导管总数量'!C15*1000000)/'局部木质部面积'!C15) | D15: =IF(OR('局部木质部面积'!D15="",'局部木质部面积'!D15=0),"",('导管总数量'!D15*1000000)/'局部木质部面积'!D15) | E15: =IF(COUNT(B15:D15)=0,"",AVERAGE(B15:D15))
A16: 15 | B16: =IF(OR('局部木质部面积'!B16="",'局部木质部面积'!B16=0),"",('导管总数量'!B16*1000000)/'局部木质部面积'!B16) | C16: =IF(OR('局部木质部面积'!C16="",'局部木质部面积'!C16=0),"",('导管总数量'!C16*1000000)/'局部木质部面积'!C16) | D16: =IF(OR('局部木质部面积'!D16="",'局部木质部面积'!D16=0),"",('导管总数量'!D16*1000000)/'局部木质部面积'!D16) | E16: =IF(COUNT(B16:D16)=0,"",AVERAGE(B16:D16))
A17: 16 | B17: =IF(OR('局部木质部面积'!B17="",'局部木质部面积'!B17=0),"",('导管总数量'!B17*1000000)/'局部木质部面积'!B17) | C17: =IF(OR('局部木质部面积'!C17="",'局部木质部面积'!C17=0),"",('导管总数量'!C17*1000000)/'局部木质部面积'!C17) | D17: =IF(OR('局部木质部面积'!D17="",'局部木质部面积'!D17=0),"",('导管总数量'!D17*1000000)/'局部木质部面积'!D17) | E17: =IF(COUNT(B17:D17)=0,"",AVERAGE(B17:D17))
A18: 17 | B18: =IF(OR('局部木质部面积'!B18="",'局部木质部面积'!B18=0),"",('导管总数量'!B18*1000000)/'局部木质部面积'!B18) | C18: =IF(OR('局部木质部面积'!C18="",'局部木质部面积'!C18=0),"",('导管总数量'!C18*1000000)/'局部木质部面积'!C18) | D18: =IF(OR('局部木质部面积'!D18="",'局部木质部面积'!D18=0),"",('导管总数量'!D18*1000000)/'局部木质部面积'!D18) | E18: =IF(COUNT(B18:D18)=0,"",AVERAGE(B18:D18))
A19: 18 | B19: =IF(OR('局部木质部面积'!B19="",'局部木质部面积'!B19=0),"",('导管总数量'!B19*1000000)/'局部木质部面积'!B19) | C19: =IF(OR('局部木质部面积'!C19="",'局部木质部面积'!C19=0),"",('导管总数量'!C19*1000000)/'局部木质部面积'!C19) | D19: =IF(OR('局部木质部面积'!D19="",'局部木质部面积'!D19=0),"",('导管总数量'!D19*1000000)/'局部木质部面积'!D19) | E19: =IF(COUNT(B19:D19)=0,"",AVERAGE(B19:D19)) | J19: 单位 vessels·mm⁻²
A20: 19 | B20: =IF(OR('局部木质部面积'!B20="",'局部木质部面积'!B20=0),"",('导管总数量'!B20*1000000)/'局部木质部面积'!B20) | C20: =IF(OR('局部木质部面积'!C20="",'局部木质部面积'!C20=0),"",('导管总数量'!C20*1000000)/'局部木质部面积'!C20) | D20: =IF(OR('局部木质部面积'!D20="",'局部木质部面积'!D20=0),"",('导管总数量'!D20*1000000)/'局部木质部面积'!D20) | E20: =IF(COUNT(B20:D20)=0,"",AVERAGE(B20:D20))
A21: 20 | B21: =IF(OR('局部木质部面积'!B21="",'局部木质部面积'!B21=0),"",('导管总数量'!B21*1000000)/'局部木质部面积'!B21) | C21: =IF(OR('局部木质部面积'!C21="",'局部木质部面积'!C21=0),"",('导管总数量'!C21*1000000)/'局部木质部面积'!C21) | D21: =IF(OR('局部木质部面积'!D21="",'局部木质部面积'!D21=0),"",('导管总数量'!D21*1000000)/'局部木质部面积'!D21) | E21: =IF(COUNT(B21:D21)=0,"",AVERAGE(B21:D21))
A22: 21 | B22: =IF(OR('局部木质部面积'!B22="",'局部木质部面积'!B22=0),"",('导管总数量'!B22*1000000)/'局部木质部面积'!B22) | C22: =IF(OR('局部木质部面积'!C22="",'局部木质部面积'!C22=0),"",('导管总数量'!C22*1000000)/'局部木质部面积'!C22) | D22: =IF(OR('局部木质部面积'!D22="",'局部木质部面积'!D22=0),"",('导管总数量'!D22*1000000)/'局部木质部面积'!D22) | E22: =IF(COUNT(B22:D22)=0,"",AVERAGE(B22:D22))
A23: 22 | B23: =IF(OR('局部木质部面积'!B23="",'局部木质部面积'!B23=0),"",('导管总数量'!B23*1000000)/'局部木质部面积'!B23) | C23: =IF(OR('局部木质部面积'!C23="",'局部木质部面积'!C23=0),"",('导管总数量'!C23*1000000)/'局部木质部面积'!C23) | D23: =IF(OR('局部木质部面积'!D23="",'局部木质部面积'!D23=0),"",('导管总数量'!D23*1000000)/'局部木质部面积'!D23) | E23: =IF(COUNT(B23:D23)=0,"",AVERAGE(B23:D23)) | J23: 需要换算一下单位，因为前面的“局部木质部面积”单位是μm2，换算成mm2，再算
A24: 23 | B24: =IF(OR('局部木质部面积'!B24="",'局部木质部面积'!B24=0),"",('导管总数量'!B24*1000000)/'局部木质部面积'!B24) | C24: =IF(OR('局部木质部面积'!C24="",'局部木质部面积'!C24=0),"",('导管总数量'!C24*1000000)/'局部木质部面积'!C24) | D24: =IF(OR('局部木质部面积'!D24="",'局部木质部面积'!D24=0),"",('导管总数量'!D24*1000000)/'局部木质部面积'!D24) | E24: =IF(COUNT(B24:D24)=0,"",AVERAGE(B24:D24))
A25: 24 | B25: =IF(OR('局部木质部面积'!B25="",'局部木质部面积'!B25=0),"",('导管总数量'!B25*1000000)/'局部木质部面积'!B25) | C25: =IF(OR('局部木质部面积'!C25="",'局部木质部面积'!C25=0),"",('导管总数量'!C25*1000000)/'局部木质部面积'!C25) | D25: =IF(OR('局部木质部面积'!D25="",'局部木质部面积'!D25=0),"",('导管总数量'!D25*1000000)/'局部木质部面积'!D25) | E25: =IF(COUNT(B25:D25)=0,"",AVERAGE(B25:D25))
A26: 25 | B26: =IF(OR('局部木质部面积'!B26="",'局部木质部面积'!B26=0),"",('导管总数量'!B26*1000000)/'局部木质部面积'!B26) | C26: =IF(OR('局部木质部面积'!C26="",'局部木质部面积'!C26=0),"",('导管总数量'!C26*1000000)/'局部木质部面积'!C26) | D26: =IF(OR('局部木质部面积'!D26="",'局部木质部面积'!D26=0),"",('导管总数量'!D26*1000000)/'局部木质部面积'!D26) | E26: =IF(COUNT(B26:D26)=0,"",AVERAGE(B26:D26))
A27: 26 | B27: =IF(OR('局部木质部面积'!B27="",'局部木质部面积'!B27=0),"",('导管总数量'!B27*1000000)/'局部木质部面积'!B27) | C27: =IF(OR('局部木质部面积'!C27="",'局部木质部面积'!C27=0),"",('导管总数量'!C27*1000000)/'局部木质部面积'!C27) | D27: =IF(OR('局部木质部面积'!D27="",'局部木质部面积'!D27=0),"",('导管总数量'!D27*1000000)/'局部木质部面积'!D27) | E27: =IF(COUNT(B27:D27)=0,"",AVERAGE(B27:D27))
A28: 27 | B28: =IF(OR('局部木质部面积'!B28="",'局部木质部面积'!B28=0),"",('导管总数量'!B28*1000000)/'局部木质部面积'!B28) | C28: =IF(OR('局部木质部面积'!C28="",'局部木质部面积'!C28=0),"",('导管总数量'!C28*1000000)/'局部木质部面积'!C28) | D28: =IF(OR('局部木质部面积'!D28="",'局部木质部面积'!D28=0),"",('导管总数量'!D28*1000000)/'局部木质部面积'!D28) | E28: =IF(COUNT(B28:D28)=0,"",AVERAGE(B28:D28))
A29: 28 | B29: =IF(OR('局部木质部面积'!B29="",'局部木质部面积'!B29=0),"",('导管总数量'!B29*1000000)/'局部木质部面积'!B29) | C29: =IF(OR('局部木质部面积'!C29="",'局部木质部面积'!C29=0),"",('导管总数量'!C29*1000000)/'局部木质部面积'!C29) | D29: =IF(OR('局部木质部面积'!D29="",'局部木质部面积'!D29=0),"",('导管总数量'!D29*1000000)/'局部木质部面积'!D29) | E29: =IF(COUNT(B29:D29)=0,"",AVERAGE(B29:D29))
A30: 29 | B30: =IF(OR('局部木质部面积'!B30="",'局部木质部面积'!B30=0),"",('导管总数量'!B30*1000000)/'局部木质部面积'!B30) | C30: =IF(OR('局部木质部面积'!C30="",'局部木质部面积'!C30=0),"",('导管总数量'!C30*1000000)/'局部木质部面积'!C30) | D30: =IF(OR('局部木质部面积'!D30="",'局部木质部面积'!D30=0),"",('导管总数量'!D30*1000000)/'局部木质部面积'!D30) | E30: =IF(COUNT(B30:D30)=0,"",AVERAGE(B30:D30))
A31: 30 | B31: =IF(OR('局部木质部面积'!B31="",'局部木质部面积'!B31=0),"",('导管总数量'!B31*1000000)/'局部木质部面积'!B31) | C31: =IF(OR('局部木质部面积'!C31="",'局部木质部面积'!C31=0),"",('导管总数量'!C31*1000000)/'局部木质部面积'!C31) | D31: =IF(OR('局部木质部面积'!D31="",'局部木质部面积'!D31=0),"",('导管总数量'!D31*1000000)/'局部木质部面积'!D31) | E31: =IF(COUNT(B31:D31)=0,"",AVERAGE(B31:D31))
A32: 31 | B32: =IF(OR('局部木质部面积'!B32="",'局部木质部面积'!B32=0),"",('导管总数量'!B32*1000000)/'局部木质部面积'!B32) | C32: =IF(OR('局部木质部面积'!C32="",'局部木质部面积'!C32=0),"",('导管总数量'!C32*1000000)/'局部木质部面积'!C32) | D32: =IF(OR('局部木质部面积'!D32="",'局部木质部面积'!D32=0),"",('导管总数量'!D32*1000000)/'局部木质部面积'!D32) | E32: =IF(COUNT(B32:D32)=0,"",AVERAGE(B32:D32))
A33: 32 | B33: =IF(OR('局部木质部面积'!B33="",'局部木质部面积'!B33=0),"",('导管总数量'!B33*1000000)/'局部木质部面积'!B33) | C33: =IF(OR('局部木质部面积'!C33="",'局部木质部面积'!C33=0),"",('导管总数量'!C33*1000000)/'局部木质部面积'!C33) | D33: =IF(OR('局部木质部面积'!D33="",'局部木质部面积'!D33=0),"",('导管总数量'!D33*1000000)/'局部木质部面积'!D33) | E33: =IF(COUNT(B33:D33)=0,"",AVERAGE(B33:D33))
A34: 33 | B34: =IF(OR('局部木质部面积'!B34="",'局部木质部面积'!B34=0),"",('导管总数量'!B34*1000000)/'局部木质部面积'!B34) | C34: =IF(OR('局部木质部面积'!C34="",'局部木质部面积'!C34=0),"",('导管总数量'!C34*1000000)/'局部木质部面积'!C34) | D34: =IF(OR('局部木质部面积'!D34="",'局部木质部面积'!D34=0),"",('导管总数量'!D34*1000000)/'局部木质部面积'!D34) | E34: =IF(COUNT(B34:D34)=0,"",AVERAGE(B34:D34))
A35: 34 | B35: =IF(OR('局部木质部面积'!B35="",'局部木质部面积'!B35=0),"",('导管总数量'!B35*1000000)/'局部木质部面积'!B35) | C35: =IF(OR('局部木质部面积'!C35="",'局部木质部面积'!C35=0),"",('导管总数量'!C35*1000000)/'局部木质部面积'!C35) | D35: =IF(OR('局部木质部面积'!D35="",'局部木质部面积'!D35=0),"",('导管总数量'!D35*1000000)/'局部木质部面积'!D35) | E35: =IF(COUNT(B35:D35)=0,"",AVERAGE(B35:D35))
... A64: 63 | B64: =IF(OR('局部木质部面积'!B64="",'局部木质部面积'!B64=0),"",('导管总数量'!B64*1000000)/'局部木质部面积'!B64) | C64: =IF(OR('局部木质部面积'!C64="",'局部木质部面积'!C64=0),"",('导管总数量'!C64*1000000)/'局部木质部面积'!C64) | D64: =IF(OR('局部木质部面积'!D64="",'局部木质部面积'!D64=0),"",('导管总数量'!D64*1000000)/'局部木质部面积'!D64) | E64: =IF(COUNT(B64:D64)=0,"",AVERAGE(B64:D64))

Sheet 平均导管腔面积
A1: 样本序号 | B1: 平均导管腔面积1 | C1: 平均导管腔面积2 | D1: 平均导管腔面积3 | E1: 平均
A2: 1 | B2: =IF(OR('导管总数量'!B2="",'导管总数量'!B2=0),"",('导管（腔）总面积'!B2)/'导管总数量'!B2) | C2: =IF(OR('导管总数量'!C2="",'导管总数量'!C2=0),"",('导管（腔）总面积'!C2)/'导管总数量'!C2) | D2: =IF(OR('导管总数量'!D2="",'导管总数量'!D2=0),"",('导管（腔）总面积'!D2)/'导管总数量'!D2) | E2: =IF(COUNT(B2:D2)=0,"",AVERAGE(B2:D2))
A3: 2 | B3: =IF(OR('导管总数量'!B3="",'导管总数量'!B3=0),"",('导管（腔）总面积'!B3)/'导管总数量'!B3) | C3: =IF(OR('导管总数量'!C3="",'导管总数量'!C3=0),"",('导管（腔）总面积'!C3)/'导管总数量'!C3) | D3: =IF(OR('导管总数量'!D3="",'导管总数量'!D3=0),"",('导管（腔）总面积'!D3)/'导管总数量'!D3) | E3: =IF(COUNT(B3:D3)=0,"",AVERAGE(B3:D3))
A4: 3 | B4: =IF(OR('导管总数量'!B4="",'导管总数量'!B4=0),"",('导管（腔）总面积'!B4)/'导管总数量'!B4) | C4: =IF(OR('导管总数量'!C4="",'导管总数量'!C4=0),"",('导管（腔）总面积'!C4)/'导管总数量'!C4) | D4: =IF(OR('导管总数量'!D4="",'导管总数量'!D4=0),"",('导管（腔）总面积'!D4)/'导管总数量'!D4) | E4: =IF(COUNT(B4:D4)=0,"",AVERAGE(B4:D4))
A5: 4 | B5: =IF(OR('导管总数量'!B5="",'导管总数量'!B5=0),"",('导管（腔）总面积'!B5)/'导管总数量'!B5) | C5: =IF(OR('导管总数量'!C5="",'导管总数量'!C5=0),"",('导管（腔）总面积'!C5)/'导管总数量'!C5) | D5: =IF(OR('导管总数量'!D5="",'导管总数量'!D5=0),"",('导管（腔）总面积'!D5)/'导管总数量'!D5) | E5: =IF(COUNT(B5:D5)=0,"",AVERAGE(B5:D5))
A6: 5 | B6: =IF(OR('导管总数量'!B6="",'导管总数量'!B6=0),"",('导管（腔）总面积'!B6)/'导管总数量'!B6) | C6: =IF(OR('导管总数量'!C6="",'导管总数量'!C6=0),"",('导管（腔）总面积'!C6)/'导管总数量'!C6) | D6: =IF(OR('导管总数量'!D6="",'导管总数量'!D6=0),"",('导管（腔）总面积'!D6)/'导管总数量'!D6) | E6: =IF(COUNT(B6:D6)=0,"",AVERAGE(B6:D6))
A7: 6 | B7: =IF(OR('导管总数量'!B7="",'导管总数量'!B7=0),"",('导管（腔）总面积'!B7)/'导管总数量'!B7) | C7: =IF(OR('导管总数量'!C7="",'导管总数量'!C7=0),"",('导管（腔）总面积'!C7)/'导管总数量'!C7) | D7: =IF(OR('导管总数量'!D7="",'导管总数量'!D7=0),"",('导管（腔）总面积'!D7)/'导管总数量'!D7) | E7: =IF(COUNT(B7:D7)=0,"",AVERAGE(B7:D7)) | J7: 平均导管腔面积=导管（腔）总面积/导管总数量
A8: 7 | B8: =IF(OR('导管总数量'!B8="",'导管总数量'!B8=0),"",('导管（腔）总面积'!B8)/'导管总数量'!B8) | C8: =IF(OR('导管总数量'!C8="",'导管总数量'!C8=0),"",('导管（腔）总面积'!C8)/'导管总数量'!C8) | D8: =IF(OR('导管总数量'!D8="",'导管总数量'!D8=0),"",('导管（腔）总面积'!D8)/'导管总数量'!D8) | E8: =IF(COUNT(B8:D8)=0,"",AVERAGE(B8:D8))
A9: 8 | B9: =IF(OR('导管总数量'!B9="",'导管总数量'!B9=0),"",('导管（腔）总面积'!B9)/'导管总数量'!B9) | C9: =IF(OR('导管总数量'!C9="",'导管总数量'!C9=0),"",('导管（腔）总面积'!C9)/'导管总数量'!C9) | D9: =IF(OR('导管总数量'!D9="",'导管总数量'!D9=0),"",('导管（腔）总面积'!D9)/'导管总数量'!D9) | E9: =IF(COUNT(B9:D9)=0,"",AVERAGE(B9:D9))
A10: 9 | B10: =IF(OR('导管总数量'!B10="",'导管总数量'!B10=0),"",('导管（腔）总面积'!B10)/'导管总数量'!B10) | C10: =IF(OR('导管总数量'!C10="",'导管总数量'!C10=0),"",('导管（腔）总面积'!C10)/'导管总数量'!C10) | D10: =IF(OR('导管总数量'!D10="",'导管总数量'!D10=0),"",('导管（腔）总面积'!D10)/'导管总数量'!D10) | E10: =IF(COUNT(B10:D10)=0,"",AVERAGE(B10:D10))
A11: 10 | B11: =IF(OR('导管总数量'!B11="",'导管总数量'!B11=0),"",('导管（腔）总面积'!B11)/'导管总数量'!B11) | C11: =IF(OR('导管总数量'!C11="",'导管总数量'!C11=0),"",('导管（腔）总面积'!C11)/'导管总数量'!C11) | D11: =IF(OR('导管总数量'!D11="",'导管总数量'!D11=0),"",('导管（腔）总面积'!D11)/'导管总数量'!D11) | E11: =IF(COUNT(B11:D11)=0,"",AVERAGE(B11:D11))
A12: 11 | B12: =IF(OR('导管总数量'!B12="",'导管总数量'!B12=0),"",('导管（腔）总面积'!B12)/'导管总数量'!B12) | C12: =IF(OR('导管总数量'!C12="",'导管总数量'!C12=0),"",('导管（腔）总面积'!C12)/'导管总数量'!C12) | D12: =IF(OR('导管总数量'!D12="",'导管总数量'!D12=0),"",('导管（腔）总面积'!D12)/'导管总数量'!D12) | E12: =IF(COUNT(B12:D12)=0,"",AVERAGE(B12:D12))
A13: 12 | B13: =IF(OR('导管总数量'!B13="",'导管总数量'!B13=0),"",('导管（腔）总面积'!B13)/'导管总数量'!B13) | C13: =IF(OR('导管总数量'!C13="",'导管总数量'!C13=0),"",('导管（腔）总面积'!C13)/'导管总数量'!C13) | D13: =IF(OR('导管总数量'!D13="",'导管总数量'!D13=0),"",('导管（腔）总面积'!D13)/'导管总数量'!D13) | E13: =IF(COUNT(B13:D13)=0,"",AVERAGE(B13:D13))
A14: 13 | B14: =IF(OR('导管总数量'!B14="",'导管总数量'!B14=0),"",('导管（腔）总面积'!B14)/'导管总数量'!B14) | C14: =IF(OR('导管总数量'!C14="",'导管总数量'!C14=0),"",('导管（腔）总面积'!C14)/'导管总数量'!C14) | D14: =IF(OR('导管总数量'!D14="",'导管总数量'!D14=0),"",('导管（腔）总面积'!D14)/'导管总数量'!D14) | E14: =IF(COUNT(B14:D14)=0,"",AVERAGE(B14:D14))
A15: 14 | B15: =IF(OR('导管总数量'!B15="",'导管总数量'!B15=0),"",('导管（腔）总面积'!B15)/'导管总数量'!B15) | C15: =IF(OR('导管总数量'!C15="",'导管总数量'!C15=0),"",('导管（腔）总面积'!C15)/'导管总数量'!C15) | D15: =IF(OR('导管总数量'!D15="",'导管总数量'!D15=0),"",('导管（腔）总面积'!D15)/'导管总数量'!D15) | E15: =IF(COUNT(B15:D15)=0,"",AVERAGE(B15:D15))
A16: 15 | B16: =IF(OR('导管总数量'!B16="",'导管总数量'!B16=0),"",('导管（腔）总面积'!B16)/'导管总数量'!B16) | C16: =IF(OR('导管总数量'!C16="",'导管总数量'!C16=0),"",('导管（腔）总面积'!C16)/'导管总数量'!C16) | D16: =IF(OR('导管总数量'!D16="",'导管总数量'!D16=0),"",('导管（腔）总面积'!D16)/'导管总数量'!D16) | E16: =IF(COUNT(B16:D16)=0,"",AVERAGE(B16:D16))
A17: 16 | B17: =IF(OR('导管总数量'!B17="",'导管总数量'!B17=0),"",('导管（腔）总面积'!B17)/'导管总数量'!B17) | C17: =IF(OR('导管总数量'!C17="",'导管总数量'!C17=0),"",('导管（腔）总面积'!C17)/'导管总数量'!C17) | D17: =IF(OR('导管总数量'!D17="",'导管总数量'!D17=0),"",('导管（腔）总面积'!D17)/'导管总数量'!D17) | E17: =IF(COUNT(B17:D17)=0,"",AVERAGE(B17:D17))
A18: 17 | B18: =IF(OR('导管总数量'!B18="",'导管总数量'!B18=0),"",('导管（腔）总面积'!B18)/'导管总数量'!B18) | C18: =IF(OR('导管总数量'!C18="",'导管总数量'!C18=0),"",('导管（腔）总面积'!C18)/'导管总数量'!C18) | D18: =IF(OR('导管总数量'!D18="",'导管总数量'!D18=0),"",('导管（腔）总面积'!D18)/'导管总数量'!D18) | E18: =IF(COUNT(B18:D18)=0,"",AVERAGE(B18:D18)) | J18: 单位 μm²·vessel⁻¹，不需要换算单位
A19: 18 | B19: =IF(OR('导管总数量'!B19="",'导管总数量'!B19=0),"",('导管（腔）总面积'!B19)/'导管总数量'!B19) | C19: =IF(OR('导管总数量'!C19="",'导管总数量'!C19=0),"",('导管（腔）总面积'!C19)/'导管总数量'!C19) | D19: =IF(OR('导管总数量'!D19="",'导管总数量'!D19=0),"",('导管（腔）总面积'!D19)/'导管总数量'!D19) | E19: =IF(COUNT(B19:D19)=0,"",AVERAGE(B19:D19))
A20: 19 | B20: =IF(OR('导管总数量'!B20="",'导管总数量'!B20=0),"",('导管（腔）总面积'!B20)/'导管总数量'!B20) | C20: =IF(OR('导管总数量'!C20="",'导管总数量'!C20=0),"",('导管（腔）总面积'!C20)/'导管总数量'!C20) | D20: =IF(OR('导管总数量'!D20="",'导管总数量'!D20=0),"",('导管（腔）总面积'!D20)/'导管总数量'!D20) | E20: =IF(COUNT(B20:D20)=0,"",AVERAGE(B20:D20))
A21: 20 | B21: =IF(OR('导管总数量'!B21="",'导管总数量'!B21=0),"",('导管（腔）总面积'!B21)/'导管总数量'!B21) | C21: =IF(OR('导管总数量'!C21="",'导管总数量'!C21=0),"",('导管（腔）总面积'!C21)/'导管总数量'!C21) | D21: =IF(OR('导管总数量'!D21="",'导管总数量'!D21=0),"",('导管（腔）总面积'!D21)/'导管总数量'!D21) | E21: =IF(COUNT(B21:D21)=0,"",AVERAGE(B21:D21))
A22: 21 | B22: =IF(OR('导管总数量'!B22="",'导管总数量'!B22=0),"",('导管（腔）总面积'!B22)/'导管总数量'!B22) | C22: =IF(OR('导管总数量'!C22="",'导管总数量'!C22=0),"",('导管（腔）总面积'!C22)/'导管总数量'!C22) | D22: =IF(OR('导管总数量'!D22="",'导管总数量'!D22=0),"",('导管（腔）总面积'!D22)/'导管总数量'!D22) | E22: =IF(COUNT(B22:D22)=0,"",AVERAGE(B22:D22))
A23: 22 | B23: =IF(OR('导管总数量'!B23="",'导管总数量'!B23=0),"",('导管（腔）总面积'!B23)/'导管总数量'!B23) | C23: =IF(OR('导管总数量'!C23="",'导管总数量'!C23=0),"",('导管（腔）总面积'!C23)/'导管总数量'!C23) | D23: =IF(OR('导管总数量'!D23="",'导管总数量'!D23=0),"",('导管（腔）总面积'!D23)/'导管总数量'!D23) | E23: =IF(COUNT(B23:D23)=0,"",AVERAGE(B23:D23))
A24: 23 | B24: =IF(OR('导管总数量'!B24="",'导管总数量'!B24=0),"",('导管（腔）总面积'!B24)/'导管总数量'!B24) | C24: =IF(OR('导管总数量'!C24="",'导管总数量'!C24=0),"",('导管（腔）总面积'!C24)/'导管总数量'!C24) | D24: =IF(OR('导管总数量'!D24="",'导管总数量'!D24=0),"",('导管（腔）总面积'!D24)/'导管总数量'!D24) | E24: =IF(COUNT(B24:D24)=0,"",AVERAGE(B24:D24))
A25: 24 | B25: =IF(OR('导管总数量'!B25="",'导管总数量'!B25=0),"",('导管（腔）总面积'!B25)/'导管总数量'!B25) | C25: =IF(OR('导管总数量'!C25="",'导管总数量'!C25=0),"",('导管（腔）总面积'!C25)/'导管总数量'!C25) | D25: =IF(OR('导管总数量'!D25="",'导管总数量'!D25=0),"",('导管（腔）总面积'!D25)/'导管总数量'!D25) | E25: =IF(COUNT(B25:D25)=0,"",AVERAGE(B25:D25))
A26: 25 | B26: =IF(OR('导管总数量'!B26="",'导管总数量'!B26=0),"",('导管（腔）总面积'!B26)/'导管总数量'!B26) | C26: =IF(OR('导管总数量'!C26="",'导管总数量'!C26=0),"",('导管（腔）总面积'!C26)/'导管总数量'!C26) | D26: =IF(OR('导管总数量'!D26="",'导管总数量'!D26=0),"",('导管（腔）总面积'!D26)/'导管总数量'!D26) | E26: =IF(COUNT(B26:D26)=0,"",AVERAGE(B26:D26))
A27: 26 | B27: =IF(OR('导管总数量'!B27="",'导管总数量'!B27=0),"",('导管（腔）总面积'!B27)/'导管总数量'!B27) | C27: =IF(OR('导管总数量'!C27="",'导管总数量'!C27=0),"",('导管（腔）总面积'!C27)/'导管总数量'!C27) | D27: =IF(OR('导管总数量'!D27="",'导管总数量'!D27=0),"",('导管（腔）总面积'!D27)/'导管总数量'!D27) | E27: =IF(COUNT(B27:D27)=0,"",AVERAGE(B27:D27))
A28: 27 | B28: =IF(OR('导管总数量'!B28="",'导管总数量'!B28=0),"",('导管（腔）总面积'!B28)/'导管总数量'!B28) | C28: =IF(OR('导管总数量'!C28="",'导管总数量'!C28=0),"",('导管（腔）总面积'!C28)/'导管总数量'!C28) | D28: =IF(OR('导管总数量'!D28="",'导管总数量'!D28=0),"",('导管（腔）总面积'!D28)/'导管总数量'!D28) | E28: =IF(COUNT(B28:D28)=0,"",AVERAGE(B28:D28))
A29: 28 | B29: =IF(OR('导管总数量'!B29="",'导管总数量'!B29=0),"",('导管（腔）总面积'!B29)/'导管总数量'!B29) | C29: =IF(OR('导管总数量'!C29="",'导管总数量'!C29=0),"",('导管（腔）总面积'!C29)/'导管总数量'!C29) | D29: =IF(OR('导管总数量'!D29="",'导管总数量'!D29=0),"",('导管（腔）总面积'!D29)/'导管总数量'!D29) | E29: =IF(COUNT(B29:D29)=0,"",AVERAGE(B29:D29))
A30: 29 | B30: =IF(OR('导管总数量'!B30="",'导管总数量'!B30=0),"",('导管（腔）总面积'!B30)/'导管总数量'!B30) | C30: =IF(OR('导管总数量'!C30="",'导管总数量'!C30=0),"",('导管（腔）总面积'!C30)/'导管总数量'!C30) | D30: =IF(OR('导管总数量'!D30="",'导管总数量'!D30=0),"",('导管（腔）总面积'!D30)/'导管总数量'!D30) | E30: =IF(COUNT(B30:D30)=0,"",AVERAGE(B30:D30))
... A64: 63 | B64: =IF(OR('导管总数量'!B64="",'导管总数量'!B64=0),"",('导管（腔）总面积'!B64)/'导管总数量'!B64) | C64: =IF(OR('导管总数量'!C64="",'导管总数量'!C64=0),"",('导管（腔）总面积'!C64)/'导管总数量'!C64) | D64: =IF(OR('导管总数量'!D64="",'导管总数量'!D64=0),"",('导管（腔）总面积'!D64)/'导管总数量'!D64) | E64: =IF(COUNT(B64:D64)=0,"",AVERAGE(B64:D64))

Sheet 导管腔面积占木质部比例
A1: 样本序号 | B1: 导管腔面积占木质部比例1 | C1: 导管腔面积占木质部比例2 | D1: 导管腔面积占木质部比例3 | E1: 平均
A2: 1 | B2: =IF(OR('局部木质部面积'!B2="",'局部木质部面积'!B2=0),"",('导管（腔）总面积'!B2)/'局部木质部面积'!B2) | C2: =IF(OR('局部木质部面积'!C2="",'局部木质部面积'!C2=0),"",('导管（腔）总面积'!C2)/'局部木质部面积'!C2) | D2: =IF(OR('局部木质部面积'!D2="",'局部木质部面积'!D2=0),"",('导管（腔）总面积'!D2)/'局部木质部面积'!D2) | E2: =IF(COUNT(B2:D2)=0,"",AVERAGE(B2:D2))
A3: 2 | B3: =IF(OR('局部木质部面积'!B3="",'局部木质部面积'!B3=0),"",('导管（腔）总面积'!B3)/'局部木质部面积'!B3) | C3: =IF(OR('局部木质部面积'!C3="",'局部木质部面积'!C3=0),"",('导管（腔）总面积'!C3)/'局部木质部面积'!C3) | D3: =IF(OR('局部木质部面积'!D3="",'局部木质部面积'!D3=0),"",('导管（腔）总面积'!D3)/'局部木质部面积'!D3) | E3: =IF(COUNT(B3:D3)=0,"",AVERAGE(B3:D3))
A4: 3 | B4: =IF(OR('局部木质部面积'!B4="",'局部木质部面积'!B4=0),"",('导管（腔）总面积'!B4)/'局部木质部面积'!B4) | C4: =IF(OR('局部木质部面积'!C4="",'局部木质部面积'!C4=0),"",('导管（腔）总面积'!C4)/'局部木质部面积'!C4) | D4: =IF(OR('局部木质部面积'!D4="",'局部木质部面积'!D4=0),"",('导管（腔）总面积'!D4)/'局部木质部面积'!D4) | E4: =IF(COUNT(B4:D4)=0,"",AVERAGE(B4:D4))
A5: 4 | B5: =IF(OR('局部木质部面积'!B5="",'局部木质部面积'!B5=0),"",('导管（腔）总面积'!B5)/'局部木质部面积'!B5) | C5: =IF(OR('局部木质部面积'!C5="",'局部木质部面积'!C5=0),"",('导管（腔）总面积'!C5)/'局部木质部面积'!C5) | D5: =IF(OR('局部木质部面积'!D5="",'局部木质部面积'!D5=0),"",('导管（腔）总面积'!D5)/'局部木质部面积'!D5) | E5: =IF(COUNT(B5:D5)=0,"",AVERAGE(B5:D5))
A6: 5 | B6: =IF(OR('局部木质部面积'!B6="",'局部木质部面积'!B6=0),"",('导管（腔）总面积'!B6)/'局部木质部面积'!B6) | C6: =IF(OR('局部木质部面积'!C6="",'局部木质部面积'!C6=0),"",('导管（腔）总面积'!C6)/'局部木质部面积'!C6) | D6: =IF(OR('局部木质部面积'!D6="",'局部木质部面积'!D6=0),"",('导管（腔）总面积'!D6)/'局部木质部面积'!D6) | E6: =IF(COUNT(B6:D6)=0,"",AVERAGE(B6:D6))
A7: 6 | B7: =IF(OR('局部木质部面积'!B7="",'局部木质部面积'!B7=0),"",('导管（腔）总面积'!B7)/'局部木质部面积'!B7) | C7: =IF(OR('局部木质部面积'!C7="",'局部木质部面积'!C7=0),"",('导管（腔）总面积'!C7)/'局部木质部面积'!C7) | D7: =IF(OR('局部木质部面积'!D7="",'局部木质部面积'!D7=0),"",('导管（腔）总面积'!D7)/'局部木质部面积'!D7) | E7: =IF(COUNT(B7:D7)=0,"",AVERAGE(B7:D7)) | J7: 导管腔面积占木质部比例=导管（腔）总面积/局部木质部面积
A8: 7 | B8: =IF(OR('局部木质部面积'!B8="",'局部木质部面积'!B8=0),"",('导管（腔）总面积'!B8)/'局部木质部面积'!B8) | C8: =IF(OR('局部木质部面积'!C8="",'局部木质部面积'!C8=0),"",('导管（腔）总面积'!C8)/'局部木质部面积'!C8) | D8: =IF(OR('局部木质部面积'!D8="",'局部木质部面积'!D8=0),"",('导管（腔）总面积'!D8)/'局部木质部面积'!D8) | E8: =IF(COUNT(B8:D8)=0,"",AVERAGE(B8:D8))
A9: 8 | B9: =IF(OR('局部木质部面积'!B9="",'局部木质部面积'!B9=0),"",('导管（腔）总面积'!B9)/'局部木质部面积'!B9) | C9: =IF(OR('局部木质部面积'!C9="",'局部木质部面积'!C9=0),"",('导管（腔）总面积'!C9)/'局部木质部面积'!C9) | D9: =IF(OR('局部木质部面积'!D9="",'局部木质部面积'!D9=0),"",('导管（腔）总面积'!D9)/'局部木质部面积'!D9) | E9: =IF(COUNT(B9:D9)=0,"",AVERAGE(B9:D9))
A10: 9 | B10: =IF(OR('局部木质部面积'!B10="",'局部木质部面积'!B10=0),"",('导管（腔）总面积'!B10)/'局部木质部面积'!B10) | C10: =IF(OR('局部木质部面积'!C10="",'局部木质部面积'!C10=0),"",('导管（腔）总面积'!C10)/'局部木质部面积'!C10) | D10: =IF(OR('局部木质部面积'!D10="",'局部木质部面积'!D10=0),"",('导管（腔）总面积'!D10)/'局部木质部面积'!D10) | E10: =IF(COUNT(B10:D10)=0,"",AVERAGE(B10:D10))
A11: 10 | B11: =IF(OR('局部木质部面积'!B11="",'局部木质部面积'!B11=0),"",('导管（腔）总面积'!B11)/'局部木质部面积'!B11) | C11: =IF(OR('局部木质部面积'!C11="",'局部木质部面积'!C11=0),"",('导管（腔）总面积'!C11)/'局部木质部面积'!C11) | D11: =IF(OR('局部木质部面积'!D11="",'局部木质部面积'!D11=0),"",('导管（腔）总面积'!D11)/'局部木质部面积'!D11) | E11: =IF(COUNT(B11:D11)=0,"",AVERAGE(B11:D11))
A12: 11 | B12: =IF(OR('局部木质部面积'!B12="",'局部木质部面积'!B12=0),"",('导管（腔）总面积'!B12)/'局部木质部面积'!B12) | C12: =IF(OR('局部木质部面积'!C12="",'局部木质部面积'!C12=0),"",('导管（腔）总面积'!C12)/'局部木质部面积'!C12) | D12: =IF(OR('局部木质部面积'!D12="",'局部木质部面积'!D12=0),"",('导管（腔）总面积'!D12)/'局部木质部面积'!D12) | E12: =IF(COUNT(B12:D12)=0,"",AVERAGE(B12:D12))
A13: 12 | B13: =IF(OR('局部木质部面积'!B13="",'局部木质部面积'!B13=0),"",('导管（腔）总面积'!B13)/'局部木质部面积'!B13) | C13: =IF(OR('局部木质部面积'!C13="",'局部木质部面积'!C13=0),"",('导管（腔）总面积'!C13)/'局部木质部面积'!C13) | D13: =IF(OR('局部木质部面积'!D13="",'局部木质部面积'!D13=0),"",('导管（腔）总面积'!D13)/'局部木质部面积'!D13) | E13: =IF(COUNT(B13:D13)=0,"",AVERAGE(B13:D13))
A14: 13 | B14: =IF(OR('局部木质部面积'!B14="",'局部木质部面积'!B14=0),"",('导管（腔）总面积'!B14)/'局部木质部面积'!B14) | C14: =IF(OR('局部木质部面积'!C14="",'局部木质部面积'!C14=0),"",('导管（腔）总面积'!C14)/'局部木质部面积'!C14) | D14: =IF(OR('局部木质部面积'!D14="",'局部木质部面积'!D14=0),"",('导管（腔）总面积'!D14)/'局部木质部面积'!D14) | E14: =IF(COUNT(B14:D14)=0,"",AVERAGE(B14:D14))
A15: 14 | B15: =IF(OR('局部木质部面积'!B15="",'局部木质部面积'!B15=0),"",('导管（腔）总面积'!B15)/'局部木质部面积'!B15) | C15: =IF(OR('局部木质部面积'!C15="",'局部木质部面积'!C15=0),"",('导管（腔）总面积'!C15)/'局部木质部面积'!C15) | D15: =IF(OR('局部木质部面积'!D15="",'局部木质部面积'!D15=0),"",('导管（腔）总面积'!D15)/'局部木质部面积'!D15) | E15: =IF(COUNT(B15:D15)=0,"",AVERAGE(B15:D15))
A16: 15 | B16: =IF(OR('局部木质部面积'!B16="",'局部木质部面积'!B16=0),"",('导管（腔）总面积'!B16)/'局部木质部面积'!B16) | C16: =IF(OR('局部木质部面积'!C16="",'局部木质部面积'!C16=0),"",('导管（腔）总面积'!C16)/'局部木质部面积'!C16) | D16: =IF(OR('局部木质部面积'!D16="",'局部木质部面积'!D16=0),"",('导管（腔）总面积'!D16)/'局部木质部面积'!D16) | E16: =IF(COUNT(B16:D16)=0,"",AVERAGE(B16:D16))
A17: 16 | B17: =IF(OR('局部木质部面积'!B17="",'局部木质部面积'!B17=0),"",('导管（腔）总面积'!B17)/'局部木质部面积'!B17) | C17: =IF(OR('局部木质部面积'!C17="",'局部木质部面积'!C17=0),"",('导管（腔）总面积'!C17)/'局部木质部面积'!C17) | D17: =IF(OR('局部木质部面积'!D17="",'局部木质部面积'!D17=0),"",('导管（腔）总面积'!D17)/'局部木质部面积'!D17) | E17: =IF(COUNT(B17:D17)=0,"",AVERAGE(B17:D17))
A18: 17 | B18: =IF(OR('局部木质部面积'!B18="",'局部木质部面积'!B18=0),"",('导管（腔）总面积'!B18)/'局部木质部面积'!B18) | C18: =IF(OR('局部木质部面积'!C18="",'局部木质部面积'!C18=0),"",('导管（腔）总面积'!C18)/'局部木质部面积'!C18) | D18: =IF(OR('局部木质部面积'!D18="",'局部木质部面积'!D18=0),"",('导管（腔）总面积'!D18)/'局部木质部面积'!D18) | E18: =IF(COUNT(B18:D18)=0,"",AVERAGE(B18:D18))
A19: 18 | B19: =IF(OR('局部木质部面积'!B19="",'局部木质部面积'!B19=0),"",('导管（腔）总面积'!B19)/'局部木质部面积'!B19) | C19: =IF(OR('局部木质部面积'!C19="",'局部木质部面积'!C19=0),"",('导管（腔）总面积'!C19)/'局部木质部面积'!C19) | D19: =IF(OR('局部木质部面积'!D19="",'局部木质部面积'!D19=0),"",('导管（腔）总面积'!D19)/'局部木质部面积'!D19) | E19: =IF(COUNT(B19:D19)=0,"",AVERAGE(B19:D19))
... A64: 63 | B64: =IF(OR('局部木质部面积'!B64="",'局部木质部面积'!B64=0),"",('导管（腔）总面积'!B64)/'局部木质部面积'!B64) | C64: =IF(OR('局部木质部面积'!C64="",'局部木质部面积'!C64=0),"",('导管（腔）总面积'!C64)/'局部木质部面积'!C64) | D64: =IF(OR('局部木质部面积'!D64="",'局部木质部面积'!D64=0),"",('导管（腔）总面积'!D64)/'局部木质部面积'!D64) | E64: =IF(COUNT(B64:D64)=0,"",AVERAGE(B64:D64))

Sheet 3区域

Sheet 形成层连续性评分1（坏）-10（好）
A1: 样本序号 | B1: 形成层连续性评分1 | C1: 形成层连续性评分2 | D1: 形成层连续性评分3 | E1: 平均
A2: 1 | B2: 7 | C2: 7 | D2: 8 | E2: =IF(COUNT(B2:D2)=0,"",AVERAGE(B2:D2))
A3: 2 | B3: 7 | C3: 7 | D3: 7 | E3: =IF(COUNT(B3:D3)=0,"",AVERAGE(B3:D3))
A4: 3 | B4: 7 | C4: 5 | D4: 5 | E4: =IF(COUNT(B4:D4)=0,"",AVERAGE(B4:D4))
A5: 4 | B5: 7 | C5: 8 | D5: 8 | E5: =IF(COUNT(B5:D5)=0,"",AVERAGE(B5:D5))
A6: 5 | B6: 9 | C6: 9 | D6: 9 | E6: =IF(COUNT(B6:D6)=0,"",AVERAGE(B6:D6))
A7: 6 | B7: 8 | C7: 9 | D7: 9 | E7: =IF(COUNT(B7:D7)=0,"",AVERAGE(B7:D7))
A8: 7 | B8: 7 | C8: 6 | D8: 4 | E8: =IF(COUNT(B8:D8)=0,"",AVERAGE(B8:D8))
A9: 8 | B9: 5 | C9: 5 | D9: 8 | E9: =IF(COUNT(B9:D9)=0,"",AVERAGE(B9:D9))
A10: 9 | B10: 6 | C10: 7 | D10: 7 | E10: =IF(COUNT(B10:D10)=0,"",AVERAGE(B10:D10))
A11: 10 | B11: 9 | C11: 8 | D11: 8 | E11: =IF(COUNT(B11:D11)=0,"",AVERAGE(B11:D11))
A12: 11 | B12: 8 | C12: 6 | D12: 7 | E12: =IF(COUNT(B12:D12)=0,"",AVERAGE(B12:D12))
A13: 12 | B13: 8 | C13: 7 | D13: 8 | E13: =IF(COUNT(B13:D13)=0,"",AVERAGE(B13:D13))
... A64: 63 | B64: 8 | C64: 8 | D64: 7 | E64: =IF(COUNT(B64:D64)=0,"",AVERAGE(B64:D64))
