Workbook

Sheet 汇总
A1: 扫描电镜指标汇总（通用规则自动管线，格式同 Wand 模板）
A2: A/D/Dh：860个全部合格导管；CWR：112个唯一相贴导管对；224个CWR1/2只作侧别追溯，不视为独立重复。跨样品41–63（共23个）合并母表；Sheet1按样品分行。
A4: 统计层级 | B4: 数值 | C4: 单位 | D4: 解释
A5: n_vessel | B5: =COUNTA(导管母表_860!C2:C861) | C5: 个导管 | D5: A/D/Dh技术观测
A6: n_pair | B6: =COUNTA(导管对_CWR_112!A2:A113) | C6: 个导管对 | D6: CWR主统计单位
A7: n_component | B7: =2*B6 | C7: 个侧别分量 | D7: CWR1/2，仅追溯；非独立
A8: n_line | B8: =COUNT(TVW线测量明细!J2:J224) | C8: 条线 | D8: 壁内技术测量
A9: n_bio | B9: 23 | C9: 个样品 | D9: Sheet1每行一个样品生物学单位
A11: 统计量 | B11: Ai (μm²) | C11: Di (μm) | D11: TVW_pair (μm) | E11: CWR_pair | F11: 层级说明
A12: n | B12: =COUNT(导管母表_860!F2:F861) | C12: =COUNT(导管母表_860!G2:G861) | D12: =COUNT(导管对_CWR_112!K2:K113) | E12: =COUNT(导管对_CWR_112!S2:S113) | F12: 导管/导管对
A13: 均值 | B13: =AVERAGE(导管母表_860!F2:F861) | C13: =AVERAGE(导管母表_860!G2:G861) | D13: =AVERAGE(导管对_CWR_112!K2:K113) | E13: =AVERAGE(导管对_CWR_112!S2:S113) | F13: CWR为pair均值
A14: SD | B14: =STDEV(导管母表_860!F2:F861) | C14: =STDEV(导管母表_860!G2:G861) | D14: =STDEV(导管对_CWR_112!K2:K113) | E14: =STDEV(导管对_CWR_112!S2:S113) | F14: 技术变异
A15: 中位数 | B15: =MEDIAN(导管母表_860!F2:F861) | C15: =MEDIAN(导管母表_860!G2:G861) | D15: =MEDIAN(导管对_CWR_112!K2:K113) | E15: =MEDIAN(导管对_CWR_112!S2:S113) | F15: 稳健位置统计
A16: Q1 | B16: =QUARTILE(导管母表_860!F2:F861,1) | C16: =QUARTILE(导管母表_860!G2:G861,1) | D16: =QUARTILE(导管对_CWR_112!K2:K113,1) | E16: =QUARTILE(导管对_CWR_112!S2:S113,1) | F16: 25%分位
A17: Q3 | B17: =QUARTILE(导管母表_860!F2:F861,3) | C17: =QUARTILE(导管母表_860!G2:G861,3) | D17: =QUARTILE(导管对_CWR_112!K2:K113,3) | E17: =QUARTILE(导管对_CWR_112!S2:S113,3) | F17: 75%分位
A18: 最小 | B18: =MIN(导管母表_860!F2:F861) | C18: =MIN(导管母表_860!G2:G861) | D18: =MIN(导管对_CWR_112!K2:K113) | E18: =MIN(导管对_CWR_112!S2:S113)
A19: 最大 | B19: =MAX(导管母表_860!F2:F861) | C19: =MAX(导管母表_860!G2:G861) | D19: =MAX(导管对_CWR_112!K2:K113) | E19: =MAX(导管对_CWR_112!S2:S113)
A20: CV (%) | B20: =B14/B13*100 | C20: =C14/C13*100 | D20: =D14/D13*100 | E20: =E14/E13*100 | F20: SD/均值×100
A22: 一致性/水力指标 | B22: 结果 | C22: 单位 | D22: 公式或说明
A23: 侧别分量算术均值 | B23: =(SUM(导管对_CWR_112!Q2:Q113)+SUM(导管对_CWR_112!R2:R113))/(2*B6) | C23: 无量纲 | D23: 应与CWR_pair均值一致；统计n仍为n_pair
A24: CWR层级一致性误差 | B24: =ABS(B23-E13) | C24: 无量纲 | D24: 应为0（浮点容差内）
A25: Dh（全库合并，仅参考） | B25: =SUMPRODUCT(导管母表_860!G2:G861^5)/SUMPRODUCT(导管母表_860!G2:G861^4) | C25: μm | D25: ΣDi⁵/ΣDi⁴；正式按样品见Sheet1
A27: CWR方案 | B27: CWR均值 | C27: 与主值差异 (%) | D27: 用途
A28: 优化主值：TVW壁内均值(3–5线) | B28: =AVERAGE(导管对_CWR_112!S2:S113) | C28: 0 | D28: 主结果
A29: 优化敏感性：TVW壁内中位数 | B29: =AVERAGE(导管对_CWR_112!V2:V113) | C29: =B29/B28*100-100 | D29: 评估壁内汇总函数
A30: 旧单线法 | B30: =AVERAGE(导管对_CWR_112!T2:T113) | C30: =B30/B28*100-100 | D30: 评估单线选择影响
A31: Dtarget版本 | B31: =AVERAGE(导管对_CWR_112!X2:X113) | C31: =B31/B28*100-100 | D31: 仅方法敏感性；非主公式

Sheet 导管母表_860
A1: 序号 | B1: 图像文件 | C1: ROI编号 | D1: 导管序号 | E1: 状态 | F1: Ai (μm²) | G1: Di=2√(Ai/π) (μm) | H1: 周长 (μm) | I1: 中心X (px) | J1: 中心Y (px) | K1: Ai敏感性下限 | L1: Ai敏感性上限 | M1: Di敏感性下限 | N1: Di敏感性上限 | O1: Pair_ID（若用于CWR） | P1: 用于A/D/Dh | Q1: 来源/质控 | R1: 样品
A2: 1 | B2: 41 (1).tif | C2: 41(1)-V01 | D2: 1 | E2: primary | F2: 1226.4414 | G2: =2*SQRT(F2/PI()) | H2: 131.3911 | I2: 437 | J2: 334 | K2: 1201.9126 | L2: 1250.9702 | M2: =2*SQRT(K2/PI()) | N2: =2*SQRT(L2/PI()) | O2: 41(1)-P01 | P2: 是 | Q2: auto_pipeline;review_png_green | R2: 样品41
A3: 2 | B3: 41 (1).tif | C3: 41(1)-V02 | D3: 2 | E3: primary | F3: 437.12193 | G3: =2*SQRT(F3/PI()) | H3: 89.633869 | I3: 599 | J3: 342 | K3: 428.37949 | L3: 445.86437 | M3: =2*SQRT(K3/PI()) | N3: =2*SQRT(L3/PI()) | O3: 41(1)-P01 | P3: 是 | Q3: auto_pipeline;review_png_green | R3: 样品41
A4: 3 | B4: 41 (1).tif | C4: 41(1)-V03 | D4: 3 | E4: primary | F4: 96.786389 | G4: =2*SQRT(F4/PI()) | H4: 37.067319 | I4: 564 | J4: 335 | K4: 94.850662 | L4: 98.722117 | M4: =2*SQRT(K4/PI()) | N4: =2*SQRT(L4/PI()) | P4: 是 | Q4: auto_pipeline;review_png_green | R4: 样品41
A5: 4 | B5: 41 (1).tif | C5: 41(1)-V04 | D5: 4 | E5: primary | F5: 68.714556 | G5: =2*SQRT(F5/PI()) | H5: 31.638936 | I5: 612 | J5: 374 | K5: 67.340265 | L5: 70.088847 | M5: =2*SQRT(K5/PI()) | N5: =2*SQRT(L5/PI()) | P5: 是 | Q5: auto_pipeline;review_png_green | R5: 样品41
A6: 5 | B6: 41 (2).tif | C6: 41(2)-V01 | D6: 1 | E6: primary | F6: 1209.8062 | G6: =2*SQRT(F6/PI()) | H6: 130.62703 | I6: 379 | J6: 436 | K6: 1185.6101 | L6: 1234.0024 | M6: =2*SQRT(K6/PI()) | N6: =2*SQRT(L6/PI()) | P6: 是 | Q6: auto_pipeline;review_png_green | R6: 样品41
A7: 6 | B7: 41 (2).tif | C7: 41(2)-V02 | D7: 2 | E7: primary | F7: 680.48204 | G7: =2*SQRT(F7/PI()) | H7: 99.730315 | I7: 520 | J7: 106 | K7: 666.8724 | L7: 694.09168 | M7: =2*SQRT(K7/PI()) | N7: =2*SQRT(L7/PI()) | P7: 是 | Q7: auto_pipeline;review_png_green | R7: 样品41
A8: 7 | B8: 41 (2).tif | C8: 41(2)-V03 | D8: 3 | E8: primary | F8: 121.88091 | G8: =2*SQRT(F8/PI()) | H8: 45.508281 | I8: 708 | J8: 263 | K8: 119.44329 | L8: 124.31853 | M8: =2*SQRT(K8/PI()) | N8: =2*SQRT(L8/PI()) | P8: 是 | Q8: auto_pipeline;review_png_green | R8: 样品41
A9: 8 | B9: 41 (3).tif | C9: 41(3)-V01 | D9: 1 | E9: primary | F9: 1465.6191 | G9: =2*SQRT(F9/PI()) | H9: 156.60099 | I9: 356 | J9: 189 | K9: 1436.3067 | L9: 1494.9315 | M9: =2*SQRT(K9/PI()) | N9: =2*SQRT(L9/PI()) | P9: 是 | Q9: auto_pipeline;review_png_green | R9: 样品41
A10: 9 | B10: 41 (3).tif | C10: 41(3)-V02 | D10: 2 | E10: primary | F10: 141.96597 | G10: =2*SQRT(F10/PI()) | H10: 75.997364 | I10: 258 | J10: 419 | K10: 139.12665 | L10: 144.80529 | M10: =2*SQRT(K10/PI()) | N10: =2*SQRT(L10/PI()) | P10: 是 | Q10: auto_pipeline;review_png_green | R10: 样品41
A11: 10 | B11: 41 (4).tif | C11: 41(4)-V01 | D11: 1 | E11: primary | F11: 1025.5671 | G11: =2*SQRT(F11/PI()) | H11: 120.51248 | I11: 440 | J11: 364 | K11: 1005.0558 | L11: 1046.0784 | M11: =2*SQRT(K11/PI()) | N11: =2*SQRT(L11/PI()) | O11: 41(4)-P01 | P11: 是 | Q11: auto_pipeline;review_png_green | R11: 样品41
A12: 11 | B12: 41 (4).tif | C12: 41(4)-V02 | D12: 2 | E12: primary | F12: 854.20605 | G12: =2*SQRT(F12/PI()) | H12: 109.76121 | I12: 644 | J12: 326 | K12: 837.12193 | L12: 871.29017 | M12: =2*SQRT(K12/PI()) | N12: =2*SQRT(L12/PI()) | O12: 41(4)-P01 | P12: 是 | Q12: auto_pipeline;review_png_green | R12: 样品41
A13: 12 | B13: 41 (4).tif | C13: 41(4)-V03 | D13: 3 | E13: primary | F13: 197.9206 | G13: =2*SQRT(F13/PI()) | H13: 53.141476 | I13: 693 | J13: 371 | K13: 193.96219 | L13: 201.87902 | M13: =2*SQRT(K13/PI()) | N13: =2*SQRT(L13/PI()) | P13: 是 | Q13: auto_pipeline;review_png_green | R13: 样品41
A14: 13 | B14: 41 (4).tif | C14: 41(4)-V04 | D14: 4 | E14: primary | F14: 117.58034 | G14: =2*SQRT(F14/PI()) | H14: 42.899586 | I14: 289 | J14: 312 | K14: 115.22873 | L14: 119.93195 | M14: =2*SQRT(K14/PI()) | N14: =2*SQRT(L14/PI()) | P14: 是 | Q14: auto_pipeline;review_png_green | R14: 样品41
A15: 14 | B15: 41 (4).tif | C15: 41(4)-V05 | D15: 5 | E15: primary | F15: 115.50095 | G15: =2*SQRT(F15/PI()) | H15: 44.53322 | I15: 724 | J15: 244 | K15: 113.19093 | L15: 117.81096 | M15: =2*SQRT(K15/PI()) | N15: =2*SQRT(L15/PI()) | P15: 是 | Q15: auto_pipeline;review_png_green | R15: 样品41
A16: 15 | B16: 41 (4).tif | C16: 41(4)-V06 | D16: 6 | E16: primary | F16: 106.00189 | G16: =2*SQRT(F16/PI()) | H16: 41.054959 | I16: 534 | J16: 246 | K16: 103.88185 | L16: 108.12193 | M16: =2*SQRT(K16/PI()) | N16: =2*SQRT(L16/PI()) | P16: 是 | Q16: auto_pipeline;review_png_green | R16: 样品41
A17: 16 | B17: 41 (5).tif | C17: 41(5)-V01 | D17: 1 | E17: primary | F17: 959.16824 | G17: =2*SQRT(F17/PI()) | H17: 116.05916 | I17: 596 | J17: 388 | K17: 939.98488 | L17: 978.35161 | M17: =2*SQRT(K17/PI()) | N17: =2*SQRT(L17/PI()) | O17: 41(5)-P01 | P17: 是 | Q17: auto_pipeline;review_png_green | R17: 样品41
A18: 17 | B18: 41 (5).tif | C18: 41(5)-V02 | D18: 2 | E18: primary | F18: 955.41115 | G18: =2*SQRT(F18/PI()) | H18: 116.4412 | I18: 425 | J18: 345 | K18: 936.30293 | L18: 974.51938 | M18: =2*SQRT(K18/PI()) | N18: =2*SQRT(L18/PI()) | O18: 41(5)-P01 | P18: 是 | Q18: auto_pipeline;review_png_green | R18: 样品41
A19: 18 | B19: 41 (5).tif | C19: 41(5)-V03 | D19: 3 | E19: primary | F19: 431.94707 | G19: =2*SQRT(F19/PI()) | H19: 82.426406 | I19: 813 | J19: 61 | K19: 423.30813 | L19: 440.58601 | M19: =2*SQRT(K19/PI()) | N19: =2*SQRT(L19/PI()) | P19: 是 | Q19: auto_pipeline;review_png_green | R19: 样品41
A20: 19 | B20: 41 (5).tif | C20: 41(5)-V04 | D20: 4 | E20: primary | F20: 127.33932 | G20: =2*SQRT(F20/PI()) | H20: 46.101308 | I20: 521 | J20: 397 | K20: 124.79253 | L20: 129.88611 | M20: =2*SQRT(K20/PI()) | N20: =2*SQRT(L20/PI()) | P20: 是 | Q20: auto_pipeline;review_png_green | R20: 样品41
A21: 20 | B21: 41 (5).tif | C21: 41(5)-V05 | D21: 5 | E21: primary | F21: 123.13327 | G21: =2*SQRT(F21/PI()) | H21: 43.132426 | I21: 736 | J21: 361 | K21: 120.6706 | L21: 125.59594 | M21: =2*SQRT(K21/PI()) | N21: =2*SQRT(L21/PI()) | P21: 是 | Q21: auto_pipeline;review_png_green | R21: 样品41
A22: 21 | B22: 41 (5).tif | C22: 41(5)-V06 | D22: 6 | E22: primary | F22: 109.82987 | G22: =2*SQRT(F22/PI()) | H22: 42.79409 | I22: 603 | J22: 99 | K22: 107.63327 | L22: 112.02647 | M22: =2*SQRT(K22/PI()) | N22: =2*SQRT(L22/PI()) | P22: 是 | Q22: auto_pipeline;review_png_green | R22: 样品41
A23: 22 | B23: 41 (6).tif | C23: 41(6)-V01 | D23: 1 | E23: primary | F23: 1294.4707 | G23: =2*SQRT(F23/PI()) | H23: 134.84751 | I23: 627 | J23: 348 | K23: 1268.5813 | L23: 1320.3601 | M23: =2*SQRT(K23/PI()) | N23: =2*SQRT(L23/PI()) | P23: 是 | Q23: auto_pipeline;review_png_green | R23: 样品41
A24: 23 | B24: 41 (6).tif | C24: 41(6)-V02 | D24: 2 | E24: primary | F24: 1075.9924 | G24: =2*SQRT(F24/PI()) | H24: 123.58686 | I24: 406 | J24: 312 | K24: 1054.4726 | L24: 1097.5123 | M24: =2*SQRT(K24/PI()) | N24: =2*SQRT(L24/PI()) | P24: 是 | Q24: auto_pipeline;review_png_green | R24: 样品41
A25: 24 | B25: 41 (6).tif | C25: 41(6)-V03 | D25: 3 | E25: primary | F25: 697.96786 | G25: =2*SQRT(F25/PI()) | H25: 100.96007 | I25: 234 | J25: 107 | K25: 684.00851 | L25: 711.92722 | M25: =2*SQRT(K25/PI()) | N25: =2*SQRT(L25/PI()) | P25: 是 | Q25: auto_pipeline;review_png_green | R25: 样品41
A26: 25 | B26: 41 (6).tif | C26: 41(6)-V04 | D26: 4 | E26: primary | F26: 136.50756 | G26: =2*SQRT(F26/PI()) | H26: 46.355997 | I26: 888 | J26: 410 | K26: 133.77741 | L26: 139.23771 | M26: =2*SQRT(K26/PI()) | N26: =2*SQRT(L26/PI()) | P26: 是 | Q26: auto_pipeline;review_png_green | R26: 样品41
A27: 26 | B27: 41 (7).tif | C27: 41(7)-V01 | D27: 1 | E27: primary | F27: 605.931 | G27: =2*SQRT(F27/PI()) | H27: 92.07527 | I27: 577 | J27: 408 | K27: 593.81238 | L27: 618.04962 | M27: =2*SQRT(K27/PI()) | N27: =2*SQRT(L27/PI()) | P27: 是 | Q27: auto_pipeline;review_png_green | R27: 样品41
A28: 27 | B28: 41 (7).tif | C28: 41(7)-V02 | D28: 2 | E28: primary | F28: 542.20227 | G28: =2*SQRT(F28/PI()) | H28: 87.389108 | I28: 444 | J28: 358 | K28: 531.35822 | L28: 553.04631 | M28: =2*SQRT(K28/PI()) | N28: =2*SQRT(L28/PI()) | O28: 41(7)-P01 | P28: 是 | Q28: auto_pipeline;review_png_green | R28: 样品41
A29: 28 | B29: 41 (7).tif | C29: 41(7)-V03 | D29: 3 | E29: primary | F29: 96.242911 | G29: =2*SQRT(F29/PI()) | H29: 40.269041 | I29: 472 | J29: 390 | K29: 94.318053 | L29: 98.167769 | M29: =2*SQRT(K29/PI()) | N29: =2*SQRT(L29/PI()) | O29: 41(7)-P01 | P29: 是 | Q29: auto_pipeline;review_png_green | R29: 样品41
A30: 29 | B30: 41 (8).tif | C30: 41(8)-V01 | D30: 1 | E30: primary | F30: 1184.4282 | G30: =2*SQRT(F30/PI()) | H30: 129.65197 | I30: 424 | J30: 293 | K30: 1160.7396 | L30: 1208.1167 | M30: =2*SQRT(K30/PI()) | N30: =2*SQRT(L30/PI()) | P30: 是 | Q30: auto_pipeline;review_png_green | R30: 样品41
A31: 30 | B31: 42 (1).tif | C31: 42(1)-V01 | D31: 1 | E31: primary | F31: 833.74291 | G31: =2*SQRT(F31/PI()) | H31: 108.27677 | I31: 609 | J31: 385 | K31: 817.06805 | L31: 850.41777 | M31: =2*SQRT(K31/PI()) | N31: =2*SQRT(L31/PI()) | O31: 42(1)-P01 | P31: 是 | Q31: auto_pipeline;review_png_green | R31: 样品42
A32: 31 | B32: 42 (1).tif | C32: 42(1)-V02 | D32: 2 | E32: primary | F32: 586.43667 | G32: =2*SQRT(F32/PI()) | H32: 90.972864 | I32: 475 | J32: 277 | K32: 574.70794 | L32: 598.16541 | M32: =2*SQRT(K32/PI()) | N32: =2*SQRT(L32/PI()) | O32: 42(1)-P01 | P32: 是 | Q32: auto_pipeline;review_png_green | R32: 样品42
A33: 32 | B33: 42 (1).tif | C33: 42(1)-V03 | D33: 3 | E33: primary | F33: 173.65312 | G33: =2*SQRT(F33/PI()) | H33: 52.144566 | I33: 389 | J33: 337 | K33: 170.18006 | L33: 177.12618 | M33: =2*SQRT(K33/PI()) | N33: =2*SQRT(L33/PI()) | P33: 是 | Q33: auto_pipeline;review_png_green | R33: 样品42
A34: 33 | B34: 42 (1).tif | C34: 42(1)-V04 | D34: 4 | E34: primary | F34: 173.60586 | G34: =2*SQRT(F34/PI()) | H34: 52.144566 | I34: 480 | J34: 418 | K34: 170.13374 | L34: 177.07798 | M34: =2*SQRT(K34/PI()) | N34: =2*SQRT(L34/PI()) | P34: 是 | Q34: auto_pipeline;review_png_green | R34: 样品42
A35: 34 | B35: 42 (1).tif | C35: 42(1)-V05 | D35: 5 | E35: primary | F35: 137.47637 | G35: =2*SQRT(F35/PI()) | H35: 44.129336 | I35: 792 | J35: 602 | K35: 134.72684 | L35: 140.2259 | M35: =2*SQRT(K35/PI()) | N35: =2*SQRT(L35/PI()) | P35: 是 | Q35: auto_pipeline;review_png_green | R35: 样品42
A36: 35 | B36: 42 (1).tif | C36: 42(1)-V06 | D36: 6 | E36: primary | F36: 124.81096 | G36: =2*SQRT(F36/PI()) | H36: 43.259771 | I36: 725 | J36: 557 | K36: 122.31474 | L36: 127.30718 | M36: =2*SQRT(K36/PI()) | N36: =2*SQRT(L36/PI()) | P36: 是 | Q36: auto_pipeline;review_png_green | R36: 样品42
A37: 36 | B37: 42 (1).tif | C37: 42(1)-V07 | D37: 7 | E37: primary | F37: 110.11342 | G37: =2*SQRT(F37/PI()) | H37: 42.433904 | I37: 57 | J37: 557 | K37: 107.91115 | L37: 112.31569 | M37: =2*SQRT(K37/PI()) | N37: =2*SQRT(L37/PI()) | P37: 是 | Q37: auto_pipeline;review_png_green | R37: 样品42
A38: 37 | B38: 42 (2).tif | C38: 42(2)-V01 | D38: 1 | E38: primary | F38: 552.6465 | G38: =2*SQRT(F38/PI()) | H38: 88.003983 | I38: 566 | J38: 331 | K38: 541.59357 | L38: 563.69943 | M38: =2*SQRT(K38/PI()) | N38: =2*SQRT(L38/PI()) | P38: 是 | Q38: auto_pipeline;review_png_green | R38: 样品42
A39: 38 | B39: 42 (2).tif | C39: 42(2)-V02 | D39: 2 | E39: primary | F39: 469.99055 | G39: =2*SQRT(F39/PI()) | H39: 81.706035 | I39: 725 | J39: 195 | K39: 460.59074 | L39: 479.39036 | M39: =2*SQRT(K39/PI()) | N39: =2*SQRT(L39/PI()) | P39: 是 | Q39: auto_pipeline;review_png_green | R39: 样品42
A40: 39 | B40: 42 (2).tif | C40: 42(2)-V03 | D40: 3 | E40: primary | F40: 334.28639 | G40: =2*SQRT(F40/PI()) | H40: 68.728103 | I40: 302 | J40: 478 | K40: 327.60066 | L40: 340.97212 | M40: =2*SQRT(K40/PI()) | N40: =2*SQRT(L40/PI()) | O40: 42(2)-P01 | P40: 是 | Q40: auto_pipeline;review_png_green | R40: 样品42
A41: 40 | B41: 42 (2).tif | C41: 42(2)-V04 | D41: 4 | E41: primary | F41: 314.27221 | G41: =2*SQRT(F41/PI()) | H41: 73.054081 | I41: 203 | J41: 534 | K41: 307.98677 | L41: 320.55766 | M41: =2*SQRT(K41/PI()) | N41: =2*SQRT(L41/PI()) | O41: 42(2)-P01 | P41: 是 | Q41: auto_pipeline;review_png_green | R41: 样品42
A42: 41 | B42: 42 (2).tif | C42: 42(2)-V05 | D42: 5 | E42: primary | F42: 248.03875 | G42: =2*SQRT(F42/PI()) | H42: 59.206584 | I42: 857 | J42: 105 | K42: 243.07798 | L42: 252.99953 | M42: =2*SQRT(K42/PI()) | N42: =2*SQRT(L42/PI()) | P42: 是 | Q42: auto_pipeline;review_png_green | R42: 样品42
A43: 42 | B43: 42 (3).tif | C43: 42(3)-V01 | D43: 1 | E43: primary | F43: 531.14367 | G43: =2*SQRT(F43/PI()) | H43: 86.774232 | I43: 542 | J43: 340 | K43: 520.52079 | L43: 541.76654 | M43: =2*SQRT(K43/PI()) | N43: =2*SQRT(L43/PI()) | O43: 42(3)-P01 | P43: 是 | Q43: auto_pipeline;review_png_green | R43: 样品42
A44: 43 | B44: 42 (3).tif | C44: 42(3)-V02 | D44: 2 | E44: primary | F44: 508.1758 | G44: =2*SQRT(F44/PI()) | H44: 84.420226 | I44: 448 | J44: 439 | K44: 498.01229 | L44: 518.33932 | M44: =2*SQRT(K44/PI()) | N44: =2*SQRT(L44/PI()) | O44: 42(3)-P01 | P44: 是 | Q44: auto_pipeline;review_png_green | R44: 样品42
A45: 44 | B45: 42 (3).tif | C45: 42(3)-V03 | D45: 3 | E45: primary | F45: 422.9206 | G45: =2*SQRT(F45/PI()) | H45: 78.227774 | I45: 167 | J45: 457 | K45: 414.46219 | L45: 431.37902 | M45: =2*SQRT(K45/PI()) | N45: =2*SQRT(L45/PI()) | P45: 是 | Q45: auto_pipeline;review_png_green | R45: 样品42
A46: 45 | B46: 42 (3).tif | C46: 42(3)-V04 | D46: 4 | E46: primary | F46: 407.32514 | G46: =2*SQRT(F46/PI()) | H46: 75.768272 | I46: 287 | J46: 349 | K46: 399.17864 | L46: 415.47164 | M46: =2*SQRT(K46/PI()) | N46: =2*SQRT(L46/PI()) | P46: 是 | Q46: auto_pipeline;review_png_green | R46: 样品42
A47: 46 | B47: 42 (4).tif | C47: 42(4)-V01 | D47: 1 | E47: primary | F47: 1144.1399 | G47: =2*SQRT(F47/PI()) | H47: 126.81043 | I47: 384 | J47: 371 | K47: 1121.2571 | L47: 1167.0227 | M47: =2*SQRT(K47/PI()) | N47: =2*SQRT(L47/PI()) | P47: 是 | Q47: auto_pipeline;review_png_green | R47: 样品42
A48: 47 | B48: 42 (4).tif | C48: 42(4)-V02 | D48: 2 | E48: primary | F48: 999.1966 | G48: =2*SQRT(F48/PI()) | H48: 119.64292 | I48: 587 | J48: 330 | K48: 979.21267 | L48: 1019.1805 | M48: =2*SQRT(K48/PI()) | N48: =2*SQRT(L48/PI()) | P48: 是 | Q48: auto_pipeline;review_png_green | R48: 样品42
A49: 48 | B49: 42 (5).tif | C49: 42(5)-V01 | D49: 1 | E49: primary | F49: 738.68147 | G49: =2*SQRT(F49/PI()) | H49: 103.33592 | I49: 442 | J49: 437 | K49: 723.90784 | L49: 753.4551 | M49: =2*SQRT(K49/PI()) | N49: =2*SQRT(L49/PI()) | O49: 42(5)-P01 | P49: 是 | Q49: auto_pipeline;review_png_green | R49: 样品42
A50: 49 | B50: 42 (5).tif | C50: 42(5)-V02 | D50: 2 | E50: primary | F50: 656.45085 | G50: =2*SQRT(F50/PI()) | H50: 97.863839 | I50: 117 | J50: 432 | K50: 643.32183 | L50: 669.57987 | M50: =2*SQRT(K50/PI()) | N50: =2*SQRT(L50/PI()) | P50: 是 | Q50: auto_pipeline;review_png_green | R50: 样品42
A51: 50 | B51: 42 (5).tif | C51: 42(5)-V03 | D51: 3 | E51: primary | F51: 463.32703 | G51: =2*SQRT(F51/PI()) | H51: 82.32091 | I51: 517 | J51: 319 | K51: 454.06049 | L51: 472.59357 | M51: =2*SQRT(K51/PI()) | N51: =2*SQRT(L51/PI()) | O51: 42(5)-P01 | P51: 是 | Q51: auto_pipeline;review_png_green | R51: 样品42
A52: 51 | B52: 42 (5).tif | C52: 42(5)-V04 | D52: 4 | E52: primary | F52: 436.03497 | G52: =2*SQRT(F52/PI()) | H52: 78.864498 | I52: 171 | J52: 221 | K52: 427.31427 | L52: 444.75567 | M52: =2*SQRT(K52/PI()) | N52: =2*SQRT(L52/PI()) | P52: 是 | Q52: auto_pipeline;review_png_green | R52: 样品42
A53: 52 | B53: 42 (6).tif | C53: 42(6)-V01 | D53: 1 | E53: primary | F53: 654.74953 | G53: =2*SQRT(F53/PI()) | H53: 96.168407 | I53: 446 | J53: 443 | K53: 641.65454 | L53: 667.84452 | M53: =2*SQRT(K53/PI()) | N53: =2*SQRT(L53/PI()) | O53: 42(6)-P01 | P53: 是 | Q53: auto_pipeline;review_png_green | R53: 样品42
A54: 53 | B54: 42 (6).tif | C54: 42(6)-V02 | D54: 2 | E54: primary | F54: 528.61531 | G54: =2*SQRT(F54/PI()) | H54: 91.969775 | I54: 918 | J54: 116 | K54: 518.04301 | L54: 539.18762 | M54: =2*SQRT(K54/PI()) | N54: =2*SQRT(L54/PI()) | P54: 是 | Q54: auto_pipeline;review_png_green | R54: 样品42
A55: 54 | B55: 42 (6).tif | C55: 42(6)-V03 | D55: 3 | E55: primary | F55: 489.72117 | G55: =2*SQRT(F55/PI()) | H55: 84.187386 | I55: 515 | J55: 328 | K55: 479.92675 | L55: 499.5156 | M55: =2*SQRT(K55/PI()) | N55: =2*SQRT(L55/PI()) | O55: 42(6)-P01 | P55: 是 | Q55: auto_pipeline;review_png_green | R55: 样品42
A56: 55 | B56: 42 (6).tif | C56: 42(6)-V04 | D56: 4 | E56: primary | F56: 424.48015 | G56: =2*SQRT(F56/PI()) | H56: 80.687276 | I56: 111 | J56: 417 | K56: 415.99055 | L56: 432.96975 | M56: =2*SQRT(K56/PI()) | N56: =2*SQRT(L56/PI()) | P56: 是 | Q56: auto_pipeline;review_png_green | R56: 样品42
A57: 56 | B57: 42 (6).tif | C57: 42(6)-V05 | D57: 5 | E57: primary | F57: 383.19943 | G57: =2*SQRT(F57/PI()) | H57: 73.796301 | I57: 734 | J57: 214 | K57: 375.53544 | L57: 390.86342 | M57: =2*SQRT(K57/PI()) | N57: =2*SQRT(L57/PI()) | P57: 是 | Q57: auto_pipeline;review_png_green | R57: 样品42
A58: 57 | B58: 42 (7).tif | C58: 42(7)-V01 | D58: 1 | E58: primary | F58: 537.66541 | G58: =2*SQRT(F58/PI()) | H58: 87.749293 | I58: 744 | J58: 402 | K58: 526.9121 | L58: 548.41871 | M58: =2*SQRT(K58/PI()) | N58: =2*SQRT(L58/PI()) | O58: 42(7)-P01 | P58: 是 | Q58: auto_pipeline;review_png_green | R58: 样品42
A59: 58 | B59: 42 (7).tif | C59: 42(7)-V02 | D59: 2 | E59: primary | F59: 450.68526 | G59: =2*SQRT(F59/PI()) | H59: 81.324 | I59: 880 | J59: 423 | K59: 441.67155 | L59: 459.69896 | M59: =2*SQRT(K59/PI()) | N59: =2*SQRT(L59/PI()) | O59: 42(7)-P01 | P59: 是 | Q59: auto_pipeline;review_png_green | R59: 样品42
A60: 59 | B60: 42 (7).tif | C60: 42(7)-V03 | D60: 3 | E60: primary | F60: 446.00662 | G60: =2*SQRT(F60/PI()) | H60: 79.839559 | I60: 573 | J60: 359 | K60: 437.08648 | L60: 454.92675 | M60: =2*SQRT(K60/PI()) | N60: =2*SQRT(L60/PI()) | P60: 是 | Q60: auto_pipeline;review_png_green | R60: 样品42
A61: 60 | B61: 42 (8).tif | C61: 42(8)-V01 | D61: 1 | E61: primary | F61: 744.96692 | G61: =2*SQRT(F61/PI()) | H61: 102.46636 | I61: 431 | J61: 325 | K61: 730.06758 | L61: 759.86626 | M61: =2*SQRT(K61/PI()) | N61: =2*SQRT(L61/PI()) | P61: 是 | Q61: auto_pipeline;review_png_green | R61: 样品42
A62: 61 | B62: 42 (8).tif | C62: 42(8)-V02 | D62: 2 | E62: primary | F62: 713.32703 | G62: =2*SQRT(F62/PI()) | H62: 100.49438 | I62: 525 | J62: 104 | K62: 699.06049 | L62: 727.59357 | M62: =2*SQRT(K62/PI()) | N62: =2*SQRT(L62/PI()) | O62: 42(8)-P01 | P62: 是 | Q62: auto_pipeline;review_png_green | R62: 样品42
A63: 62 | B63: 42 (8).tif | C63: 42(8)-V03 | D63: 3 | E63: primary | F63: 646.10113 | G63: =2*SQRT(F63/PI()) | H63: 96.528592 | I63: 374 | J63: 67 | K63: 633.17911 | L63: 659.02316 | M63: =2*SQRT(K63/PI()) | N63: =2*SQRT(L63/PI()) | O63: 42(8)-P01 | P63: 是 | Q63: auto_pipeline;review_png_green | R63: 样品42
A64: 63 | B64: 42 (8).tif | C64: 42(8)-V04 | D64: 4 | E64: primary | F64: 145.65217 | G64: =2*SQRT(F64/PI()) | H64: 45.359087 | I64: 760 | J64: 528 | K64: 142.73913 | L64: 148.56522 | M64: =2*SQRT(K64/PI()) | N64: =2*SQRT(L64/PI()) | P64: 是 | Q64: auto_pipeline;review_png_green | R64: 样品42
A65: 64 | B65: 43 (1).tif | C65: 43(1)-V01 | D65: 1 | E65: primary | F65: 406.78166 | G65: =2*SQRT(F65/PI()) | H65: 76.510492 | I65: 729 | J65: 123 | K65: 398.64603 | L65: 414.9173 | M65: =2*SQRT(K65/PI()) | N65: =2*SQRT(L65/PI()) | P65: 是 | Q65: auto_pipeline;review_png_green | R65: 样品43
A66: 65 | B66: 43 (1).tif | C66: 43(1)-V02 | D66: 2 | E66: primary | F66: 347.3535 | G66: =2*SQRT(F66/PI()) | H66: 71.209454 | I66: 890 | J66: 539 | K66: 340.40643 | L66: 354.30057 | M66: =2*SQRT(K66/PI()) | N66: =2*SQRT(L66/PI()) | P66: 是 | Q66: auto_pipeline;review_png_green | R66: 样品43
A67: 66 | B67: 43 (1).tif | C67: 43(1)-V03 | D67: 3 | E67: primary | F67: 321.36106 | G67: =2*SQRT(F67/PI()) | H67: 69.215634 | I67: 497 | J67: 438 | K67: 314.93384 | L67: 327.78828 | M67: =2*SQRT(K67/PI()) | N67: =2*SQRT(L67/PI()) | P67: 是 | Q67: auto_pipeline;review_png_green | R67: 样品43
A68: 67 | B68: 43 (1).tif | C68: 43(1)-V04 | D68: 4 | E68: primary | F68: 265.21739 | G68: =2*SQRT(F68/PI()) | H68: 61.433245 | I68: 526 | J68: 338 | K68: 259.91304 | L68: 270.52174 | M68: =2*SQRT(K68/PI()) | N68: =2*SQRT(L68/PI()) | P68: 是 | Q68: auto_pipeline;review_png_green | R68: 样品43
A69: 68 | B69: 43 (2).tif | C69: 43(2)-V01 | D69: 1 | E69: primary | F69: 254.18242 | G69: =2*SQRT(F69/PI()) | H69: 60.076149 | I69: 455 | J69: 356 | K69: 249.09877 | L69: 259.26607 | M69: =2*SQRT(K69/PI()) | N69: =2*SQRT(L69/PI()) | P69: 是 | Q69: auto_pipeline;review_png_green | R69: 样品43
A70: 69 | B70: 43 (3).tif | C70: 43(3)-V01 | D70: 1 | E70: primary | F70: 399.5983 | G70: =2*SQRT(F70/PI()) | H70: 75.280742 | I70: 471 | J70: 297 | K70: 391.60633 | L70: 407.59026 | M70: =2*SQRT(K70/PI()) | N70: =2*SQRT(L70/PI()) | O70: 43(3)-P01 | P70: 是 | Q70: auto_pipeline;review_png_green | R70: 样品43
A71: 70 | B71: 43 (3).tif | C71: 43(3)-V02 | D71: 2 | E71: primary | F71: 330.38752 | G71: =2*SQRT(F71/PI()) | H71: 70.085199 | I71: 523 | J71: 406 | K71: 323.77977 | L71: 336.99527 | M71: =2*SQRT(K71/PI()) | N71: =2*SQRT(L71/PI()) | O71: 43(3)-P01 | P71: 是 | Q71: auto_pipeline;review_png_green | R71: 样品43
A72: 71 | B72: 43 (3).tif | C72: 43(3)-V03 | D72: 3 | E72: primary | F72: 254.77316 | G72: =2*SQRT(F72/PI()) | H72: 62.04812 | I72: 933 | J72: 506 | K72: 249.67769 | L72: 259.86862 | M72: =2*SQRT(K72/PI()) | N72: =2*SQRT(L72/PI()) | P72: 是 | Q72: auto_pipeline;review_png_green | R72: 样品43
A73: 72 | B73: 43 (3).tif | C73: 43(3)-V04 | D73: 4 | E73: primary | F73: 240.43006 | G73: =2*SQRT(F73/PI()) | H73: 62.026271 | I73: 337 | J73: 137 | K73: 235.62146 | L73: 245.23866 | M73: =2*SQRT(K73/PI()) | N73: =2*SQRT(L73/PI()) | P73: 是 | Q73: auto_pipeline;review_png_green | R73: 样品43
A74: 73 | B74: 43 (4).tif | C74: 43(4)-V01 | D74: 1 | E74: primary | F74: 342.67486 | G74: =2*SQRT(F74/PI()) | H74: 70.085199 | I74: 740 | J74: 137 | K74: 335.82136 | L74: 349.52836 | M74: =2*SQRT(K74/PI()) | N74: =2*SQRT(L74/PI()) | P74: 是 | Q74: auto_pipeline;review_png_green | R74: 样品43
A75: 74 | B75: 43 (4).tif | C75: 43(4)-V02 | D75: 2 | E75: primary | F75: 252.29206 | G75: =2*SQRT(F75/PI()) | H75: 60.436335 | I75: 542 | J75: 403 | K75: 247.24622 | L75: 257.3379 | M75: =2*SQRT(K75/PI()) | N75: =2*SQRT(L75/PI()) | O75: 43(4)-P01 | P75: 是 | Q75: auto_pipeline;review_png_green | R75: 样品43
A76: 75 | B76: 43 (4).tif | C76: 43(4)-V03 | D76: 3 | E76: primary | F76: 235.27883 | G76: =2*SQRT(F76/PI()) | H76: 58.951894 | I76: 487 | J76: 335 | K76: 230.57325 | L76: 239.9844 | M76: =2*SQRT(K76/PI()) | N76: =2*SQRT(L76/PI()) | O76: 43(4)-P01 | P76: 是 | Q76: auto_pipeline;review_png_green | R76: 样品43
A77: 76 | B77: 43 (4).tif | C77: 43(4)-V04 | D77: 4 | E77: primary | F77: 117.74575 | G77: =2*SQRT(F77/PI()) | H77: 41.902675 | I77: 413 | J77: 172 | K77: 115.39083 | L77: 120.10066 | M77: =2*SQRT(K77/PI()) | N77: =2*SQRT(L77/PI()) | P77: 是 | Q77: auto_pipeline;review_png_green | R77: 样品43
A78: 77 | B78: 43 (5).tif | C78: 43(5)-V01 | D78: 1 | E78: primary | F78: 534.59357 | G78: =2*SQRT(F78/PI()) | H78: 86.774232 | I78: 509 | J78: 444 | K78: 523.9017 | L78: 545.28544 | M78: =2*SQRT(K78/PI()) | N78: =2*SQRT(L78/PI()) | O78: 43(5)-P01 | P78: 是 | Q78: auto_pipeline;review_png_green | R78: 样品43
A79: 78 | B79: 43 (5).tif | C79: 43(5)-V02 | D79: 2 | E79: primary | F79: 291.30435 | G79: =2*SQRT(F79/PI()) | H79: 64.762312 | I79: 514 | J79: 328 | K79: 285.47826 | L79: 297.13043 | M79: =2*SQRT(K79/PI()) | N79: =2*SQRT(L79/PI()) | O79: 43(5)-P01 | P79: 是 | Q79: auto_pipeline;review_png_green | R79: 样品43
A80: 79 | B80: 43 (6).tif | C80: 43(6)-V01 | D80: 1 | E80: primary | F80: 530.24575 | G80: =2*SQRT(F80/PI()) | H80: 86.519542 | I80: 460 | J80: 469 | K80: 519.64083 | L80: 540.85066 | M80: =2*SQRT(K80/PI()) | N80: =2*SQRT(L80/PI()) | P80: 是 | Q80: auto_pipeline;review_png_green | R80: 样品43
A81: 80 | B81: 43 (6).tif | C81: 43(6)-V02 | D81: 2 | E81: primary | F81: 431.07278 | G81: =2*SQRT(F81/PI()) | H81: 77.740243 | I81: 498 | J81: 332 | K81: 422.45132 | L81: 439.69423 | M81: =2*SQRT(K81/PI()) | N81: =2*SQRT(L81/PI()) | P81: 是 | Q81: auto_pipeline;review_png_green | R81: 样品43
A82: 81 | B82: 43 (6).tif | C82: 43(6)-V03 | D82: 3 | E82: primary | F82: 142.58034 | G82: =2*SQRT(F82/PI()) | H82: 46.228653 | I82: 963 | J82: 51 | K82: 139.72873 | L82: 145.43195 | M82: =2*SQRT(K82/PI()) | N82: =2*SQRT(L82/PI()) | P82: 是 | Q82: auto_pipeline;review_png_green | R82: 样品43
A83: 82 | B83: 43 (7).tif | C83: 43(7)-V01 | D83: 1 | E83: primary | F83: 384.90076 | G83: =2*SQRT(F83/PI()) | H83: 73.796301 | I83: 558 | J83: 409 | K83: 377.20274 | L83: 392.59877 | M83: =2*SQRT(K83/PI()) | N83: =2*SQRT(L83/PI()) | P83: 是 | Q83: auto_pipeline;review_png_green | R83: 样品43
A84: 83 | B84: 43 (8).tif | C84: 43(8)-V01 | D84: 1 | E84: primary | F84: 671.7155 | G84: =2*SQRT(F84/PI()) | H84: 98.522413 | I84: 321 | J84: 530 | K84: 658.28119 | L84: 685.14981 | M84: =2*SQRT(K84/PI()) | N84: =2*SQRT(L84/PI()) | P84: 是 | Q84: auto_pipeline;review_png_green | R84: 样品43
A85: 84 | B85: 43 (8).tif | C85: 43(8)-V02 | D85: 2 | E85: primary | F85: 310.94045 | G85: =2*SQRT(F85/PI()) | H85: 66.374098 | I85: 565 | J85: 366 | K85: 304.72164 | L85: 317.15926 | M85: =2*SQRT(K85/PI()) | N85: =2*SQRT(L85/PI()) | P85: 是 | Q85: auto_pipeline;review_png_green | R85: 样品43
A86: 85 | B86: 43 (8).tif | C86: 43(8)-V03 | D86: 3 | E86: primary | F86: 229.93856 | G86: =2*SQRT(F86/PI()) | H86: 58.231523 | I86: 444 | J86: 355 | K86: 225.33979 | L86: 234.53733 | M86: =2*SQRT(K86/PI()) | N86: =2*SQRT(L86/PI()) | P86: 是 | Q86: auto_pipeline;review_png_green | R86: 样品43
A87: 86 | B87: 43 (8).tif | C87: 43(8)-V04 | D87: 4 | E87: primary | F87: 225.59074 | G87: =2*SQRT(F87/PI()) | H87: 56.492392 | I87: 132 | J87: 371 | K87: 221.07892 | L87: 230.10255 | M87: =2*SQRT(K87/PI()) | N87: =2*SQRT(L87/PI()) | P87: 是 | Q87: auto_pipeline;review_png_green | R87: 样品43
A88: 87 | B88: 44 (1).tif | C88: 44(1)-V01 | D88: 1 | E88: primary | F88: 1349.1021 | G88: =2*SQRT(F88/PI()) | H88: 142.05872 | I88: 636 | J88: 397 | K88: 1322.12 | L88: 1376.0841 | M88: =2*SQRT(K88/PI()) | N88: =2*SQRT(L88/PI()) | P88: 是 | Q88: auto_pipeline;review_png_green | R88: 样品44
A89: 88 | B89: 44 (1).tif | C89: 44(1)-V02 | D89: 2 | E89: primary | F89: 638.98866 | G89: =2*SQRT(F89/PI()) | H89: 95.426186 | I89: 591 | J89: 381 | K89: 626.20888 | L89: 651.76843 | M89: =2*SQRT(K89/PI()) | N89: =2*SQRT(L89/PI()) | P89: 是 | Q89: auto_pipeline;review_png_green | R89: 样品44
A90: 89 | B90: 44 (1).tif | C90: 44(1)-V03 | D90: 3 | E90: primary | F90: 577.31569 | G90: =2*SQRT(F90/PI()) | H90: 91.84243 | I90: 351 | J90: 302 | K90: 565.76938 | L90: 588.862 | M90: =2*SQRT(K90/PI()) | N90: =2*SQRT(L90/PI()) | O90: 44(1)-P01 | P90: 是 | Q90: auto_pipeline;review_png_green | R90: 样品44
A91: 90 | B91: 44 (1).tif | C91: 44(1)-V04 | D91: 4 | E91: primary | F91: 373.81853 | G91: =2*SQRT(F91/PI()) | H91: 75.364388 | I91: 467 | J91: 332 | K91: 366.34216 | L91: 381.2949 | M91: =2*SQRT(K91/PI()) | N91: =2*SQRT(L91/PI()) | P91: 是 | Q91: auto_pipeline;review_png_green | R91: 样品44
A92: 91 | B92: 44 (1).tif | C92: 44(1)-V05 | D92: 5 | E92: primary | F92: 102.6465 | G92: =2*SQRT(F92/PI()) | H92: 39.825208 | I92: 167 | J92: 237 | K92: 100.59357 | L92: 104.69943 | M92: =2*SQRT(K92/PI()) | N92: =2*SQRT(L92/PI()) | P92: 是 | Q92: auto_pipeline;review_png_green | R92: 样品44
A93: 92 | B93: 44 (1).tif | C93: 44(1)-V06 | D93: 6 | E93: primary | F93: 17.745747 | G93: =2*SQRT(F93/PI()) | H93: 23.070628 | I93: 388 | J93: 336 | K93: 17.390832 | L93: 18.100662 | M93: =2*SQRT(K93/PI()) | N93: =2*SQRT(L93/PI()) | O93: 44(1)-P01 | P93: 是 | Q93: auto_pipeline;review_png_green | R93: 样品44
A94: 93 | B94: 44 (2).tif | C94: 44(2)-V01 | D94: 1 | E94: primary | F94: 797.30624 | G94: =2*SQRT(F94/PI()) | H94: 105.92277 | I94: 598 | J94: 370 | K94: 781.36011 | L94: 813.25236 | M94: =2*SQRT(K94/PI()) | N94: =2*SQRT(L94/PI()) | O94: 44(2)-P01 | P94: 是 | Q94: auto_pipeline;review_png_green | R94: 样品44
A95: 94 | B95: 44 (2).tif | C95: 44(2)-V02 | D95: 2 | E95: primary | F95: 762.52363 | G95: =2*SQRT(F95/PI()) | H95: 106.38845 | I95: 449 | J95: 329 | K95: 747.27316 | L95: 777.7741 | M95: =2*SQRT(K95/PI()) | N95: =2*SQRT(L95/PI()) | O95: 44(2)-P01 | P95: 是 | Q95: auto_pipeline;review_png_green | R95: 样品44
A96: 95 | B96: 44 (2).tif | C96: 44(2)-V03 | D96: 3 | E96: primary | F96: 40.642722 | G96: =2*SQRT(F96/PI()) | H96: 32.930485 | I96: 483 | J96: 367 | K96: 39.829868 | L96: 41.455577 | M96: =2*SQRT(K96/PI()) | N96: =2*SQRT(L96/PI()) | P96: 是 | Q96: auto_pipeline;review_png_green | R96: 样品44
A97: 96 | B97: 44 (3).tif | C97: 44(3)-V01 | D97: 1 | E97: primary | F97: 3192.0841 | G97: =2*SQRT(F97/PI()) | H97: 234.0029 | I97: 316 | J97: 291 | K97: 3128.2424 | L97: 3255.9258 | M97: =2*SQRT(K97/PI()) | N97: =2*SQRT(L97/PI()) | P97: 是 | Q97: auto_pipeline;review_png_green | R97: 样品44
A98: 97 | B98: 44 (3).tif | C98: 44(3)-V02 | D98: 2 | E98: primary | F98: 522.04631 | G98: =2*SQRT(F98/PI()) | H98: 86.901577 | I98: 439 | J98: 375 | K98: 511.60539 | L98: 532.48724 | M98: =2*SQRT(K98/PI()) | N98: =2*SQRT(L98/PI()) | O98: 44(3)-P01 | P98: 是 | Q98: auto_pipeline;review_png_green | R98: 样品44
A99: 98 | B99: 44 (3).tif | C99: 44(3)-V03 | D99: 3 | E99: primary | F99: 471.40832 | G99: =2*SQRT(F99/PI()) | H99: 85.799171 | I99: 606 | J99: 336 | K99: 461.98015 | L99: 480.83648 | M99: =2*SQRT(K99/PI()) | N99: =2*SQRT(L99/PI()) | O99: 44(3)-P01 | P99: 是 | Q99: auto_pipeline;review_png_green | R99: 样品44
A100: 99 | B100: 44 (4).tif | C100: 44(4)-V01 | D100: 1 | E100: primary | F100: 569.80151 | G100: =2*SQRT(F100/PI()) | H100: 89.488424 | I100: 743 | J100: 372 | K100: 558.40548 | L100: 581.19754 | M100: =2*SQRT(K100/PI()) | N100: =2*SQRT(L100/PI()) | P100: 是 | Q100: auto_pipeline;review_png_green | R100: 样品44
...

Sheet 候选导管审计
A1: Candidate_ID | B1: 图像文件 | C1: 中心X | D1: 中心Y | E1: 边界框 (xmin,ymin,xmax,ymax) | F1: 距最近视野边界 (px) | G1: 状态 | H1: reason_code | I1: 可可靠测量Ai/Di | J1: 主分析判定 | K1: Ai (μm²) | L1: Di (μm) | M1: 边界类别 | N1: 处理 | O1: 判定依据 | P1: 审计来源 | Q1: Pair_ID | R1: 样品
A2: 41(1)-V01 | B2: 41 (1).tif | C2: 437 | D2: 334 | E2: 349,240,526,429 | F2: 240 | G2: primary | H2: AUTO_VESSEL | I2: 是 | J2: 纳入 | K2: 1226.4414 | L2: =导管母表_860!G2 | M2: 视野内部 | N2: 纳入A/D/Dh；若有Pair_ID则纳入CWR | O2: 自动管线检出的合格导管腔。 | P2: auto_pipeline;review_png_green | Q2: 41(1)-P01 | R2: 样品41
A3: 41(1)-V02 | B3: 41 (1).tif | C3: 599 | D3: 342 | E3: 529,283,670,402 | F3: 283 | G3: primary | H3: AUTO_VESSEL | I3: 是 | J3: 纳入 | K3: 437.12193 | L3: =导管母表_860!G3 | M3: 视野内部 | N3: 纳入A/D/Dh；若有Pair_ID则纳入CWR | O3: 自动管线检出的合格导管腔。 | P3: auto_pipeline;review_png_green | Q3: 41(1)-P01 | R3: 样品41
A4: 41(1)-V03 | B4: 41 (1).tif | C4: 564 | D4: 335 | E4: 538,309,591,362 | F4: 309 | G4: primary | H4: AUTO_VESSEL | I4: 是 | J4: 纳入 | K4: 96.786389 | L4: =导管母表_860!G4 | M4: 视野内部 | N4: 纳入A/D/Dh；若有Pair_ID则纳入CWR | O4: 自动管线检出的合格导管腔。 | P4: auto_pipeline;review_png_green | R4: 样品41
A5: 41(1)-V04 | B5: 41 (1).tif | C5: 612 | D5: 374 | E5: 590,352,635,397 | F5: 352 | G5: primary | H5: AUTO_VESSEL | I5: 是 | J5: 纳入 | K5: 68.714556 | L5: =导管母表_860!G5 | M5: 视野内部 | N5: 纳入A/D/Dh；若有Pair_ID则纳入CWR | O5: 自动管线检出的合格导管腔。 | P5: auto_pipeline;review_png_green | R5: 样品41
A6: 41(2)-V01 | B6: 41 (2).tif | C6: 379 | D6: 436 | E6: 289,344,470,529 | F6: 239 | G6: primary | H6: AUTO_VESSEL | I6: 是 | J6: 纳入 | K6: 1209.8062 | L6: =导管母表_860!G6 | M6: 视野内部 | N6: 纳入A/D/Dh；若有Pair_ID则纳入CWR | O6: 自动管线检出的合格导管腔。 | P6: auto_pipeline;review_png_green | R6: 样品41
A7: 41(2)-V02 | B7: 41 (2).tif | C7: 520 | D7: 106 | E7: 445,42,596,171 | F7: 42 | G7: primary | H7: AUTO_VESSEL | I7: 是 | J7: 纳入 | K7: 680.48204 | L7: =导管母表_860!G7 | M7: 视野内部 | N7: 纳入A/D/Dh；若有Pair_ID则纳入CWR | O7: 自动管线检出的合格导管腔。 | P7: auto_pipeline;review_png_green | R7: 样品41
A8: 41(2)-V03 | B8: 41 (2).tif | C8: 708 | D8: 263 | E8: 686,223,731,304 | F8: 223 | G8: primary | H8: AUTO_VESSEL | I8: 是 | J8: 纳入 | K8: 121.88091 | L8: =导管母表_860!G8 | M8: 视野内部 | N8: 纳入A/D/Dh；若有Pair_ID则纳入CWR | O8: 自动管线检出的合格导管腔。 | P8: auto_pipeline;review_png_green | R8: 样品41
A9: 41(3)-V01 | B9: 41 (3).tif | C9: 356 | D9: 189 | E9: 247,75,466,304 | F9: 75 | G9: primary | H9: AUTO_VESSEL | I9: 是 | J9: 纳入 | K9: 1465.6191 | L9: =导管母表_860!G9 | M9: 视野内部 | N9: 纳入A/D/Dh；若有Pair_ID则纳入CWR | O9: 自动管线检出的合格导管腔。 | P9: auto_pipeline;review_png_green | R9: 样品41
A10: 41(3)-V02 | B10: 41 (3).tif | C10: 258 | D10: 419 | E10: 190,375,327,464 | F10: 190 | G10: primary | H10: AUTO_VESSEL | I10: 是 | J10: 纳入 | K10: 141.96597 | L10: =导管母表_860!G10 | M10: 视野内部 | N10: 纳入A/D/Dh；若有Pair_ID则纳入CWR | O10: 自动管线检出的合格导管腔。 | P10: auto_pipeline;review_png_green | R10: 样品41
A11: 41(4)-V01 | B11: 41 (4).tif | C11: 440 | D11: 364 | E11: 349,288,532,441 | F11: 288 | G11: primary | H11: AUTO_VESSEL | I11: 是 | J11: 纳入 | K11: 1025.5671 | L11: =导管母表_860!G11 | M11: 视野内部 | N11: 纳入A/D/Dh；若有Pair_ID则纳入CWR | O11: 自动管线检出的合格导管腔。 | P11: auto_pipeline;review_png_green | Q11: 41(4)-P01 | R11: 样品41
A12: 41(4)-V02 | B12: 41 (4).tif | C12: 644 | D12: 326 | E12: 563,255,726,398 | F12: 255 | G12: primary | H12: AUTO_VESSEL | I12: 是 | J12: 纳入 | K12: 854.20605 | L12: =导管母表_860!G12 | M12: 视野内部 | N12: 纳入A/D/Dh；若有Pair_ID则纳入CWR | O12: 自动管线检出的合格导管腔。 | P12: auto_pipeline;review_png_green | Q12: 41(4)-P01 | R12: 样品41
A13: 41(4)-V03 | B13: 41 (4).tif | C13: 693 | D13: 371 | E13: 656,334,731,409 | F13: 293 | G13: primary | H13: AUTO_VESSEL | I13: 是 | J13: 纳入 | K13: 197.9206 | L13: =导管母表_860!G13 | M13: 视野内部 | N13: 纳入A/D/Dh；若有Pair_ID则纳入CWR | O13: 自动管线检出的合格导管腔。 | P13: auto_pipeline;review_png_green | R13: 样品41
A14: 41(4)-V04 | B14: 41 (4).tif | C14: 289 | D14: 312 | E14: 255,287,324,338 | F14: 255 | G14: primary | H14: AUTO_VESSEL | I14: 是 | J14: 纳入 | K14: 117.58034 | L14: =导管母表_860!G14 | M14: 视野内部 | N14: 纳入A/D/Dh；若有Pair_ID则纳入CWR | O14: 自动管线检出的合格导管腔。 | P14: auto_pipeline;review_png_green | R14: 样品41
A15: 41(4)-V05 | B15: 41 (4).tif | C15: 724 | D15: 244 | E15: 683,225,766,264 | F15: 225 | G15: primary | H15: AUTO_VESSEL | I15: 是 | J15: 纳入 | K15: 115.50095 | L15: =导管母表_860!G15 | M15: 视野内部 | N15: 纳入A/D/Dh；若有Pair_ID则纳入CWR | O15: 自动管线检出的合格导管腔。 | P15: auto_pipeline;review_png_green | R15: 样品41
A16: 41(4)-V06 | B16: 41 (4).tif | C16: 534 | D16: 246 | E16: 500,224,569,269 | F16: 224 | G16: primary | H16: AUTO_VESSEL | I16: 是 | J16: 纳入 | K16: 106.00189 | L16: =导管母表_860!G16 | M16: 视野内部 | N16: 纳入A/D/Dh；若有Pair_ID则纳入CWR | O16: 自动管线检出的合格导管腔。 | P16: auto_pipeline;review_png_green | R16: 样品41
A17: 41(5)-V01 | B17: 41 (5).tif | C17: 596 | D17: 388 | E17: 511,312,682,465 | F17: 303 | G17: primary | H17: AUTO_VESSEL | I17: 是 | J17: 纳入 | K17: 959.16824 | L17: =导管母表_860!G17 | M17: 视野内部 | N17: 纳入A/D/Dh；若有Pair_ID则纳入CWR | O17: 自动管线检出的合格导管腔。 | P17: auto_pipeline;review_png_green | Q17: 41(5)-P01 | R17: 样品41
A18: 41(5)-V02 | B18: 41 (5).tif | C18: 425 | D18: 345 | E18: 342,267,509,424 | F18: 267 | G18: primary | H18: AUTO_VESSEL | I18: 是 | J18: 纳入 | K18: 955.41115 | L18: =导管母表_860!G18 | M18: 视野内部 | N18: 纳入A/D/Dh；若有Pair_ID则纳入CWR | O18: 自动管线检出的合格导管腔。 | P18: auto_pipeline;review_png_green | Q18: 41(5)-P01 | R18: 样品41
A19: 41(5)-V03 | B19: 41 (5).tif | C19: 813 | D19: 61 | E19: 747,12,880,111 | F19: 12 | G19: primary | H19: AUTO_VESSEL | I19: 是 | J19: 纳入 | K19: 431.94707 | L19: =导管母表_860!G19 | M19: 近边缘（<25 px） | N19: 纳入A/D/Dh；若有Pair_ID则纳入CWR | O19: 自动管线检出的合格导管腔。 | P19: auto_pipeline;review_png_green | R19: 样品41
A20: 41(5)-V04 | B20: 41 (5).tif | C20: 521 | D20: 397 | E20: 492,362,551,433 | F20: 335 | G20: primary | H20: AUTO_VESSEL | I20: 是 | J20: 纳入 | K20: 127.33932 | L20: =导管母表_860!G20 | M20: 视野内部 | N20: 纳入A/D/Dh；若有Pair_ID则纳入CWR | O20: 自动管线检出的合格导管腔。 | P20: auto_pipeline;review_png_green | R20: 样品41
A21: 41(5)-V05 | B21: 41 (5).tif | C21: 736 | D21: 361 | E21: 709,328,764,395 | F21: 260 | G21: primary | H21: AUTO_VESSEL | I21: 是 | J21: 纳入 | K21: 123.13327 | L21: =导管母表_860!G21 | M21: 视野内部 | N21: 纳入A/D/Dh；若有Pair_ID则纳入CWR | O21: 自动管线检出的合格导管腔。 | P21: auto_pipeline;review_png_green | R21: 样品41
A22: 41(5)-V06 | B22: 41 (5).tif | C22: 603 | D22: 99 | E22: 565,79,642,120 | F22: 79 | G22: primary | H22: AUTO_VESSEL | I22: 是 | J22: 纳入 | K22: 109.82987 | L22: =导管母表_860!G22 | M22: 视野内部 | N22: 纳入A/D/Dh；若有Pair_ID则纳入CWR | O22: 自动管线检出的合格导管腔。 | P22: auto_pipeline;review_png_green | R22: 样品41
A23: 41(6)-V01 | B23: 41 (6).tif | C23: 627 | D23: 348 | E23: 529,259,726,438 | F23: 259 | G23: primary | H23: AUTO_VESSEL | I23: 是 | J23: 纳入 | K23: 1294.4707 | L23: =导管母表_860!G23 | M23: 视野内部 | N23: 纳入A/D/Dh；若有Pair_ID则纳入CWR | O23: 自动管线检出的合格导管腔。 | P23: auto_pipeline;review_png_green | R23: 样品41
A24: 41(6)-V02 | B24: 41 (6).tif | C24: 406 | D24: 312 | E24: 319,227,494,398 | F24: 227 | G24: primary | H24: AUTO_VESSEL | I24: 是 | J24: 纳入 | K24: 1075.9924 | L24: =导管母表_860!G24 | M24: 视野内部 | N24: 纳入A/D/Dh；若有Pair_ID则纳入CWR | O24: 自动管线检出的合格导管腔。 | P24: auto_pipeline;review_png_green | R24: 样品41
A25: 41(6)-V03 | B25: 41 (6).tif | C25: 234 | D25: 107 | E25: 163,37,306,178 | F25: 37 | G25: primary | H25: AUTO_VESSEL | I25: 是 | J25: 纳入 | K25: 697.96786 | L25: =导管母表_860!G25 | M25: 视野内部 | N25: 纳入A/D/Dh；若有Pair_ID则纳入CWR | O25: 自动管线检出的合格导管腔。 | P25: auto_pipeline;review_png_green | R25: 样品41
A26: 41(6)-V04 | B26: 41 (6).tif | C26: 888 | D26: 410 | E26: 862,372,915,449 | F26: 109 | G26: primary | H26: AUTO_VESSEL | I26: 是 | J26: 纳入 | K26: 136.50756 | L26: =导管母表_860!G26 | M26: 视野内部 | N26: 纳入A/D/Dh；若有Pair_ID则纳入CWR | O26: 自动管线检出的合格导管腔。 | P26: auto_pipeline;review_png_green | R26: 样品41
A27: 41(7)-V01 | B27: 41 (7).tif | C27: 577 | D27: 408 | E27: 510,347,645,470 | F27: 298 | G27: primary | H27: AUTO_VESSEL | I27: 是 | J27: 纳入 | K27: 605.931 | L27: =导管母表_860!G27 | M27: 视野内部 | N27: 纳入A/D/Dh；若有Pair_ID则纳入CWR | O27: 自动管线检出的合格导管腔。 | P27: auto_pipeline;review_png_green | R27: 样品41
A28: 41(7)-V02 | B28: 41 (7).tif | C28: 444 | D28: 358 | E28: 386,295,503,422 | F28: 295 | G28: primary | H28: AUTO_VESSEL | I28: 是 | J28: 纳入 | K28: 542.20227 | L28: =导管母表_860!G28 | M28: 视野内部 | N28: 纳入A/D/Dh；若有Pair_ID则纳入CWR | O28: 自动管线检出的合格导管腔。 | P28: auto_pipeline;review_png_green | Q28: 41(7)-P01 | R28: 样品41
A29: 41(7)-V03 | B29: 41 (7).tif | C29: 472 | D29: 390 | E29: 445,360,500,421 | F29: 347 | G29: primary | H29: AUTO_VESSEL | I29: 是 | J29: 纳入 | K29: 96.242911 | L29: =导管母表_860!G29 | M29: 视野内部 | N29: 纳入A/D/Dh；若有Pair_ID则纳入CWR | O29: 自动管线检出的合格导管腔。 | P29: auto_pipeline;review_png_green | Q29: 41(7)-P01 | R29: 样品41
A30: 41(8)-V01 | B30: 41 (8).tif | C30: 424 | D30: 293 | E30: 330,207,519,380 | F30: 207 | G30: primary | H30: AUTO_VESSEL | I30: 是 | J30: 纳入 | K30: 1184.4282 | L30: =导管母表_860!G30 | M30: 视野内部 | N30: 纳入A/D/Dh；若有Pair_ID则纳入CWR | O30: 自动管线检出的合格导管腔。 | P30: auto_pipeline;review_png_green | R30: 样品41
A31: 42(1)-V01 | B31: 42 (1).tif | C31: 609 | D31: 385 | E31: 534,310,685,461 | F31: 307 | G31: primary | H31: AUTO_VESSEL | I31: 是 | J31: 纳入 | K31: 833.74291 | L31: =导管母表_860!G31 | M31: 视野内部 | N31: 纳入A/D/Dh；若有Pair_ID则纳入CWR | O31: 自动管线检出的合格导管腔。 | P31: auto_pipeline;review_png_green | Q31: 42(1)-P01 | R31: 样品42
A32: 42(1)-V02 | B32: 42 (1).tif | C32: 475 | D32: 277 | E32: 407,219,544,336 | F32: 219 | G32: primary | H32: AUTO_VESSEL | I32: 是 | J32: 纳入 | K32: 586.43667 | L32: =导管母表_860!G32 | M32: 视野内部 | N32: 纳入A/D/Dh；若有Pair_ID则纳入CWR | O32: 自动管线检出的合格导管腔。 | P32: auto_pipeline;review_png_green | Q32: 42(1)-P01 | R32: 样品42
A33: 42(1)-V03 | B33: 42 (1).tif | C33: 389 | D33: 337 | E33: 357,296,422,379 | F33: 296 | G33: primary | H33: AUTO_VESSEL | I33: 是 | J33: 纳入 | K33: 173.65312 | L33: =导管母表_860!G33 | M33: 视野内部 | N33: 纳入A/D/Dh；若有Pair_ID则纳入CWR | O33: 自动管线检出的合格导管腔。 | P33: auto_pipeline;review_png_green | R33: 样品42
A34: 42(1)-V04 | B34: 42 (1).tif | C34: 480 | D34: 418 | E34: 440,385,521,452 | F34: 316 | G34: primary | H34: AUTO_VESSEL | I34: 是 | J34: 纳入 | K34: 173.60586 | L34: =导管母表_860!G34 | M34: 视野内部 | N34: 纳入A/D/Dh；若有Pair_ID则纳入CWR | O34: 自动管线检出的合格导管腔。 | P34: auto_pipeline;review_png_green | R34: 样品42
A35: 42(1)-V05 | B35: 42 (1).tif | C35: 792 | D35: 602 | E35: 764,569,821,636 | F35: 132 | G35: primary | H35: AUTO_VESSEL | I35: 是 | J35: 纳入 | K35: 137.47637 | L35: =导管母表_860!G35 | M35: 视野内部 | N35: 纳入A/D/Dh；若有Pair_ID则纳入CWR | O35: 自动管线检出的合格导管腔。 | P35: auto_pipeline;review_png_green | R35: 样品42
A36: 42(1)-V06 | B36: 42 (1).tif | C36: 725 | D36: 557 | E36: 693,529,758,586 | F36: 182 | G36: primary | H36: AUTO_VESSEL | I36: 是 | J36: 纳入 | K36: 124.81096 | L36: =导管母表_860!G36 | M36: 视野内部 | N36: 纳入A/D/Dh；若有Pair_ID则纳入CWR | O36: 自动管线检出的合格导管腔。 | P36: auto_pipeline;review_png_green | R36: 样品42
A37: 42(1)-V07 | B37: 42 (1).tif | C37: 57 | D37: 557 | E37: 20,537,95,578 | F37: 20 | G37: primary | H37: AUTO_VESSEL | I37: 是 | J37: 纳入 | K37: 110.11342 | L37: =导管母表_860!G37 | M37: 近边缘（<25 px） | N37: 纳入A/D/Dh；若有Pair_ID则纳入CWR | O37: 自动管线检出的合格导管腔。 | P37: auto_pipeline;review_png_green | R37: 样品42
A38: 42(2)-V01 | B38: 42 (2).tif | C38: 566 | D38: 331 | E38: 506,269,627,394 | F38: 269 | G38: primary | H38: AUTO_VESSEL | I38: 是 | J38: 纳入 | K38: 552.6465 | L38: =导管母表_860!G38 | M38: 视野内部 | N38: 纳入A/D/Dh；若有Pair_ID则纳入CWR | O38: 自动管线检出的合格导管腔。 | P38: auto_pipeline;review_png_green | R38: 样品42
A39: 42(2)-V02 | B39: 42 (2).tif | C39: 725 | D39: 195 | E39: 663,144,788,247 | F39: 144 | G39: primary | H39: AUTO_VESSEL | I39: 是 | J39: 纳入 | K39: 469.99055 | L39: =导管母表_860!G39 | M39: 视野内部 | N39: 纳入A/D/Dh；若有Pair_ID则纳入CWR | O39: 自动管线检出的合格导管腔。 | P39: auto_pipeline;review_png_green | R39: 样品42
A40: 42(2)-V03 | B40: 42 (2).tif | C40: 302 | D40: 478 | E40: 254,431,351,526 | F40: 242 | G40: primary | H40: AUTO_VESSEL | I40: 是 | J40: 纳入 | K40: 334.28639 | L40: =导管母表_860!G40 | M40: 视野内部 | N40: 纳入A/D/Dh；若有Pair_ID则纳入CWR | O40: 自动管线检出的合格导管腔。 | P40: auto_pipeline;review_png_green | Q40: 42(2)-P01 | R40: 样品42
A41: 42(2)-V04 | B41: 42 (2).tif | C41: 203 | D41: 534 | E41: 141,495,266,574 | F41: 141 | G41: primary | H41: AUTO_VESSEL | I41: 是 | J41: 纳入 | K41: 314.27221 | L41: =导管母表_860!G41 | M41: 视野内部 | N41: 纳入A/D/Dh；若有Pair_ID则纳入CWR | O41: 自动管线检出的合格导管腔。 | P41: auto_pipeline;review_png_green | Q41: 42(2)-P01 | R41: 样品42
A42: 42(2)-V05 | B42: 42 (2).tif | C42: 857 | D42: 105 | E42: 813,67,902,144 | F42: 67 | G42: primary | H42: AUTO_VESSEL | I42: 是 | J42: 纳入 | K42: 248.03875 | L42: =导管母表_860!G42 | M42: 视野内部 | N42: 纳入A/D/Dh；若有Pair_ID则纳入CWR | O42: 自动管线检出的合格导管腔。 | P42: auto_pipeline;review_png_green | R42: 样品42
A43: 42(3)-V01 | B43: 42 (3).tif | C43: 542 | D43: 340 | E43: 477,285,608,396 | F43: 285 | G43: primary | H43: AUTO_VESSEL | I43: 是 | J43: 纳入 | K43: 531.14367 | L43: =导管母表_860!G43 | M43: 视野内部 | N43: 纳入A/D/Dh；若有Pair_ID则纳入CWR | O43: 自动管线检出的合格导管腔。 | P43: auto_pipeline;review_png_green | Q43: 42(3)-P01 | R43: 样品42
A44: 42(3)-V02 | B44: 42 (3).tif | C44: 448 | D44: 439 | E44: 388,382,509,497 | F44: 271 | G44: primary | H44: AUTO_VESSEL | I44: 是 | J44: 纳入 | K44: 508.1758 | L44: =导管母表_860!G44 | M44: 视野内部 | N44: 纳入A/D/Dh；若有Pair_ID则纳入CWR | O44: 自动管线检出的合格导管腔。 | P44: auto_pipeline;review_png_green | Q44: 42(3)-P01 | R44: 样品42
A45: 42(3)-V03 | B45: 42 (3).tif | C45: 167 | D45: 457 | E45: 109,406,226,509 | F45: 109 | G45: primary | H45: AUTO_VESSEL | I45: 是 | J45: 纳入 | K45: 422.9206 | L45: =导管母表_860!G45 | M45: 视野内部 | N45: 纳入A/D/Dh；若有Pair_ID则纳入CWR | O45: 自动管线检出的合格导管腔。 | P45: auto_pipeline;review_png_green | R45: 样品42
A46: 42(3)-V04 | B46: 42 (3).tif | C46: 287 | D46: 349 | E46: 238,293,337,406 | F46: 238 | G46: primary | H46: AUTO_VESSEL | I46: 是 | J46: 纳入 | K46: 407.32514 | L46: =导管母表_860!G46 | M46: 视野内部 | N46: 纳入A/D/Dh；若有Pair_ID则纳入CWR | O46: 自动管线检出的合格导管腔。 | P46: auto_pipeline;review_png_green | R46: 样品42
A47: 42(4)-V01 | B47: 42 (4).tif | C47: 384 | D47: 371 | E47: 291,288,478,455 | F47: 288 | G47: primary | H47: AUTO_VESSEL | I47: 是 | J47: 纳入 | K47: 1144.1399 | L47: =导管母表_860!G47 | M47: 视野内部 | N47: 纳入A/D/Dh；若有Pair_ID则纳入CWR | O47: 自动管线检出的合格导管腔。 | P47: auto_pipeline;review_png_green | R47: 样品42
A48: 42(4)-V02 | B48: 42 (4).tif | C48: 587 | D48: 330 | E48: 510,241,665,420 | F48: 241 | G48: primary | H48: AUTO_VESSEL | I48: 是 | J48: 纳入 | K48: 999.1966 | L48: =导管母表_860!G48 | M48: 视野内部 | N48: 纳入A/D/Dh；若有Pair_ID则纳入CWR | O48: 自动管线检出的合格导管腔。 | P48: auto_pipeline;review_png_green | R48: 样品42
A49: 42(5)-V01 | B49: 42 (5).tif | C49: 442 | D49: 437 | E49: 362,374,523,501 | F49: 267 | G49: primary | H49: AUTO_VESSEL | I49: 是 | J49: 纳入 | K49: 738.68147 | L49: =导管母表_860!G49 | M49: 视野内部 | N49: 纳入A/D/Dh；若有Pair_ID则纳入CWR | O49: 自动管线检出的合格导管腔。 | P49: auto_pipeline;review_png_green | Q49: 42(5)-P01 | R49: 样品42
A50: 42(5)-V02 | B50: 42 (5).tif | C50: 117 | D50: 432 | E50: 51,361,184,504 | F50: 51 | G50: primary | H50: AUTO_VESSEL | I50: 是 | J50: 纳入 | K50: 656.45085 | L50: =导管母表_860!G50 | M50: 视野内部 | N50: 纳入A/D/Dh；若有Pair_ID则纳入CWR | O50: 自动管线检出的合格导管腔。 | P50: auto_pipeline;review_png_green | R50: 样品42
A51: 42(5)-V03 | B51: 42 (5).tif | C51: 517 | D51: 319 | E51: 453,269,582,370 | F51: 269 | G51: primary | H51: AUTO_VESSEL | I51: 是 | J51: 纳入 | K51: 463.32703 | L51: =导管母表_860!G51 | M51: 视野内部 | N51: 纳入A/D/Dh；若有Pair_ID则纳入CWR | O51: 自动管线检出的合格导管腔。 | P51: auto_pipeline;review_png_green | Q51: 42(5)-P01 | R51: 样品42
A52: 42(5)-V04 | B52: 42 (5).tif | C52: 171 | D52: 221 | E52: 121,162,222,281 | F52: 121 | G52: primary | H52: AUTO_VESSEL | I52: 是 | J52: 纳入 | K52: 436.03497 | L52: =导管母表_860!G52 | M52: 视野内部 | N52: 纳入A/D/Dh；若有Pair_ID则纳入CWR | O52: 自动管线检出的合格导管腔。 | P52: auto_pipeline;review_png_green | R52: 样品42
A53: 42(6)-V01 | B53: 42 (6).tif | C53: 446 | D53: 443 | E53: 378,378,515,509 | F53: 259 | G53: primary | H53: AUTO_VESSEL | I53: 是 | J53: 纳入 | K53: 654.74953 | L53: =导管母表_860!G53 | M53: 视野内部 | N53: 纳入A/D/Dh；若有Pair_ID则纳入CWR | O53: 自动管线检出的合格导管腔。 | P53: auto_pipeline;review_png_green | Q53: 42(6)-P01 | R53: 样品42
A54: 42(6)-V02 | B54: 42 (6).tif | C54: 918 | D54: 116 | E54: 842,65,995,168 | F54: 29 | G54: primary | H54: AUTO_VESSEL | I54: 是 | J54: 纳入 | K54: 528.61531 | L54: =导管母表_860!G54 | M54: 视野内部 | N54: 纳入A/D/Dh；若有Pair_ID则纳入CWR | O54: 自动管线检出的合格导管腔。 | P54: auto_pipeline;review_png_green | R54: 样品42
A55: 42(6)-V03 | B55: 42 (6).tif | C55: 515 | D55: 328 | E55: 449,278,582,379 | F55: 278 | G55: primary | H55: AUTO_VESSEL | I55: 是 | J55: 纳入 | K55: 489.72117 | L55: =导管母表_860!G55 | M55: 视野内部 | N55: 纳入A/D/Dh；若有Pair_ID则纳入CWR | O55: 自动管线检出的合格导管腔。 | P55: auto_pipeline;review_png_green | Q55: 42(6)-P01 | R55: 样品42
A56: 42(6)-V04 | B56: 42 (6).tif | C56: 111 | D56: 417 | E56: 49,366,174,469 | F56: 49 | G56: primary | H56: AUTO_VESSEL | I56: 是 | J56: 纳入 | K56: 424.48015 | L56: =导管母表_860!G56 | M56: 视野内部 | N56: 纳入A/D/Dh；若有Pair_ID则纳入CWR | O56: 自动管线检出的合格导管腔。 | P56: auto_pipeline;review_png_green | R56: 样品42
A57: 42(6)-V05 | B57: 42 (6).tif | C57: 734 | D57: 214 | E57: 679,167,790,262 | F57: 167 | G57: primary | H57: AUTO_VESSEL | I57: 是 | J57: 纳入 | K57: 383.19943 | L57: =导管母表_860!G57 | M57: 视野内部 | N57: 纳入A/D/Dh；若有Pair_ID则纳入CWR | O57: 自动管线检出的合格导管腔。 | P57: auto_pipeline;review_png_green | R57: 样品42
A58: 42(7)-V01 | B58: 42 (7).tif | C58: 744 | D58: 402 | E58: 683,341,806,464 | F58: 218 | G58: primary | H58: AUTO_VESSEL | I58: 是 | J58: 纳入 | K58: 537.66541 | L58: =导管母表_860!G58 | M58: 视野内部 | N58: 纳入A/D/Dh；若有Pair_ID则纳入CWR | O58: 自动管线检出的合格导管腔。 | P58: auto_pipeline;review_png_green | Q58: 42(7)-P01 | R58: 样品42
A59: 42(7)-V02 | B59: 42 (7).tif | C59: 880 | D59: 423 | E59: 817,373,944,474 | F59: 80 | G59: primary | H59: AUTO_VESSEL | I59: 是 | J59: 纳入 | K59: 450.68526 | L59: =导管母表_860!G59 | M59: 视野内部 | N59: 纳入A/D/Dh；若有Pair_ID则纳入CWR | O59: 自动管线检出的合格导管腔。 | P59: auto_pipeline;review_png_green | Q59: 42(7)-P01 | R59: 样品42
A60: 42(7)-V03 | B60: 42 (7).tif | C60: 573 | D60: 359 | E60: 515,306,632,413 | F60: 306 | G60: primary | H60: AUTO_VESSEL | I60: 是 | J60: 纳入 | K60: 446.00662 | L60: =导管母表_860!G60 | M60: 视野内部 | N60: 纳入A/D/Dh；若有Pair_ID则纳入CWR | O60: 自动管线检出的合格导管腔。 | P60: auto_pipeline;review_png_green | R60: 样品42
A61: 42(8)-V01 | B61: 42 (8).tif | C61: 431 | D61: 325 | E61: 357,257,506,394 | F61: 257 | G61: primary | H61: AUTO_VESSEL | I61: 是 | J61: 纳入 | K61: 744.96692 | L61: =导管母表_860!G61 | M61: 视野内部 | N61: 纳入A/D/Dh；若有Pair_ID则纳入CWR | O61: 自动管线检出的合格导管腔。 | P61: auto_pipeline;review_png_green | R61: 样品42
A62: 42(8)-V02 | B62: 42 (8).tif | C62: 525 | D62: 104 | E62: 453,37,598,172 | F62: 37 | G62: primary | H62: AUTO_VESSEL | I62: 是 | J62: 纳入 | K62: 713.32703 | L62: =导管母表_860!G62 | M62: 视野内部 | N62: 纳入A/D/Dh；若有Pair_ID则纳入CWR | O62: 自动管线检出的合格导管腔。 | P62: auto_pipeline;review_png_green | Q62: 42(8)-P01 | R62: 样品42
A63: 42(8)-V03 | B63: 42 (8).tif | C63: 374 | D63: 67 | E63: 302,5,447,130 | F63: 5 | G63: primary | H63: AUTO_VESSEL | I63: 是 | J63: 纳入 | K63: 646.10113 | L63: =导管母表_860!G63 | M63: 近边缘（<25 px） | N63: 纳入A/D/Dh；若有Pair_ID则纳入CWR | O63: 自动管线检出的合格导管腔。 | P63: auto_pipeline;review_png_green | Q63: 42(8)-P01 | R63: 样品42
A64: 42(8)-V04 | B64: 42 (8).tif | C64: 760 | D64: 528 | E64: 731,494,790,563 | F64: 205 | G64: primary | H64: AUTO_VESSEL | I64: 是 | J64: 纳入 | K64: 145.65217 | L64: =导管母表_860!G64 | M64: 视野内部 | N64: 纳入A/D/Dh；若有Pair_ID则纳入CWR | O64: 自动管线检出的合格导管腔。 | P64: auto_pipeline;review_png_green | R64: 样品42
A65: 43(1)-V01 | B65: 43 (1).tif | C65: 729 | D65: 123 | E65: 681,65,778,182 | F65: 65 | G65: primary | H65: AUTO_VESSEL | I65: 是 | J65: 纳入 | K65: 406.78166 | L65: =导管母表_860!G65 | M65: 视野内部 | N65: 纳入A/D/Dh；若有Pair_ID则纳入CWR | O65: 自动管线检出的合格导管腔。 | P65: auto_pipeline;review_png_green | R65: 样品43
A66: 43(1)-V02 | B66: 43 (1).tif | C66: 890 | D66: 539 | E66: 848,483,933,596 | F66: 91 | G66: primary | H66: AUTO_VESSEL | I66: 是 | J66: 纳入 | K66: 347.3535 | L66: =导管母表_860!G66 | M66: 视野内部 | N66: 纳入A/D/Dh；若有Pair_ID则纳入CWR | O66: 自动管线检出的合格导管腔。 | P66: auto_pipeline;review_png_green | R66: 样品43
A67: 43(1)-V03 | B67: 43 (1).tif | C67: 497 | D67: 438 | E67: 455,384,540,493 | F67: 275 | G67: primary | H67: AUTO_VESSEL | I67: 是 | J67: 纳入 | K67: 321.36106 | L67: =导管母表_860!G67 | M67: 视野内部 | N67: 纳入A/D/Dh；若有Pair_ID则纳入CWR | O67: 自动管线检出的合格导管腔。 | P67: auto_pipeline;review_png_green | R67: 样品43
A68: 43(1)-V04 | B68: 43 (1).tif | C68: 526 | D68: 338 | E68: 479,300,574,377 | F68: 300 | G68: primary | H68: AUTO_VESSEL | I68: 是 | J68: 纳入 | K68: 265.21739 | L68: =导管母表_860!G68 | M68: 视野内部 | N68: 纳入A/D/Dh；若有Pair_ID则纳入CWR | O68: 自动管线检出的合格导管腔。 | P68: auto_pipeline;review_png_green | R68: 样品43
A69: 43(2)-V01 | B69: 43 (2).tif | C69: 455 | D69: 356 | E69: 413,315,498,398 | F69: 315 | G69: primary | H69: AUTO_VESSEL | I69: 是 | J69: 纳入 | K69: 254.18242 | L69: =导管母表_860!G69 | M69: 视野内部 | N69: 纳入A/D/Dh；若有Pair_ID则纳入CWR | O69: 自动管线检出的合格导管腔。 | P69: auto_pipeline;review_png_green | R69: 样品43
A70: 43(3)-V01 | B70: 43 (3).tif | C70: 471 | D70: 297 | E70: 417,247,526,348 | F70: 247 | G70: primary | H70: AUTO_VESSEL | I70: 是 | J70: 纳入 | K70: 399.5983 | L70: =导管母表_860!G70 | M70: 视野内部 | N70: 纳入A/D/Dh；若有Pair_ID则纳入CWR | O70: 自动管线检出的合格导管腔。 | P70: auto_pipeline;review_png_green | Q70: 43(3)-P01 | R70: 样品43
A71: 43(3)-V02 | B71: 43 (3).tif | C71: 523 | D71: 406 | E71: 467,365,580,448 | F71: 320 | G71: primary | H71: AUTO_VESSEL | I71: 是 | J71: 纳入 | K71: 330.38752 | L71: =导管母表_860!G71 | M71: 视野内部 | N71: 纳入A/D/Dh；若有Pair_ID则纳入CWR | O71: 自动管线检出的合格导管腔。 | P71: auto_pipeline;review_png_green | Q71: 43(3)-P01 | R71: 样品43
A72: 43(3)-V03 | B72: 43 (3).tif | C72: 933 | D72: 506 | E72: 885,468,982,545 | F72: 42 | G72: primary | H72: AUTO_VESSEL | I72: 是 | J72: 纳入 | K72: 254.77316 | L72: =导管母表_860!G72 | M72: 视野内部 | N72: 纳入A/D/Dh；若有Pair_ID则纳入CWR | O72: 自动管线检出的合格导管腔。 | P72: auto_pipeline;review_png_green | R72: 样品43
A73: 43(3)-V04 | B73: 43 (3).tif | C73: 337 | D73: 137 | E73: 293,94,382,181 | F73: 94 | G73: primary | H73: AUTO_VESSEL | I73: 是 | J73: 纳入 | K73: 240.43006 | L73: =导管母表_860!G73 | M73: 视野内部 | N73: 纳入A/D/Dh；若有Pair_ID则纳入CWR | O73: 自动管线检出的合格导管腔。 | P73: auto_pipeline;review_png_green | R73: 样品43
A74: 43(4)-V01 | B74: 43 (4).tif | C74: 740 | D74: 137 | E74: 698,82,783,193 | F74: 82 | G74: primary | H74: AUTO_VESSEL | I74: 是 | J74: 纳入 | K74: 342.67486 | L74: =导管母表_860!G74 | M74: 视野内部 | N74: 纳入A/D/Dh；若有Pair_ID则纳入CWR | O74: 自动管线检出的合格导管腔。 | P74: auto_pipeline;review_png_green | R74: 样品43
A75: 43(4)-V02 | B75: 43 (4).tif | C75: 542 | D75: 403 | E75: 503,358,582,449 | F75: 319 | G75: primary | H75: AUTO_VESSEL | I75: 是 | J75: 纳入 | K75: 252.29206 | L75: =导管母表_860!G75 | M75: 视野内部 | N75: 纳入A/D/Dh；若有Pair_ID则纳入CWR | O75: 自动管线检出的合格导管腔。 | P75: auto_pipeline;review_png_green | Q75: 43(4)-P01 | R75: 样品43
A76: 43(4)-V03 | B76: 43 (4).tif | C76: 487 | D76: 335 | E76: 451,289,524,382 | F76: 289 | G76: primary | H76: AUTO_VESSEL | I76: 是 | J76: 纳入 | K76: 235.27883 | L76: =导管母表_860!G76 | M76: 视野内部 | N76: 纳入A/D/Dh；若有Pair_ID则纳入CWR | O76: 自动管线检出的合格导管腔。 | P76: auto_pipeline;review_png_green | Q76: 43(4)-P01 | R76: 样品43
A77: 43(4)-V04 | B77: 43 (4).tif | C77: 413 | D77: 172 | E77: 388,139,439,206 | F77: 139 | G77: primary | H77: AUTO_VESSEL | I77: 是 | J77: 纳入 | K77: 117.74575 | L77: =导管母表_860!G77 | M77: 视野内部 | N77: 纳入A/D/Dh；若有Pair_ID则纳入CWR | O77: 自动管线检出的合格导管腔。 | P77: auto_pipeline;review_png_green | R77: 样品43
A78: 43(5)-V01 | B78: 43 (5).tif | C78: 509 | D78: 444 | E78: 448,385,571,504 | F78: 264 | G78: primary | H78: AUTO_VESSEL | I78: 是 | J78: 纳入 | K78: 534.59357 | L78: =导管母表_860!G78 | M78: 视野内部 | N78: 纳入A/D/Dh；若有Pair_ID则纳入CWR | O78: 自动管线检出的合格导管腔。 | P78: auto_pipeline;review_png_green | Q78: 43(5)-P01 | R78: 样品43
A79: 43(5)-V02 | B79: 43 (5).tif | C79: 514 | D79: 328 | E79: 467,285,562,372 | F79: 285 | G79: primary | H79: AUTO_VESSEL | I79: 是 | J79: 纳入 | K79: 291.30435 | L79: =导管母表_860!G79 | M79: 视野内部 | N79: 纳入A/D/Dh；若有Pair_ID则纳入CWR | O79: 自动管线检出的合格导管腔。 | P79: auto_pipeline;review_png_green | Q79: 43(5)-P01 | R79: 样品43
A80: 43(6)-V01 | B80: 43 (6).tif | C80: 460 | D80: 469 | E80: 402,407,519,532 | F80: 236 | G80: primary | H80: AUTO_VESSEL | I80: 是 | J80: 纳入 | K80: 530.24575 | L80: =导管母表_860!G80 | M80: 视野内部 | N80: 纳入A/D/Dh；若有Pair_ID则纳入CWR | O80: 自动管线检出的合格导管腔。 | P80: auto_pipeline;review_png_green | R80: 样品43
A81: 43(6)-V02 | B81: 43 (6).tif | C81: 498 | D81: 332 | E81: 446,276,551,389 | F81: 276 | G81: primary | H81: AUTO_VESSEL | I81: 是 | J81: 纳入 | K81: 431.07278 | L81: =导管母表_860!G81 | M81: 视野内部 | N81: 纳入A/D/Dh；若有Pair_ID则纳入CWR | O81: 自动管线检出的合格导管腔。 | P81: auto_pipeline;review_png_green | R81: 样品43
A82: 43(6)-V03 | B82: 43 (6).tif | C82: 963 | D82: 51 | E82: 936,14,991,89 | F82: 14 | G82: primary | H82: AUTO_VESSEL | I82: 是 | J82: 纳入 | K82: 142.58034 | L82: =导管母表_860!G82 | M82: 近边缘（<25 px） | N82: 纳入A/D/Dh；若有Pair_ID则纳入CWR | O82: 自动管线检出的合格导管腔。 | P82: auto_pipeline;review_png_green | R82: 样品43
A83: 43(7)-V01 | B83: 43 (7).tif | C83: 558 | D83: 409 | E83: 505,360,612,459 | F83: 309 | G83: primary | H83: AUTO_VESSEL | I83: 是 | J83: 纳入 | K83: 384.90076 | L83: =导管母表_860!G83 | M83: 视野内部 | N83: 纳入A/D/Dh；若有Pair_ID则纳入CWR | O83: 自动管线检出的合格导管腔。 | P83: auto_pipeline;review_png_green | R83: 样品43
A84: 43(8)-V01 | B84: 43 (8).tif | C84: 321 | D84: 530 | E84: 243,472,400,589 | F84: 179 | G84: primary | H84: AUTO_VESSEL | I84: 是 | J84: 纳入 | K84: 671.7155 | L84: =导管母表_860!G84 | M84: 视野内部 | N84: 纳入A/D/Dh；若有Pair_ID则纳入CWR | O84: 自动管线检出的合格导管腔。 | P84: auto_pipeline;review_png_green | R84: 样品43
A85: 43(8)-V02 | B85: 43 (8).tif | C85: 565 | D85: 366 | E85: 516,323,615,410 | F85: 323 | G85: primary | H85: AUTO_VESSEL | I85: 是 | J85: 纳入 | K85: 310.94045 | L85: =导管母表_860!G85 | M85: 视野内部 | N85: 纳入A/D/Dh；若有Pair_ID则纳入CWR | O85: 自动管线检出的合格导管腔。 | P85: auto_pipeline;review_png_green | R85: 样品43
A86: 43(8)-V03 | B86: 43 (8).tif | C86: 444 | D86: 355 | E86: 397,322,492,389 | F86: 322 | G86: primary | H86: AUTO_VESSEL | I86: 是 | J86: 纳入 | K86: 229.93856 | L86: =导管母表_860!G86 | M86: 视野内部 | N86: 纳入A/D/Dh；若有Pair_ID则纳入CWR | O86: 自动管线检出的合格导管腔。 | P86: auto_pipeline;review_png_green | R86: 样品43
A87: 43(8)-V04 | B87: 43 (8).tif | C87: 132 | D87: 371 | E87: 94,331,171,412 | F87: 94 | G87: primary | H87: AUTO_VESSEL | I87: 是 | J87: 纳入 | K87: 225.59074 | L87: =导管母表_860!G87 | M87: 视野内部 | N87: 纳入A/D/Dh；若有Pair_ID则纳入CWR | O87: 自动管线检出的合格导管腔。 | P87: auto_pipeline;review_png_green | R87: 样品43
A88: 44(1)-V01 | B88: 44 (1).tif | C88: 636 | D88: 397 | E88: 519,319,754,476 | F88: 270 | G88: primary | H88: AUTO_VESSEL | I88: 是 | J88: 纳入 | K88: 1349.1021 | L88: =导管母表_860!G88 | M88: 视野内部 | N88: 纳入A/D/Dh；若有Pair_ID则纳入CWR | O88: 自动管线检出的合格导管腔。 | P88: auto_pipeline;review_png_green | R88: 样品44
A89: 44(1)-V02 | B89: 44 (1).tif | C89: 591 | D89: 381 | E89: 519,321,664,442 | F89: 321 | G89: primary | H89: AUTO_VESSEL | I89: 是 | J89: 纳入 | K89: 638.98866 | L89: =导管母表_860!G89 | M89: 视野内部 | N89: 纳入A/D/Dh；若有Pair_ID则纳入CWR | O89: 自动管线检出的合格导管腔。 | P89: auto_pipeline;review_png_green | R89: 样品44
A90: 44(1)-V03 | B90: 44 (1).tif | C90: 351 | D90: 302 | E90: 284,242,419,363 | F90: 242 | G90: primary | H90: AUTO_VESSEL | I90: 是 | J90: 纳入 | K90: 577.31569 | L90: =导管母表_860!G90 | M90: 视野内部 | N90: 纳入A/D/Dh；若有Pair_ID则纳入CWR | O90: 自动管线检出的合格导管腔。 | P90: auto_pipeline;review_png_green | Q90: 44(1)-P01 | R90: 样品44
A91: 44(1)-V04 | B91: 44 (1).tif | C91: 467 | D91: 332 | E91: 417,276,518,389 | F91: 276 | G91: primary | H91: AUTO_VESSEL | I91: 是 | J91: 纳入 | K91: 373.81853 | L91: =导管母表_860!G91 | M91: 视野内部 | N91: 纳入A/D/Dh；若有Pair_ID则纳入CWR | O91: 自动管线检出的合格导管腔。 | P91: auto_pipeline;review_png_green | R91: 样品44
A92: 44(1)-V05 | B92: 44 (1).tif | C92: 167 | D92: 237 | E92: 134,216,201,259 | F92: 134 | G92: primary | H92: AUTO_VESSEL | I92: 是 | J92: 纳入 | K92: 102.6465 | L92: =导管母表_860!G92 | M92: 视野内部 | N92: 纳入A/D/Dh；若有Pair_ID则纳入CWR | O92: 自动管线检出的合格导管腔。 | P92: auto_pipeline;review_png_green | R92: 样品44
A93: 44(1)-V06 | B93: 44 (1).tif | C93: 388 | D93: 336 | E93: 370,320,407,353 | F93: 320 | G93: primary | H93: AUTO_VESSEL | I93: 是 | J93: 纳入 | K93: 17.745747 | L93: =导管母表_860!G93 | M93: 视野内部 | N93: 纳入A/D/Dh；若有Pair_ID则纳入CWR | O93: 自动管线检出的合格导管腔。 | P93: auto_pipeline;review_png_green | Q93: 44(1)-P01 | R93: 样品44
A94: 44(2)-V01 | B94: 44 (2).tif | C94: 598 | D94: 370 | E94: 524,297,673,444 | F94: 297 | G94: primary | H94: AUTO_VESSEL | I94: 是 | J94: 纳入 | K94: 797.30624 | L94: =导管母表_860!G94 | M94: 视野内部 | N94: 纳入A/D/Dh；若有Pair_ID则纳入CWR | O94: 自动管线检出的合格导管腔。 | P94: auto_pipeline;review_png_green | Q94: 44(2)-P01 | R94: 样品44
A95: 44(2)-V02 | B95: 44 (2).tif | C95: 449 | D95: 329 | E95: 377,252,522,407 | F95: 252 | G95: primary | H95: AUTO_VESSEL | I95: 是 | J95: 纳入 | K95: 762.52363 | L95: =导管母表_860!G95 | M95: 视野内部 | N95: 纳入A/D/Dh；若有Pair_ID则纳入CWR | O95: 自动管线检出的合格导管腔。 | P95: auto_pipeline;review_png_green | Q95: 44(2)-P01 | R95: 样品44
A96: 44(2)-V03 | B96: 44 (2).tif | C96: 483 | D96: 367 | E96: 459,342,508,393 | F96: 342 | G96: primary | H96: AUTO_VESSEL | I96: 是 | J96: 纳入 | K96: 40.642722 | L96: =导管母表_860!G96 | M96: 视野内部 | N96: 纳入A/D/Dh；若有Pair_ID则纳入CWR | O96: 自动管线检出的合格导管腔。 | P96: auto_pipeline;review_png_green | R96: 样品44
A97: 44(3)-V01 | B97: 44 (3).tif | C97: 316 | D97: 291 | E97: 123,155,510,428 | F97: 123 | G97: primary | H97: AUTO_VESSEL | I97: 是 | J97: 纳入 | K97: 3192.0841 | L97: =导管母表_860!G97 | M97: 视野内部 | N97: 纳入A/D/Dh；若有Pair_ID则纳入CWR | O97: 自动管线检出的合格导管腔。 | P97: auto_pipeline;review_png_green | R97: 样品44
A98: 44(3)-V02 | B98: 44 (3).tif | C98: 439 | D98: 375 | E98: 370,324,509,427 | F98: 324 | G98: primary | H98: AUTO_VESSEL | I98: 是 | J98: 纳入 | K98: 522.04631 | L98: =导管母表_860!G98 | M98: 视野内部 | N98: 纳入A/D/Dh；若有Pair_ID则纳入CWR | O98: 自动管线检出的合格导管腔。 | P98: auto_pipeline;review_png_green | Q98: 44(3)-P01 | R98: 样品44
A99: 44(3)-V03 | B99: 44 (3).tif | C99: 606 | D99: 336 | E99: 533,291,680,382 | F99: 291 | G99: primary | H99: AUTO_VESSEL | I99: 是 | J99: 纳入 | K99: 471.40832 | L99: =导管母表_860!G99 | M99: 视野内部 | N99: 纳入A/D/Dh；若有Pair_ID则纳入CWR | O99: 自动管线检出的合格导管腔。 | P99: auto_pipeline;review_png_green | Q99: 44(3)-P01 | R99: 样品44
A100: 44(4)-V01 | B100: 44 (4).tif | C100: 743 | D100: 372 | E100: 680,311,807,434 | F100: 217 | G100: primary | H100: AUTO_VESSEL | I100: 是 | J100: 纳入 | K100: 569.80151 | L100: =导管母表_860!G100 | M100: 视野内部 | N100: 纳入A/D/Dh；若有Pair_ID则纳入CWR | O100: 自动管线检出的合格导管腔。 | P100: auto_pipeline;review_png_green | R100: 样品44
...

Sheet 视野统计
A1: 图像 | B1: primary导管 | C1: borderline候选（含未测） | D1: excluded候选 | E1: edge_truncated筛查候选 | F1: 相贴导管对 | G1: TVW线数 | H1: 像素尺寸 (μm/px) | I1: 组织高 (px) | J1: 视野面积 (mm²) | K1: 说明 | L1: 样品
A2: 41 (1).tif | B2: =COUNTIF(导管母表_860!B:B,A2) | C2: =COUNTIFS(候选导管审计!B:B,A2,候选导管审计!G:G,"borderline") | D2: =COUNTIFS(候选导管审计!B:B,A2,候选导管审计!G:G,"excluded") | E2: =COUNTIFS(候选导管审计!B:B,A2,候选导管审计!G:G,"edge_truncated") | F2: =COUNTIF(导管对_CWR_112!B:B,A2) | G2: =COUNTIF(TVW线测量明细!B:B,A2) | H2: 0.2173913 | I2: 201 | J2: =1024*I2*H2^2/1000000 | K2: 同一样品的技术视野；不是独立生物学重复 | L2: 样品41
A3: 41 (2).tif | B3: =COUNTIF(导管母表_860!B:B,A3) | C3: =COUNTIFS(候选导管审计!B:B,A3,候选导管审计!G:G,"borderline") | D3: =COUNTIFS(候选导管审计!B:B,A3,候选导管审计!G:G,"excluded") | E3: =COUNTIFS(候选导管审计!B:B,A3,候选导管审计!G:G,"edge_truncated") | F3: =COUNTIF(导管对_CWR_112!B:B,A3) | G3: =COUNTIF(TVW线测量明细!B:B,A3) | H3: 0.2173913 | I3: 691 | J3: =1024*I3*H3^2/1000000 | K3: 同一样品的技术视野；不是独立生物学重复 | L3: 样品41
A4: 41 (3).tif | B4: =COUNTIF(导管母表_860!B:B,A4) | C4: =COUNTIFS(候选导管审计!B:B,A4,候选导管审计!G:G,"borderline") | D4: =COUNTIFS(候选导管审计!B:B,A4,候选导管审计!G:G,"excluded") | E4: =COUNTIFS(候选导管审计!B:B,A4,候选导管审计!G:G,"edge_truncated") | F4: =COUNTIF(导管对_CWR_112!B:B,A4) | G4: =COUNTIF(TVW线测量明细!B:B,A4) | H4: 0.2173913 | I4: 691 | J4: =1024*I4*H4^2/1000000 | K4: 同一样品的技术视野；不是独立生物学重复 | L4: 样品41
A5: 41 (4).tif | B5: =COUNTIF(导管母表_860!B:B,A5) | C5: =COUNTIFS(候选导管审计!B:B,A5,候选导管审计!G:G,"borderline") | D5: =COUNTIFS(候选导管审计!B:B,A5,候选导管审计!G:G,"excluded") | E5: =COUNTIFS(候选导管审计!B:B,A5,候选导管审计!G:G,"edge_truncated") | F5: =COUNTIF(导管对_CWR_112!B:B,A5) | G5: =COUNTIF(TVW线测量明细!B:B,A5) | H5: 0.2173913 | I5: 197 | J5: =1024*I5*H5^2/1000000 | K5: 同一样品的技术视野；不是独立生物学重复 | L5: 样品41
A6: 41 (5).tif | B6: =COUNTIF(导管母表_860!B:B,A6) | C6: =COUNTIFS(候选导管审计!B:B,A6,候选导管审计!G:G,"borderline") | D6: =COUNTIFS(候选导管审计!B:B,A6,候选导管审计!G:G,"excluded") | E6: =COUNTIFS(候选导管审计!B:B,A6,候选导管审计!G:G,"edge_truncated") | F6: =COUNTIF(导管对_CWR_112!B:B,A6) | G6: =COUNTIF(TVW线测量明细!B:B,A6) | H6: 0.2173913 | I6: 209 | J6: =1024*I6*H6^2/1000000 | K6: 同一样品的技术视野；不是独立生物学重复 | L6: 样品41
A7: 41 (6).tif | B7: =COUNTIF(导管母表_860!B:B,A7) | C7: =COUNTIFS(候选导管审计!B:B,A7,候选导管审计!G:G,"borderline") | D7: =COUNTIFS(候选导管审计!B:B,A7,候选导管审计!G:G,"excluded") | E7: =COUNTIFS(候选导管审计!B:B,A7,候选导管审计!G:G,"edge_truncated") | F7: =COUNTIF(导管对_CWR_112!B:B,A7) | G7: =COUNTIF(TVW线测量明细!B:B,A7) | H7: 0.2173913 | I7: 691 | J7: =1024*I7*H7^2/1000000 | K7: 同一样品的技术视野；不是独立生物学重复 | L7: 样品41
A8: 41 (7).tif | B8: =COUNTIF(导管母表_860!B:B,A8) | C8: =COUNTIFS(候选导管审计!B:B,A8,候选导管审计!G:G,"borderline") | D8: =COUNTIFS(候选导管审计!B:B,A8,候选导管审计!G:G,"excluded") | E8: =COUNTIFS(候选导管审计!B:B,A8,候选导管审计!G:G,"edge_truncated") | F8: =COUNTIF(导管对_CWR_112!B:B,A8) | G8: =COUNTIF(TVW线测量明细!B:B,A8) | H8: 0.2173913 | I8: 188 | J8: =1024*I8*H8^2/1000000 | K8: 同一样品的技术视野；不是独立生物学重复 | L8: 样品41
A9: 41 (8).tif | B9: =COUNTIF(导管母表_860!B:B,A9) | C9: =COUNTIFS(候选导管审计!B:B,A9,候选导管审计!G:G,"borderline") | D9: =COUNTIFS(候选导管审计!B:B,A9,候选导管审计!G:G,"excluded") | E9: =COUNTIFS(候选导管审计!B:B,A9,候选导管审计!G:G,"edge_truncated") | F9: =COUNTIF(导管对_CWR_112!B:B,A9) | G9: =COUNTIF(TVW线测量明细!B:B,A9) | H9: 0.2173913 | I9: 691 | J9: =1024*I9*H9^2/1000000 | K9: 同一样品的技术视野；不是独立生物学重复 | L9: 样品41
A10: 42 (1).tif | B10: =COUNTIF(导管母表_860!B:B,A10) | C10: =COUNTIFS(候选导管审计!B:B,A10,候选导管审计!G:G,"borderline") | D10: =COUNTIFS(候选导管审计!B:B,A10,候选导管审计!G:G,"excluded") | E10: =COUNTIFS(候选导管审计!B:B,A10,候选导管审计!G:G,"edge_truncated") | F10: =COUNTIF(导管对_CWR_112!B:B,A10) | G10: =COUNTIF(TVW线测量明细!B:B,A10) | H10: 0.2173913 | I10: 246 | J10: =1024*I10*H10^2/1000000 | K10: 同一样品的技术视野；不是独立生物学重复 | L10: 样品42
A11: 42 (2).tif | B11: =COUNTIF(导管母表_860!B:B,A11) | C11: =COUNTIFS(候选导管审计!B:B,A11,候选导管审计!G:G,"borderline") | D11: =COUNTIFS(候选导管审计!B:B,A11,候选导管审计!G:G,"excluded") | E11: =COUNTIFS(候选导管审计!B:B,A11,候选导管审计!G:G,"edge_truncated") | F11: =COUNTIF(导管对_CWR_112!B:B,A11) | G11: =COUNTIF(TVW线测量明细!B:B,A11) | H11: 0.2173913 | I11: 166 | J11: =1024*I11*H11^2/1000000 | K11: 同一样品的技术视野；不是独立生物学重复 | L11: 样品42
A12: 42 (3).tif | B12: =COUNTIF(导管母表_860!B:B,A12) | C12: =COUNTIFS(候选导管审计!B:B,A12,候选导管审计!G:G,"borderline") | D12: =COUNTIFS(候选导管审计!B:B,A12,候选导管审计!G:G,"excluded") | E12: =COUNTIFS(候选导管审计!B:B,A12,候选导管审计!G:G,"edge_truncated") | F12: =COUNTIF(导管对_CWR_112!B:B,A12) | G12: =COUNTIF(TVW线测量明细!B:B,A12) | H12: 0.2173913 | I12: 222 | J12: =1024*I12*H12^2/1000000 | K12: 同一样品的技术视野；不是独立生物学重复 | L12: 样品42
A13: 42 (4).tif | B13: =COUNTIF(导管母表_860!B:B,A13) | C13: =COUNTIFS(候选导管审计!B:B,A13,候选导管审计!G:G,"borderline") | D13: =COUNTIFS(候选导管审计!B:B,A13,候选导管审计!G:G,"excluded") | E13: =COUNTIFS(候选导管审计!B:B,A13,候选导管审计!G:G,"edge_truncated") | F13: =COUNTIF(导管对_CWR_112!B:B,A13) | G13: =COUNTIF(TVW线测量明细!B:B,A13) | H13: 0.2173913 | I13: 691 | J13: =1024*I13*H13^2/1000000 | K13: 同一样品的技术视野；不是独立生物学重复 | L13: 样品42
... A185: 63 (8).tif | B185: =COUNTIF(导管母表_860!B:B,A185) | C185: =COUNTIFS(候选导管审计!B:B,A185,候选导管审计!G:G,"borderline") | D185: =COUNTIFS(候选导管审计!B:B,A185,候选导管审计!G:G,"excluded") | E185: =COUNTIFS(候选导管审计!B:B,A185,候选导管审计!G:G,"edge_truncated") | F185: =COUNTIF(导管对_CWR_112!B:B,A185) | G185: =COUNTIF(TVW线测量明细!B:B,A185) | H185: 0.2173913 | I185: 691 | J185: =1024*I185*H185^2/1000000 | K185: 同一样品的技术视野；不是独立生物学重复 | L185: 样品63
A186: 合计 | B186: =SUM(B2:B185) | C186: =SUM(C2:C185) | D186: =SUM(D2:D185) | E186: =SUM(E2:E185) | F186: =SUM(F2:F185) | G186: =SUM(G2:G185) | J186: =SUM(J2:J185) | K186: 184个视野在样品层面按样品合并后写入Sheet1

Sheet 导管对_CWR_112
A1: Pair_ID | B1: 图像文件 | C1: 导管1 ROI | D1: Ai1 (μm²) | E1: Di1 (μm) | F1: 导管2 ROI | G1: Ai2 (μm²) | H1: Di2 (μm) | I1: TVW线表范围 | J1: n_line | K1: TVW均值 (μm，主值) | L1: TVW中位数 (μm) | M1: TVW线内SD (μm) | N1: TVW线内CV (%) | O1: 旧单线TVW (μm) | P1: TVW变化 (%) | Q1: CWR1=(TVW/Di1)² | R1: CWR2=(TVW/Di2)² | S1: CWR_pair（主值） | T1: 旧单线CWR_pair | U1: CWR变化 (%) | V1: 线中位数法CWR_pair（敏感性） | W1: Dtarget（仅敏感性） | X1: Dtarget法CWR（仅敏感性） | Y1: 壁级QC | Z1: 对应关系质控 | AA1: 样品
A2: 41(1)-P01 | B2: 41 (1).tif | C2: 41(1)-V01 | D2: =导管母表_860!F2 | E2: =导管母表_860!G2 | F2: 41(1)-V02 | G2: =导管母表_860!F3 | H2: =导管母表_860!G3 | I2: J2:J4 | J2: =COUNT(TVW线测量明细!J2:J4) | K2: =AVERAGE(TVW线测量明细!J2:J4) | L2: =MEDIAN(TVW线测量明细!J2:J4) | M2: =IF(J2>1,STDEV(TVW线测量明细!J2:J4),0) | N2: =IF(K2=0,"",M2/K2*100) | O2: 2.4786422 | P2: =IF(O2=0,"",(K2/O2-1)*100) | Q2: =(K2/E2)^2 | R2: =(K2/H2)^2 | S2: =AVERAGE(Q2,R2) | T2: =AVERAGE((O2/E2)^2,(O2/H2)^2) | U2: =IF(T2=0,"",(S2/T2-1)*100) | V2: =AVERAGE((L2/E2)^2,(L2/H2)^2) | W2: =IF(ABS(E2-汇总!B25)<=ABS(H2-汇总!B25),E2,H2) | X2: =(K2/W2)^2 | Y2: =IF(N2>10,"HIGH_TVW_CV",IF(J2<3,"SHORT_INTERFACE","PASS")) | Z2: Di1、TVW均值、Di2均来自本Pair_ID；TVW=3–5法线平均 | AA2: 样品41
A3: 41(4)-P01 | B3: 41 (4).tif | C3: 41(4)-V01 | D3: =导管母表_860!F11 | E3: =导管母表_860!G11 | F3: 41(4)-V02 | G3: =导管母表_860!F12 | H3: =导管母表_860!G12 | I3: J5:J5 | J3: =COUNT(TVW线测量明细!J5:J5) | K3: =AVERAGE(TVW线测量明细!J5:J5) | L3: =MEDIAN(TVW线测量明细!J5:J5) | M3: =IF(J3>1,STDEV(TVW线测量明细!J5:J5),0) | N3: =IF(K3=0,"",M3/K3*100) | O3: 7.7196873 | P3: =IF(O3=0,"",(K3/O3-1)*100) | Q3: =(K3/E3)^2 | R3: =(K3/H3)^2 | S3: =AVERAGE(Q3,R3) | T3: =AVERAGE((O3/E3)^2,(O3/H3)^2) | U3: =IF(T3=0,"",(S3/T3-1)*100) | V3: =AVERAGE((L3/E3)^2,(L3/H3)^2) | W3: =IF(ABS(E3-汇总!B25)<=ABS(H3-汇总!B25),E3,H3) | X3: =(K3/W3)^2 | Y3: =IF(N3>10,"HIGH_TVW_CV",IF(J3<3,"SHORT_INTERFACE","PASS")) | Z3: Di1、TVW均值、Di2均来自本Pair_ID；TVW=3–5法线平均 | AA3: 样品41
A4: 41(5)-P01 | B4: 41 (5).tif | C4: 41(5)-V01 | D4: =导管母表_860!F17 | E4: =导管母表_860!G17 | F4: 41(5)-V02 | G4: =导管母表_860!F18 | H4: =导管母表_860!G18 | I4: J6:J7 | J4: =COUNT(TVW线测量明细!J6:J7) | K4: =AVERAGE(TVW线测量明细!J6:J7) | L4: =MEDIAN(TVW线测量明细!J6:J7) | M4: =IF(J4>1,STDEV(TVW线测量明细!J6:J7),0) | N4: =IF(K4=0,"",M4/K4*100) | O4: 1.5217391 | P4: =IF(O4=0,"",(K4/O4-1)*100) | Q4: =(K4/E4)^2 | R4: =(K4/H4)^2 | S4: =AVERAGE(Q4,R4) | T4: =AVERAGE((O4/E4)^2,(O4/H4)^2) | U4: =IF(T4=0,"",(S4/T4-1)*100) | V4: =AVERAGE((L4/E4)^2,(L4/H4)^2) | W4: =IF(ABS(E4-汇总!B25)<=ABS(H4-汇总!B25),E4,H4) | X4: =(K4/W4)^2 | Y4: =IF(N4>10,"HIGH_TVW_CV",IF(J4<3,"SHORT_INTERFACE","PASS")) | Z4: Di1、TVW均值、Di2均来自本Pair_ID；TVW=3–5法线平均 | AA4: 样品41
A5: 41(7)-P01 | B5: 41 (7).tif | C5: 41(7)-V02 | D5: =导管母表_860!F28 | E5: =导管母表_860!G28 | F5: 41(7)-V03 | G5: =导管母表_860!F29 | H5: =导管母表_860!G29 | I5: J8:J8 | J5: =COUNT(TVW线测量明细!J8:J8) | K5: =AVERAGE(TVW线测量明细!J8:J8) | L5: =MEDIAN(TVW线测量明细!J8:J8) | M5: =IF(J5>1,STDEV(TVW线测量明细!J8:J8),0) | N5: =IF(K5=0,"",M5/K5*100) | O5: 0 | P5: =IF(O5=0,"",(K5/O5-1)*100) | Q5: =(K5/E5)^2 | R5: =(K5/H5)^2 | S5: =AVERAGE(Q5,R5) | T5: =AVERAGE((O5/E5)^2,(O5/H5)^2) | U5: =IF(T5=0,"",(S5/T5-1)*100) | V5: =AVERAGE((L5/E5)^2,(L5/H5)^2) | W5: =IF(ABS(E5-汇总!B25)<=ABS(H5-汇总!B25),E5,H5) | X5: =(K5/W5)^2 | Y5: =IF(N5>10,"HIGH_TVW_CV",IF(J5<3,"SHORT_INTERFACE","PASS")) | Z5: Di1、TVW均值、Di2均来自本Pair_ID；TVW=3–5法线平均 | AA5: 样品41
A6: 42(1)-P01 | B6: 42 (1).tif | C6: 42(1)-V01 | D6: =导管母表_860!F31 | E6: =导管母表_860!G31 | F6: 42(1)-V02 | G6: =导管母表_860!F32 | H6: =导管母表_860!G32 | I6: J9:J11 | J6: =COUNT(TVW线测量明细!J9:J11) | K6: =AVERAGE(TVW线测量明细!J9:J11) | L6: =MEDIAN(TVW线测量明细!J9:J11) | M6: =IF(J6>1,STDEV(TVW线测量明细!J9:J11),0) | N6: =IF(K6=0,"",M6/K6*100) | O6: 6.9190567 | P6: =IF(O6=0,"",(K6/O6-1)*100) | Q6: =(K6/E6)^2 | R6: =(K6/H6)^2 | S6: =AVERAGE(Q6,R6) | T6: =AVERAGE((O6/E6)^2,(O6/H6)^2) | U6: =IF(T6=0,"",(S6/T6-1)*100) | V6: =AVERAGE((L6/E6)^2,(L6/H6)^2) | W6: =IF(ABS(E6-汇总!B25)<=ABS(H6-汇总!B25),E6,H6) | X6: =(K6/W6)^2 | Y6: =IF(N6>10,"HIGH_TVW_CV",IF(J6<3,"SHORT_INTERFACE","PASS")) | Z6: Di1、TVW均值、Di2均来自本Pair_ID；TVW=3–5法线平均 | AA6: 样品42
A7: 42(2)-P01 | B7: 42 (2).tif | C7: 42(2)-V03 | D7: =导管母表_860!F40 | E7: =导管母表_860!G40 | F7: 42(2)-V04 | G7: =导管母表_860!F41 | H7: =导管母表_860!G41 | I7: J12:J13 | J7: =COUNT(TVW线测量明细!J12:J13) | K7: =AVERAGE(TVW线测量明细!J12:J13) | L7: =MEDIAN(TVW线测量明细!J12:J13) | M7: =IF(J7>1,STDEV(TVW线测量明细!J12:J13),0) | N7: =IF(K7=0,"",M7/K7*100) | O7: 4.7677635 | P7: =IF(O7=0,"",(K7/O7-1)*100) | Q7: =(K7/E7)^2 | R7: =(K7/H7)^2 | S7: =AVERAGE(Q7,R7) | T7: =AVERAGE((O7/E7)^2,(O7/H7)^2) | U7: =IF(T7=0,"",(S7/T7-1)*100) | V7: =AVERAGE((L7/E7)^2,(L7/H7)^2) | W7: =IF(ABS(E7-汇总!B25)<=ABS(H7-汇总!B25),E7,H7) | X7: =(K7/W7)^2 | Y7: =IF(N7>10,"HIGH_TVW_CV",IF(J7<3,"SHORT_INTERFACE","PASS")) | Z7: Di1、TVW均值、Di2均来自本Pair_ID；TVW=3–5法线平均 | AA7: 样品42
A8: 42(3)-P01 | B8: 42 (3).tif | C8: 42(3)-V01 | D8: =导管母表_860!F43 | E8: =导管母表_860!G43 | F8: 42(3)-V02 | G8: =导管母表_860!F44 | H8: =导管母表_860!G44 | I8: J14:J15 | J8: =COUNT(TVW线测量明细!J14:J15) | K8: =AVERAGE(TVW线测量明细!J14:J15) | L8: =MEDIAN(TVW线测量明细!J14:J15) | M8: =IF(J8>1,STDEV(TVW线测量明细!J14:J15),0) | N8: =IF(K8=0,"",M8/K8*100) | O8: 5.130619 | P8: =IF(O8=0,"",(K8/O8-1)*100) | Q8: =(K8/E8)^2 | R8: =(K8/H8)^2 | S8: =AVERAGE(Q8,R8) | T8: =AVERAGE((O8/E8)^2,(O8/H8)^2) | U8: =IF(T8=0,"",(S8/T8-1)*100) | V8: =AVERAGE((L8/E8)^2,(L8/H8)^2) | W8: =IF(ABS(E8-汇总!B25)<=ABS(H8-汇总!B25),E8,H8) | X8: =(K8/W8)^2 | Y8: =IF(N8>10,"HIGH_TVW_CV",IF(J8<3,"SHORT_INTERFACE","PASS")) | Z8: Di1、TVW均值、Di2均来自本Pair_ID；TVW=3–5法线平均 | AA8: 样品42
A9: 42(5)-P01 | B9: 42 (5).tif | C9: 42(5)-V01 | D9: =导管母表_860!F49 | E9: =导管母表_860!G49 | F9: 42(5)-V03 | G9: =导管母表_860!F51 | H9: =导管母表_860!G51 | I9: J16:J17 | J9: =COUNT(TVW线测量明细!J16:J17) | K9: =AVERAGE(TVW线测量明细!J16:J17) | L9: =MEDIAN(TVW线测量明细!J16:J17) | M9: =IF(J9>1,STDEV(TVW线测量明细!J16:J17),0) | N9: =IF(K9=0,"",M9/K9*100) | O9: 8.1688236 | P9: =IF(O9=0,"",(K9/O9-1)*100) | Q9: =(K9/E9)^2 | R9: =(K9/H9)^2 | S9: =AVERAGE(Q9,R9) | T9: =AVERAGE((O9/E9)^2,(O9/H9)^2) | U9: =IF(T9=0,"",(S9/T9-1)*100) | V9: =AVERAGE((L9/E9)^2,(L9/H9)^2) | W9: =IF(ABS(E9-汇总!B25)<=ABS(H9-汇总!B25),E9,H9) | X9: =(K9/W9)^2 | Y9: =IF(N9>10,"HIGH_TVW_CV",IF(J9<3,"SHORT_INTERFACE","PASS")) | Z9: Di1、TVW均值、Di2均来自本Pair_ID；TVW=3–5法线平均 | AA9: 样品42
A10: 42(6)-P01 | B10: 42 (6).tif | C10: 42(6)-V01 | D10: =导管母表_860!F53 | E10: =导管母表_860!G53 | F10: 42(6)-V03 | G10: =导管母表_860!F55 | H10: =导管母表_860!G55 | I10: J18:J19 | J10: =COUNT(TVW线测量明细!J18:J19) | K10: =AVERAGE(TVW线测量明细!J18:J19) | L10: =MEDIAN(TVW线测量明细!J18:J19) | M10: =IF(J10>1,STDEV(TVW线测量明细!J18:J19),0) | N10: =IF(K10=0,"",M10/K10*100) | O10: 5.1673323 | P10: =IF(O10=0,"",(K10/O10-1)*100) | Q10: =(K10/E10)^2 | R10: =(K10/H10)^2 | S10: =AVERAGE(Q10,R10) | T10: =AVERAGE((O10/E10)^2,(O10/H10)^2) | U10: =IF(T10=0,"",(S10/T10-1)*100) | V10: =AVERAGE((L10/E10)^2,(L10/H10)^2) | W10: =IF(ABS(E10-汇总!B25)<=ABS(H10-汇总!B25),E10,H10) | X10: =(K10/W10)^2 | Y10: =IF(N10>10,"HIGH_TVW_CV",IF(J10<3,"SHORT_INTERFACE","PASS")) | Z10: Di1、TVW均值、Di2均来自本Pair_ID；TVW=3–5法线平均 | AA10: 样品42
A11: 42(7)-P01 | B11: 42 (7).tif | C11: 42(7)-V01 | D11: =导管母表_860!F58 | E11: =导管母表_860!G58 | F11: 42(7)-V02 | G11: =导管母表_860!F59 | H11: =导管母表_860!G59 | I11: J20:J20 | J11: =COUNT(TVW线测量明细!J20:J20) | K11: =AVERAGE(TVW线测量明细!J20:J20) | L11: =MEDIAN(TVW线测量明细!J20:J20) | M11: =IF(J11>1,STDEV(TVW线测量明细!J20:J20),0) | N11: =IF(K11=0,"",M11/K11*100) | O11: 4.4816365 | P11: =IF(O11=0,"",(K11/O11-1)*100) | Q11: =(K11/E11)^2 | R11: =(K11/H11)^2 | S11: =AVERAGE(Q11,R11) | T11: =AVERAGE((O11/E11)^2,(O11/H11)^2) | U11: =IF(T11=0,"",(S11/T11-1)*100) | V11: =AVERAGE((L11/E11)^2,(L11/H11)^2) | W11: =IF(ABS(E11-汇总!B25)<=ABS(H11-汇总!B25),E11,H11) | X11: =(K11/W11)^2 | Y11: =IF(N11>10,"HIGH_TVW_CV",IF(J11<3,"SHORT_INTERFACE","PASS")) | Z11: Di1、TVW均值、Di2均来自本Pair_ID；TVW=3–5法线平均 | AA11: 样品42
A12: 42(8)-P01 | B12: 42 (8).tif | C12: 42(8)-V02 | D12: =导管母表_860!F62 | E12: =导管母表_860!G62 | F12: 42(8)-V03 | G12: =导管母表_860!F63 | H12: =导管母表_860!G63 | I12: J21:J21 | J12: =COUNT(TVW线测量明细!J21:J21) | K12: =AVERAGE(TVW线测量明细!J21:J21) | L12: =MEDIAN(TVW线测量明细!J21:J21) | M12: =IF(J12>1,STDEV(TVW线测量明细!J21:J21),0) | N12: =IF(K12=0,"",M12/K12*100) | O12: 2.6446794 | P12: =IF(O12=0,"",(K12/O12-1)*100) | Q12: =(K12/E12)^2 | R12: =(K12/H12)^2 | S12: =AVERAGE(Q12,R12) | T12: =AVERAGE((O12/E12)^2,(O12/H12)^2) | U12: =IF(T12=0,"",(S12/T12-1)*100) | V12: =AVERAGE((L12/E12)^2,(L12/H12)^2) | W12: =IF(ABS(E12-汇总!B25)<=ABS(H12-汇总!B25),E12,H12) | X12: =(K12/W12)^2 | Y12: =IF(N12>10,"HIGH_TVW_CV",IF(J12<3,"SHORT_INTERFACE","PASS")) | Z12: Di1、TVW均值、Di2均来自本Pair_ID；TVW=3–5法线平均 | AA12: 样品42
A13: 43(3)-P01 | B13: 43 (3).tif | C13: 43(3)-V01 | D13: =导管母表_860!F70 | E13: =导管母表_860!G70 | F13: 43(3)-V02 | G13: =导管母表_860!F71 | H13: =导管母表_860!G71 | I13: J22:J22 | J13: =COUNT(TVW线测量明细!J22:J22) | K13: =AVERAGE(TVW线测量明细!J22:J22) | L13: =MEDIAN(TVW线测量明细!J22:J22) | M13: =IF(J13>1,STDEV(TVW线测量明细!J22:J22),0) | N13: =IF(K13=0,"",M13/K13*100) | O13: 5.3779639 | P13: =IF(O13=0,"",(K13/O13-1)*100) | Q13: =(K13/E13)^2 | R13: =(K13/H13)^2 | S13: =AVERAGE(Q13,R13) | T13: =AVERAGE((O13/E13)^2,(O13/H13)^2) | U13: =IF(T13=0,"",(S13/T13-1)*100) | V13: =AVERAGE((L13/E13)^2,(L13/H13)^2) | W13: =IF(ABS(E13-汇总!B25)<=ABS(H13-汇总!B25),E13,H13) | X13: =(K13/W13)^2 | Y13: =IF(N13>10,"HIGH_TVW_CV",IF(J13<3,"SHORT_INTERFACE","PASS")) | Z13: Di1、TVW均值、Di2均来自本Pair_ID；TVW=3–5法线平均 | AA13: 样品43
A14: 43(4)-P01 | B14: 43 (4).tif | C14: 43(4)-V02 | D14: =导管母表_860!F75 | E14: =导管母表_860!G75 | F14: 43(4)-V03 | G14: =导管母表_860!F76 | H14: =导管母表_860!G76 | I14: J23:J24 | J14: =COUNT(TVW线测量明细!J23:J24) | K14: =AVERAGE(TVW线测量明细!J23:J24) | L14: =MEDIAN(TVW线测量明细!J23:J24) | M14: =IF(J14>1,STDEV(TVW线测量明细!J23:J24),0) | N14: =IF(K14=0,"",M14/K14*100) | O14: 3.8888139 | P14: =IF(O14=0,"",(K14/O14-1)*100) | Q14: =(K14/E14)^2 | R14: =(K14/H14)^2 | S14: =AVERAGE(Q14,R14) | T14: =AVERAGE((O14/E14)^2,(O14/H14)^2) | U14: =IF(T14=0,"",(S14/T14-1)*100) | V14: =AVERAGE((L14/E14)^2,(L14/H14)^2) | W14: =IF(ABS(E14-汇总!B25)<=ABS(H14-汇总!B25),E14,H14) | X14: =(K14/W14)^2 | Y14: =IF(N14>10,"HIGH_TVW_CV",IF(J14<3,"SHORT_INTERFACE","PASS")) | Z14: Di1、TVW均值、Di2均来自本Pair_ID；TVW=3–5法线平均 | AA14: 样品43
A15: 43(5)-P01 | B15: 43 (5).tif | C15: 43(5)-V01 | D15: =导管母表_860!F78 | E15: =导管母表_860!G78 | F15: 43(5)-V02 | G15: =导管母表_860!F79 | H15: =导管母表_860!G79 | I15: J25:J25 | J15: =COUNT(TVW线测量明细!J25:J25) | K15: =AVERAGE(TVW线测量明细!J25:J25) | L15: =MEDIAN(TVW线测量明细!J25:J25) | M15: =IF(J15>1,STDEV(TVW线测量明细!J25:J25),0) | N15: =IF(K15=0,"",M15/K15*100) | O15: 3.7965759 | P15: =IF(O15=0,"",(K15/O15-1)*100) | Q15: =(K15/E15)^2 | R15: =(K15/H15)^2 | S15: =AVERAGE(Q15,R15) | T15: =AVERAGE((O15/E15)^2,(O15/H15)^2) | U15: =IF(T15=0,"",(S15/T15-1)*100) | V15: =AVERAGE((L15/E15)^2,(L15/H15)^2) | W15: =IF(ABS(E15-汇总!B25)<=ABS(H15-汇总!B25),E15,H15) | X15: =(K15/W15)^2 | Y15: =IF(N15>10,"HIGH_TVW_CV",IF(J15<3,"SHORT_INTERFACE","PASS")) | Z15: Di1、TVW均值、Di2均来自本Pair_ID；TVW=3–5法线平均 | AA15: 样品43
A16: 44(1)-P01 | B16: 44 (1).tif | C16: 44(1)-V03 | D16: =导管母表_860!F90 | E16: =导管母表_860!G90 | F16: 44(1)-V06 | G16: =导管母表_860!F93 | H16: =导管母表_860!G93 | I16: J26:J26 | J16: =COUNT(TVW线测量明细!J26:J26) | K16: =AVERAGE(TVW线测量明细!J26:J26) | L16: =MEDIAN(TVW线测量明细!J26:J26) | M16: =IF(J16>1,STDEV(TVW线测量明细!J26:J26),0) | N16: =IF(K16=0,"",M16/K16*100) | O16: 1.0869565 | P16: =IF(O16=0,"",(K16/O16-1)*100) | Q16: =(K16/E16)^2 | R16: =(K16/H16)^2 | S16: =AVERAGE(Q16,R16) | T16: =AVERAGE((O16/E16)^2,(O16/H16)^2) | U16: =IF(T16=0,"",(S16/T16-1)*100) | V16: =AVERAGE((L16/E16)^2,(L16/H16)^2) | W16: =IF(ABS(E16-汇总!B25)<=ABS(H16-汇总!B25),E16,H16) | X16: =(K16/W16)^2 | Y16: =IF(N16>10,"HIGH_TVW_CV",IF(J16<3,"SHORT_INTERFACE","PASS")) | Z16: Di1、TVW均值、Di2均来自本Pair_ID；TVW=3–5法线平均 | AA16: 样品44
A17: 44(2)-P01 | B17: 44 (2).tif | C17: 44(2)-V01 | D17: =导管母表_860!F94 | E17: =导管母表_860!G94 | F17: 44(2)-V02 | G17: =导管母表_860!F95 | H17: =导管母表_860!G95 | I17: J27:J28 | J17: =COUNT(TVW线测量明细!J27:J28) | K17: =AVERAGE(TVW线测量明细!J27:J28) | L17: =MEDIAN(TVW线测量明细!J27:J28) | M17: =IF(J17>1,STDEV(TVW线测量明细!J27:J28),0) | N17: =IF(K17=0,"",M17/K17*100) | O17: 4.5703904 | P17: =IF(O17=0,"",(K17/O17-1)*100) | Q17: =(K17/E17)^2 | R17: =(K17/H17)^2 | S17: =AVERAGE(Q17,R17) | T17: =AVERAGE((O17/E17)^2,(O17/H17)^2) | U17: =IF(T17=0,"",(S17/T17-1)*100) | V17: =AVERAGE((L17/E17)^2,(L17/H17)^2) | W17: =IF(ABS(E17-汇总!B25)<=ABS(H17-汇总!B25),E17,H17) | X17: =(K17/W17)^2 | Y17: =IF(N17>10,"HIGH_TVW_CV",IF(J17<3,"SHORT_INTERFACE","PASS")) | Z17: Di1、TVW均值、Di2均来自本Pair_ID；TVW=3–5法线平均 | AA17: 样品44
A18: 44(3)-P01 | B18: 44 (3).tif | C18: 44(3)-V02 | D18: =导管母表_860!F98 | E18: =导管母表_860!G98 | F18: 44(3)-V03 | G18: =导管母表_860!F99 | H18: =导管母表_860!G99 | I18: J29:J29 | J18: =COUNT(TVW线测量明细!J29:J29) | K18: =AVERAGE(TVW线测量明细!J29:J29) | L18: =MEDIAN(TVW线测量明细!J29:J29) | M18: =IF(J18>1,STDEV(TVW线测量明细!J29:J29),0) | N18: =IF(K18=0,"",M18/K18*100) | O18: 6.53983 | P18: =IF(O18=0,"",(K18/O18-1)*100) | Q18: =(K18/E18)^2 | R18: =(K18/H18)^2 | S18: =AVERAGE(Q18,R18) | T18: =AVERAGE((O18/E18)^2,(O18/H18)^2) | U18: =IF(T18=0,"",(S18/T18-1)*100) | V18: =AVERAGE((L18/E18)^2,(L18/H18)^2) | W18: =IF(ABS(E18-汇总!B25)<=ABS(H18-汇总!B25),E18,H18) | X18: =(K18/W18)^2 | Y18: =IF(N18>10,"HIGH_TVW_CV",IF(J18<3,"SHORT_INTERFACE","PASS")) | Z18: Di1、TVW均值、Di2均来自本Pair_ID；TVW=3–5法线平均 | AA18: 样品44
A19: 44(4)-P01 | B19: 44 (4).tif | C19: 44(4)-V02 | D19: =导管母表_860!F101 | E19: =导管母表_860!G101 | F19: 44(4)-V05 | G19: =导管母表_860!F104 | H19: =导管母表_860!G104 | I19: J30:J30 | J19: =COUNT(TVW线测量明细!J30:J30) | K19: =AVERAGE(TVW线测量明细!J30:J30) | L19: =MEDIAN(TVW线测量明细!J30:J30) | M19: =IF(J19>1,STDEV(TVW线测量明细!J30:J30),0) | N19: =IF(K19=0,"",M19/K19*100) | O19: 0.78381549 | P19: =IF(O19=0,"",(K19/O19-1)*100) | Q19: =(K19/E19)^2 | R19: =(K19/H19)^2 | S19: =AVERAGE(Q19,R19) | T19: =AVERAGE((O19/E19)^2,(O19/H19)^2) | U19: =IF(T19=0,"",(S19/T19-1)*100) | V19: =AVERAGE((L19/E19)^2,(L19/H19)^2) | W19: =IF(ABS(E19-汇总!B25)<=ABS(H19-汇总!B25),E19,H19) | X19: =(K19/W19)^2 | Y19: =IF(N19>10,"HIGH_TVW_CV",IF(J19<3,"SHORT_INTERFACE","PASS")) | Z19: Di1、TVW均值、Di2均来自本Pair_ID；TVW=3–5法线平均 | AA19: 样品44
A20: 44(5)-P01 | B20: 44 (5).tif | C20: 44(5)-V02 | D20: =导管母表_860!F106 | E20: =导管母表_860!G106 | F20: 44(5)-V06 | G20: =导管母表_860!F110 | H20: =导管母表_860!G110 | I20: J31:J31 | J20: =COUNT(TVW线测量明细!J31:J31) | K20: =AVERAGE(TVW线测量明细!J31:J31) | L20: =MEDIAN(TVW线测量明细!J31:J31) | M20: =IF(J20>1,STDEV(TVW线测量明细!J31:J31),0) | N20: =IF(K20=0,"",M20/K20*100) | O20: 1.3223397 | P20: =IF(O20=0,"",(K20/O20-1)*100) | Q20: =(K20/E20)^2 | R20: =(K20/H20)^2 | S20: =AVERAGE(Q20,R20) | T20: =AVERAGE((O20/E20)^2,(O20/H20)^2) | U20: =IF(T20=0,"",(S20/T20-1)*100) | V20: =AVERAGE((L20/E20)^2,(L20/H20)^2) | W20: =IF(ABS(E20-汇总!B25)<=ABS(H20-汇总!B25),E20,H20) | X20: =(K20/W20)^2 | Y20: =IF(N20>10,"HIGH_TVW_CV",IF(J20<3,"SHORT_INTERFACE","PASS")) | Z20: Di1、TVW均值、Di2均来自本Pair_ID；TVW=3–5法线平均 | AA20: 样品44
A21: 44(6)-P01 | B21: 44 (6).tif | C21: 44(6)-V02 | D21: =导管母表_860!F112 | E21: =导管母表_860!G112 | F21: 44(6)-V03 | G21: =导管母表_860!F113 | H21: =导管母表_860!G113 | I21: J32:J34 | J21: =COUNT(TVW线测量明细!J32:J34) | K21: =AVERAGE(TVW线测量明细!J32:J34) | L21: =MEDIAN(TVW线测量明细!J32:J34) | M21: =IF(J21>1,STDEV(TVW线测量明细!J32:J34),0) | N21: =IF(K21=0,"",M21/K21*100) | O21: 6.2175433 | P21: =IF(O21=0,"",(K21/O21-1)*100) | Q21: =(K21/E21)^2 | R21: =(K21/H21)^2 | S21: =AVERAGE(Q21,R21) | T21: =AVERAGE((O21/E21)^2,(O21/H21)^2) | U21: =IF(T21=0,"",(S21/T21-1)*100) | V21: =AVERAGE((L21/E21)^2,(L21/H21)^2) | W21: =IF(ABS(E21-汇总!B25)<=ABS(H21-汇总!B25),E21,H21) | X21: =(K21/W21)^2 | Y21: =IF(N21>10,"HIGH_TVW_CV",IF(J21<3,"SHORT_INTERFACE","PASS")) | Z21: Di1、TVW均值、Di2均来自本Pair_ID；TVW=3–5法线平均 | AA21: 样品44
A22: 44(7)-P01 | B22: 44 (7).tif | C22: 44(7)-V01 | D22: =导管母表_860!F114 | E22: =导管母表_860!G114 | F22: 44(7)-V02 | G22: =导管母表_860!F115 | H22: =导管母表_860!G115 | I22: J35:J36 | J22: =COUNT(TVW线测量明细!J35:J36) | K22: =AVERAGE(TVW线测量明细!J35:J36) | L22: =MEDIAN(TVW线测量明细!J35:J36) | M22: =IF(J22>1,STDEV(TVW线测量明细!J35:J36),0) | N22: =IF(K22=0,"",M22/K22*100) | O22: 8.7741026 | P22: =IF(O22=0,"",(K22/O22-1)*100) | Q22: =(K22/E22)^2 | R22: =(K22/H22)^2 | S22: =AVERAGE(Q22,R22) | T22: =AVERAGE((O22/E22)^2,(O22/H22)^2) | U22: =IF(T22=0,"",(S22/T22-1)*100) | V22: =AVERAGE((L22/E22)^2,(L22/H22)^2) | W22: =IF(ABS(E22-汇总!B25)<=ABS(H22-汇总!B25),E22,H22) | X22: =(K22/W22)^2 | Y22: =IF(N22>10,"HIGH_TVW_CV",IF(J22<3,"SHORT_INTERFACE","PASS")) | Z22: Di1、TVW均值、Di2均来自本Pair_ID；TVW=3–5法线平均 | AA22: 样品44
A23: 44(8)-P01 | B23: 44 (8).tif | C23: 44(8)-V02 | D23: =导管母表_860!F117 | E23: =导管母表_860!G117 | F23: 44(8)-V04 | G23: =导管母表_860!F119 | H23: =导管母表_860!G119 | I23: J37:J37 | J23: =COUNT(TVW线测量明细!J37:J37) | K23: =AVERAGE(TVW线测量明细!J37:J37) | L23: =MEDIAN(TVW线测量明细!J37:J37) | M23: =IF(J23>1,STDEV(TVW线测量明细!J37:J37),0) | N23: =IF(K23=0,"",M23/K23*100) | O23: 7.8532139 | P23: =IF(O23=0,"",(K23/O23-1)*100) | Q23: =(K23/E23)^2 | R23: =(K23/H23)^2 | S23: =AVERAGE(Q23,R23) | T23: =AVERAGE((O23/E23)^2,(O23/H23)^2) | U23: =IF(T23=0,"",(S23/T23-1)*100) | V23: =AVERAGE((L23/E23)^2,(L23/H23)^2) | W23: =IF(ABS(E23-汇总!B25)<=ABS(H23-汇总!B25),E23,H23) | X23: =(K23/W23)^2 | Y23: =IF(N23>10,"HIGH_TVW_CV",IF(J23<3,"SHORT_INTERFACE","PASS")) | Z23: Di1、TVW均值、Di2均来自本Pair_ID；TVW=3–5法线平均 | AA23: 样品44
A24: 45(1)-P01 | B24: 45 (1).tif | C24: 45(1)-V02 | D24: =导管母表_860!F123 | E24: =导管母表_860!G123 | F24: 45(1)-V05 | G24: =导管母表_860!F126 | H24: =导管母表_860!G126 | I24: J38:J38 | J24: =COUNT(TVW线测量明细!J38:J38) | K24: =AVERAGE(TVW线测量明细!J38:J38) | L24: =MEDIAN(TVW线测量明细!J38:J38) | M24: =IF(J24>1,STDEV(TVW线测量明细!J38:J38),0) | N24: =IF(K24=0,"",M24/K24*100) | O24: 4.9620488 | P24: =IF(O24=0,"",(K24/O24-1)*100) | Q24: =(K24/E24)^2 | R24: =(K24/H24)^2 | S24: =AVERAGE(Q24,R24) | T24: =AVERAGE((O24/E24)^2,(O24/H24)^2) | U24: =IF(T24=0,"",(S24/T24-1)*100) | V24: =AVERAGE((L24/E24)^2,(L24/H24)^2) | W24: =IF(ABS(E24-汇总!B25)<=ABS(H24-汇总!B25),E24,H24) | X24: =(K24/W24)^2 | Y24: =IF(N24>10,"HIGH_TVW_CV",IF(J24<3,"SHORT_INTERFACE","PASS")) | Z24: Di1、TVW均值、Di2均来自本Pair_ID；TVW=3–5法线平均 | AA24: 样品45
A25: 45(1)-P02 | B25: 45 (1).tif | C25: 45(1)-V03 | D25: =导管母表_860!F124 | E25: =导管母表_860!G124 | F25: 45(1)-V08 | G25: =导管母表_860!F129 | H25: =导管母表_860!G129 | I25: J39:J39 | J25: =COUNT(TVW线测量明细!J39:J39) | K25: =AVERAGE(TVW线测量明细!J39:J39) | L25: =MEDIAN(TVW线测量明细!J39:J39) | M25: =IF(J25>1,STDEV(TVW线测量明细!J39:J39),0) | N25: =IF(K25=0,"",M25/K25*100) | O25: 0 | P25: =IF(O25=0,"",(K25/O25-1)*100) | Q25: =(K25/E25)^2 | R25: =(K25/H25)^2 | S25: =AVERAGE(Q25,R25) | T25: =AVERAGE((O25/E25)^2,(O25/H25)^2) | U25: =IF(T25=0,"",(S25/T25-1)*100) | V25: =AVERAGE((L25/E25)^2,(L25/H25)^2) | W25: =IF(ABS(E25-汇总!B25)<=ABS(H25-汇总!B25),E25,H25) | X25: =(K25/W25)^2 | Y25: =IF(N25>10,"HIGH_TVW_CV",IF(J25<3,"SHORT_INTERFACE","PASS")) | Z25: Di1、TVW均值、Di2均来自本Pair_ID；TVW=3–5法线平均 | AA25: 样品45
A26: 45(2)-P01 | B26: 45 (2).tif | C26: 45(2)-V03 | D26: =导管母表_860!F132 | E26: =导管母表_860!G132 | F26: 45(2)-V07 | G26: =导管母表_860!F136 | H26: =导管母表_860!G136 | I26: J40:J40 | J26: =COUNT(TVW线测量明细!J40:J40) | K26: =AVERAGE(TVW线测量明细!J40:J40) | L26: =MEDIAN(TVW线测量明细!J40:J40) | M26: =IF(J26>1,STDEV(TVW线测量明细!J40:J40),0) | N26: =IF(K26=0,"",M26/K26*100) | O26: 0.43478261 | P26: =IF(O26=0,"",(K26/O26-1)*100) | Q26: =(K26/E26)^2 | R26: =(K26/H26)^2 | S26: =AVERAGE(Q26,R26) | T26: =AVERAGE((O26/E26)^2,(O26/H26)^2) | U26: =IF(T26=0,"",(S26/T26-1)*100) | V26: =AVERAGE((L26/E26)^2,(L26/H26)^2) | W26: =IF(ABS(E26-汇总!B25)<=ABS(H26-汇总!B25),E26,H26) | X26: =(K26/W26)^2 | Y26: =IF(N26>10,"HIGH_TVW_CV",IF(J26<3,"SHORT_INTERFACE","PASS")) | Z26: Di1、TVW均值、Di2均来自本Pair_ID；TVW=3–5法线平均 | AA26: 样品45
A27: 45(4)-P01 | B27: 45 (4).tif | C27: 45(4)-V02 | D27: =导管母表_860!F142 | E27: =导管母表_860!G142 | F27: 45(4)-V06 | G27: =导管母表_860!F146 | H27: =导管母表_860!G146 | I27: J41:J42 | J27: =COUNT(TVW线测量明细!J41:J42) | K27: =AVERAGE(TVW线测量明细!J41:J42) | L27: =MEDIAN(TVW线测量明细!J41:J42) | M27: =IF(J27>1,STDEV(TVW线测量明细!J41:J42),0) | N27: =IF(K27=0,"",M27/K27*100) | O27: 2.2696318 | P27: =IF(O27=0,"",(K27/O27-1)*100) | Q27: =(K27/E27)^2 | R27: =(K27/H27)^2 | S27: =AVERAGE(Q27,R27) | T27: =AVERAGE((O27/E27)^2,(O27/H27)^2) | U27: =IF(T27=0,"",(S27/T27-1)*100) | V27: =AVERAGE((L27/E27)^2,(L27/H27)^2) | W27: =IF(ABS(E27-汇总!B25)<=ABS(H27-汇总!B25),E27,H27) | X27: =(K27/W27)^2 | Y27: =IF(N27>10,"HIGH_TVW_CV",IF(J27<3,"SHORT_INTERFACE","PASS")) | Z27: Di1、TVW均值、Di2均来自本Pair_ID；TVW=3–5法线平均 | AA27: 样品45
A28: 45(5)-P01 | B28: 45 (5).tif | C28: 45(5)-V01 | D28: =导管母表_860!F149 | E28: =导管母表_860!G149 | F28: 45(5)-V02 | G28: =导管母表_860!F150 | H28: =导管母表_860!G150 | I28: J43:J43 | J28: =COUNT(TVW线测量明细!J43:J43) | K28: =AVERAGE(TVW线测量明细!J43:J43) | L28: =MEDIAN(TVW线测量明细!J43:J43) | M28: =IF(J28>1,STDEV(TVW线测量明细!J43:J43),0) | N28: =IF(K28=0,"",M28/K28*100) | O28: 0 | P28: =IF(O28=0,"",(K28/O28-1)*100) | Q28: =(K28/E28)^2 | R28: =(K28/H28)^2 | S28: =AVERAGE(Q28,R28) | T28: =AVERAGE((O28/E28)^2,(O28/H28)^2) | U28: =IF(T28=0,"",(S28/T28-1)*100) | V28: =AVERAGE((L28/E28)^2,(L28/H28)^2) | W28: =IF(ABS(E28-汇总!B25)<=ABS(H28-汇总!B25),E28,H28) | X28: =(K28/W28)^2 | Y28: =IF(N28>10,"HIGH_TVW_CV",IF(J28<3,"SHORT_INTERFACE","PASS")) | Z28: Di1、TVW均值、Di2均来自本Pair_ID；TVW=3–5法线平均 | AA28: 样品45
A29: 45(6)-P01 | B29: 45 (6).tif | C29: 45(6)-V01 | D29: =导管母表_860!F153 | E29: =导管母表_860!G153 | F29: 45(6)-V02 | G29: =导管母表_860!F154 | H29: =导管母表_860!G154 | I29: J44:J45 | J29: =COUNT(TVW线测量明细!J44:J45) | K29: =AVERAGE(TVW线测量明细!J44:J45) | L29: =MEDIAN(TVW线测量明细!J44:J45) | M29: =IF(J29>1,STDEV(TVW线测量明细!J44:J45),0) | N29: =IF(K29=0,"",M29/K29*100) | O29: 5.4347826 | P29: =IF(O29=0,"",(K29/O29-1)*100) | Q29: =(K29/E29)^2 | R29: =(K29/H29)^2 | S29: =AVERAGE(Q29,R29) | T29: =AVERAGE((O29/E29)^2,(O29/H29)^2) | U29: =IF(T29=0,"",(S29/T29-1)*100) | V29: =AVERAGE((L29/E29)^2,(L29/H29)^2) | W29: =IF(ABS(E29-汇总!B25)<=ABS(H29-汇总!B25),E29,H29) | X29: =(K29/W29)^2 | Y29: =IF(N29>10,"HIGH_TVW_CV",IF(J29<3,"SHORT_INTERFACE","PASS")) | Z29: Di1、TVW均值、Di2均来自本Pair_ID；TVW=3–5法线平均 | AA29: 样品45
A30: 45(7)-P01 | B30: 45 (7).tif | C30: 45(7)-V01 | D30: =导管母表_860!F155 | E30: =导管母表_860!G155 | F30: 45(7)-V02 | G30: =导管母表_860!F156 | H30: =导管母表_860!G156 | I30: J46:J47 | J30: =COUNT(TVW线测量明细!J46:J47) | K30: =AVERAGE(TVW线测量明细!J46:J47) | L30: =MEDIAN(TVW线测量明细!J46:J47) | M30: =IF(J30>1,STDEV(TVW线测量明细!J46:J47),0) | N30: =IF(K30=0,"",M30/K30*100) | O30: 7.6365948 | P30: =IF(O30=0,"",(K30/O30-1)*100) | Q30: =(K30/E30)^2 | R30: =(K30/H30)^2 | S30: =AVERAGE(Q30,R30) | T30: =AVERAGE((O30/E30)^2,(O30/H30)^2) | U30: =IF(T30=0,"",(S30/T30-1)*100) | V30: =AVERAGE((L30/E30)^2,(L30/H30)^2) | W30: =IF(ABS(E30-汇总!B25)<=ABS(H30-汇总!B25),E30,H30) | X30: =(K30/W30)^2 | Y30: =IF(N30>10,"HIGH_TVW_CV",IF(J30<3,"SHORT_INTERFACE","PASS")) | Z30: Di1、TVW均值、Di2均来自本Pair_ID；TVW=3–5法线平均 | AA30: 样品45
A31: 46(1)-P01 | B31: 46 (1).tif | C31: 46(1)-V02 | D31: =导管母表_860!F162 | E31: =导管母表_860!G162 | F31: 46(1)-V03 | G31: =导管母表_860!F163 | H31: =导管母表_860!G163 | I31: J48:J48 | J31: =COUNT(TVW线测量明细!J48:J48) | K31: =AVERAGE(TVW线测量明细!J48:J48) | L31: =MEDIAN(TVW线测量明细!J48:J48) | M31: =IF(J31>1,STDEV(TVW线测量明细!J48:J48),0) | N31: =IF(K31=0,"",M31/K31*100) | O31: 6.0284455 | P31: =IF(O31=0,"",(K31/O31-1)*100) | Q31: =(K31/E31)^2 | R31: =(K31/H31)^2 | S31: =AVERAGE(Q31,R31) | T31: =AVERAGE((O31/E31)^2,(O31/H31)^2) | U31: =IF(T31=0,"",(S31/T31-1)*100) | V31: =AVERAGE((L31/E31)^2,(L31/H31)^2) | W31: =IF(ABS(E31-汇总!B25)<=ABS(H31-汇总!B25),E31,H31) | X31: =(K31/W31)^2 | Y31: =IF(N31>10,"HIGH_TVW_CV",IF(J31<3,"SHORT_INTERFACE","PASS")) | Z31: Di1、TVW均值、Di2均来自本Pair_ID；TVW=3–5法线平均 | AA31: 样品46
A32: 46(3)-P01 | B32: 46 (3).tif | C32: 46(3)-V01 | D32: =导管母表_860!F168 | E32: =导管母表_860!G168 | F32: 46(3)-V02 | G32: =导管母表_860!F169 | H32: =导管母表_860!G169 | I32: J49:J49 | J32: =COUNT(TVW线测量明细!J49:J49) | K32: =AVERAGE(TVW线测量明细!J49:J49) | L32: =MEDIAN(TVW线测量明细!J49:J49) | M32: =IF(J32>1,STDEV(TVW线测量明细!J49:J49),0) | N32: =IF(K32=0,"",M32/K32*100) | O32: 2.341376 | P32: =IF(O32=0,"",(K32/O32-1)*100) | Q32: =(K32/E32)^2 | R32: =(K32/H32)^2 | S32: =AVERAGE(Q32,R32) | T32: =AVERAGE((O32/E32)^2,(O32/H32)^2) | U32: =IF(T32=0,"",(S32/T32-1)*100) | V32: =AVERAGE((L32/E32)^2,(L32/H32)^2) | W32: =IF(ABS(E32-汇总!B25)<=ABS(H32-汇总!B25),E32,H32) | X32: =(K32/W32)^2 | Y32: =IF(N32>10,"HIGH_TVW_CV",IF(J32<3,"SHORT_INTERFACE","PASS")) | Z32: Di1、TVW均值、Di2均来自本Pair_ID；TVW=3–5法线平均 | AA32: 样品46
A33: 46(5)-P01 | B33: 46 (5).tif | C33: 46(5)-V02 | D33: =导管母表_860!F175 | E33: =导管母表_860!G175 | F33: 46(5)-V06 | G33: =导管母表_860!F179 | H33: =导管母表_860!G179 | I33: J50:J52 | J33: =COUNT(TVW线测量明细!J50:J52) | K33: =AVERAGE(TVW线测量明细!J50:J52) | L33: =MEDIAN(TVW线测量明细!J50:J52) | M33: =IF(J33>1,STDEV(TVW线测量明细!J50:J52),0) | N33: =IF(K33=0,"",M33/K33*100) | O33: 5.070393 | P33: =IF(O33=0,"",(K33/O33-1)*100) | Q33: =(K33/E33)^2 | R33: =(K33/H33)^2 | S33: =AVERAGE(Q33,R33) | T33: =AVERAGE((O33/E33)^2,(O33/H33)^2) | U33: =IF(T33=0,"",(S33/T33-1)*100) | V33: =AVERAGE((L33/E33)^2,(L33/H33)^2) | W33: =IF(ABS(E33-汇总!B25)<=ABS(H33-汇总!B25),E33,H33) | X33: =(K33/W33)^2 | Y33: =IF(N33>10,"HIGH_TVW_CV",IF(J33<3,"SHORT_INTERFACE","PASS")) | Z33: Di1、TVW均值、Di2均来自本Pair_ID；TVW=3–5法线平均 | AA33: 样品46
A34: 46(7)-P01 | B34: 46 (7).tif | C34: 46(7)-V01 | D34: =导管母表_860!F183 | E34: =导管母表_860!G183 | F34: 46(7)-V02 | G34: =导管母表_860!F184 | H34: =导管母表_860!G184 | I34: J53:J56 | J34: =COUNT(TVW线测量明细!J53:J56) | K34: =AVERAGE(TVW线测量明细!J53:J56) | L34: =MEDIAN(TVW线测量明细!J53:J56) | M34: =IF(J34>1,STDEV(TVW线测量明细!J53:J56),0) | N34: =IF(K34=0,"",M34/K34*100) | O34: 3.8888139 | P34: =IF(O34=0,"",(K34/O34-1)*100) | Q34: =(K34/E34)^2 | R34: =(K34/H34)^2 | S34: =AVERAGE(Q34,R34) | T34: =AVERAGE((O34/E34)^2,(O34/H34)^2) | U34: =IF(T34=0,"",(S34/T34-1)*100) | V34: =AVERAGE((L34/E34)^2,(L34/H34)^2) | W34: =IF(ABS(E34-汇总!B25)<=ABS(H34-汇总!B25),E34,H34) | X34: =(K34/W34)^2 | Y34: =IF(N34>10,"HIGH_TVW_CV",IF(J34<3,"SHORT_INTERFACE","PASS")) | Z34: Di1、TVW均值、Di2均来自本Pair_ID；TVW=3–5法线平均 | AA34: 样品46
A35: 47(1)-P01 | B35: 47 (1).tif | C35: 47(1)-V03 | D35: =导管母表_860!F193 | E35: =导管母表_860!G193 | F35: 47(1)-V05 | G35: =导管母表_860!F195 | H35: =导管母表_860!G195 | I35: J57:J58 | J35: =COUNT(TVW线测量明细!J57:J58) | K35: =AVERAGE(TVW线测量明细!J57:J58) | L35: =MEDIAN(TVW线测量明细!J57:J58) | M35: =IF(J35>1,STDEV(TVW线测量明细!J57:J58),0) | N35: =IF(K35=0,"",M35/K35*100) | O35: 11.27295 | P35: =IF(O35=0,"",(K35/O35-1)*100) | Q35: =(K35/E35)^2 | R35: =(K35/H35)^2 | S35: =AVERAGE(Q35,R35) | T35: =AVERAGE((O35/E35)^2,(O35/H35)^2) | U35: =IF(T35=0,"",(S35/T35-1)*100) | V35: =AVERAGE((L35/E35)^2,(L35/H35)^2) | W35: =IF(ABS(E35-汇总!B25)<=ABS(H35-汇总!B25),E35,H35) | X35: =(K35/W35)^2 | Y35: =IF(N35>10,"HIGH_TVW_CV",IF(J35<3,"SHORT_INTERFACE","PASS")) | Z35: Di1、TVW均值、Di2均来自本Pair_ID；TVW=3–5法线平均 | AA35: 样品47
A36: 47(3)-P01 | B36: 47 (3).tif | C36: 47(3)-V04 | D36: =导管母表_860!F204 | E36: =导管母表_860!G204 | F36: 47(3)-V05 | G36: =导管母表_860!F205 | H36: =导管母表_860!G205 | I36: J59:J61 | J36: =COUNT(TVW线测量明细!J59:J61) | K36: =AVERAGE(TVW线测量明细!J59:J61) | L36: =MEDIAN(TVW线测量明细!J59:J61) | M36: =IF(J36>1,STDEV(TVW线测量明细!J59:J61),0) | N36: =IF(K36=0,"",M36/K36*100) | O36: 5.2354759 | P36: =IF(O36=0,"",(K36/O36-1)*100) | Q36: =(K36/E36)^2 | R36: =(K36/H36)^2 | S36: =AVERAGE(Q36,R36) | T36: =AVERAGE((O36/E36)^2,(O36/H36)^2) | U36: =IF(T36=0,"",(S36/T36-1)*100) | V36: =AVERAGE((L36/E36)^2,(L36/H36)^2) | W36: =IF(ABS(E36-汇总!B25)<=ABS(H36-汇总!B25),E36,H36) | X36: =(K36/W36)^2 | Y36: =IF(N36>10,"HIGH_TVW_CV",IF(J36<3,"SHORT_INTERFACE","PASS")) | Z36: Di1、TVW均值、Di2均来自本Pair_ID；TVW=3–5法线平均 | AA36: 样品47
A37: 47(5)-P01 | B37: 47 (5).tif | C37: 47(5)-V03 | D37: =导管母表_860!F213 | E37: =导管母表_860!G213 | F37: 47(5)-V04 | G37: =导管母表_860!F214 | H37: =导管母表_860!G214 | I37: J62:J62 | J37: =COUNT(TVW线测量明细!J62:J62) | K37: =AVERAGE(TVW线测量明细!J62:J62) | L37: =MEDIAN(TVW线测量明细!J62:J62) | M37: =IF(J37>1,STDEV(TVW线测量明细!J62:J62),0) | N37: =IF(K37=0,"",M37/K37*100) | O37: 0 | P37: =IF(O37=0,"",(K37/O37-1)*100) | Q37: =(K37/E37)^2 | R37: =(K37/H37)^2 | S37: =AVERAGE(Q37,R37) | T37: =AVERAGE((O37/E37)^2,(O37/H37)^2) | U37: =IF(T37=0,"",(S37/T37-1)*100) | V37: =AVERAGE((L37/E37)^2,(L37/H37)^2) | W37: =IF(ABS(E37-汇总!B25)<=ABS(H37-汇总!B25),E37,H37) | X37: =(K37/W37)^2 | Y37: =IF(N37>10,"HIGH_TVW_CV",IF(J37<3,"SHORT_INTERFACE","PASS")) | Z37: Di1、TVW均值、Di2均来自本Pair_ID；TVW=3–5法线平均 | AA37: 样品47
A38: 47(6)-P01 | B38: 47 (6).tif | C38: 47(6)-V03 | D38: =导管母表_860!F217 | E38: =导管母表_860!G217 | F38: 47(6)-V04 | G38: =导管母表_860!F218 | H38: =导管母表_860!G218 | I38: J63:J63 | J38: =COUNT(TVW线测量明细!J63:J63) | K38: =AVERAGE(TVW线测量明细!J63:J63) | L38: =MEDIAN(TVW线测量明细!J63:J63) | M38: =IF(J38>1,STDEV(TVW线测量明细!J63:J63),0) | N38: =IF(K38=0,"",M38/K38*100) | O38: 0 | P38: =IF(O38=0,"",(K38/O38-1)*100) | Q38: =(K38/E38)^2 | R38: =(K38/H38)^2 | S38: =AVERAGE(Q38,R38) | T38: =AVERAGE((O38/E38)^2,(O38/H38)^2) | U38: =IF(T38=0,"",(S38/T38-1)*100) | V38: =AVERAGE((L38/E38)^2,(L38/H38)^2) | W38: =IF(ABS(E38-汇总!B25)<=ABS(H38-汇总!B25),E38,H38) | X38: =(K38/W38)^2 | Y38: =IF(N38>10,"HIGH_TVW_CV",IF(J38<3,"SHORT_INTERFACE","PASS")) | Z38: Di1、TVW均值、Di2均来自本Pair_ID；TVW=3–5法线平均 | AA38: 样品47
A39: 47(7)-P01 | B39: 47 (7).tif | C39: 47(7)-V01 | D39: =导管母表_860!F219 | E39: =导管母表_860!G219 | F39: 47(7)-V09 | G39: =导管母表_860!F227 | H39: =导管母表_860!G227 | I39: J64:J64 | J39: =COUNT(TVW线测量明细!J64:J64) | K39: =AVERAGE(TVW线测量明细!J64:J64) | L39: =MEDIAN(TVW线测量明细!J64:J64) | M39: =IF(J39>1,STDEV(TVW线测量明细!J64:J64),0) | N39: =IF(K39=0,"",M39/K39*100) | O39: 0 | P39: =IF(O39=0,"",(K39/O39-1)*100) | Q39: =(K39/E39)^2 | R39: =(K39/H39)^2 | S39: =AVERAGE(Q39,R39) | T39: =AVERAGE((O39/E39)^2,(O39/H39)^2) | U39: =IF(T39=0,"",(S39/T39-1)*100) | V39: =AVERAGE((L39/E39)^2,(L39/H39)^2) | W39: =IF(ABS(E39-汇总!B25)<=ABS(H39-汇总!B25),E39,H39) | X39: =(K39/W39)^2 | Y39: =IF(N39>10,"HIGH_TVW_CV",IF(J39<3,"SHORT_INTERFACE","PASS")) | Z39: Di1、TVW均值、Di2均来自本Pair_ID；TVW=3–5法线平均 | AA39: 样品47
A40: 47(8)-P01 | B40: 47 (8).tif | C40: 47(8)-V03 | D40: =导管母表_860!F230 | E40: =导管母表_860!G230 | F40: 47(8)-V04 | G40: =导管母表_860!F231 | H40: =导管母表_860!G231 | I40: J65:J66 | J40: =COUNT(TVW线测量明细!J65:J66) | K40: =AVERAGE(TVW线测量明细!J65:J66) | L40: =MEDIAN(TVW线测量明细!J65:J66) | M40: =IF(J40>1,STDEV(TVW线测量明细!J65:J66),0) | N40: =IF(K40=0,"",M40/K40*100) | O40: 18.497433 | P40: =IF(O40=0,"",(K40/O40-1)*100) | Q40: =(K40/E40)^2 | R40: =(K40/H40)^2 | S40: =AVERAGE(Q40,R40) | T40: =AVERAGE((O40/E40)^2,(O40/H40)^2) | U40: =IF(T40=0,"",(S40/T40-1)*100) | V40: =AVERAGE((L40/E40)^2,(L40/H40)^2) | W40: =IF(ABS(E40-汇总!B25)<=ABS(H40-汇总!B25),E40,H40) | X40: =(K40/W40)^2 | Y40: =IF(N40>10,"HIGH_TVW_CV",IF(J40<3,"SHORT_INTERFACE","PASS")) | Z40: Di1、TVW均值、Di2均来自本Pair_ID；TVW=3–5法线平均 | AA40: 样品47
A41: 48(1)-P01 | B41: 48 (1).tif | C41: 48(1)-V01 | D41: =导管母表_860!F233 | E41: =导管母表_860!G233 | F41: 48(1)-V05 | G41: =导管母表_860!F237 | H41: =导管母表_860!G237 | I41: J67:J67 | J41: =COUNT(TVW线测量明细!J67:J67) | K41: =AVERAGE(TVW线测量明细!J67:J67) | L41: =MEDIAN(TVW线测量明细!J67:J67) | M41: =IF(J41>1,STDEV(TVW线测量明细!J67:J67),0) | N41: =IF(K41=0,"",M41/K41*100) | O41: 7.0173967 | P41: =IF(O41=0,"",(K41/O41-1)*100) | Q41: =(K41/E41)^2 | R41: =(K41/H41)^2 | S41: =AVERAGE(Q41,R41) | T41: =AVERAGE((O41/E41)^2,(O41/H41)^2) | U41: =IF(T41=0,"",(S41/T41-1)*100) | V41: =AVERAGE((L41/E41)^2,(L41/H41)^2) | W41: =IF(ABS(E41-汇总!B25)<=ABS(H41-汇总!B25),E41,H41) | X41: =(K41/W41)^2 | Y41: =IF(N41>10,"HIGH_TVW_CV",IF(J41<3,"SHORT_INTERFACE","PASS")) | Z41: Di1、TVW均值、Di2均来自本Pair_ID；TVW=3–5法线平均 | AA41: 样品48
A42: 48(2)-P01 | B42: 48 (2).tif | C42: 48(2)-V01 | D42: =导管母表_860!F239 | E42: =导管母表_860!G239 | F42: 48(2)-V02 | G42: =导管母表_860!F240 | H42: =导管母表_860!G240 | I42: J68:J68 | J42: =COUNT(TVW线测量明细!J68:J68) | K42: =AVERAGE(TVW线测量明细!J68:J68) | L42: =MEDIAN(TVW线测量明细!J68:J68) | M42: =IF(J42>1,STDEV(TVW线测量明细!J68:J68),0) | N42: =IF(K42=0,"",M42/K42*100) | O42: 6.822763 | P42: =IF(O42=0,"",(K42/O42-1)*100) | Q42: =(K42/E42)^2 | R42: =(K42/H42)^2 | S42: =AVERAGE(Q42,R42) | T42: =AVERAGE((O42/E42)^2,(O42/H42)^2) | U42: =IF(T42=0,"",(S42/T42-1)*100) | V42: =AVERAGE((L42/E42)^2,(L42/H42)^2) | W42: =IF(ABS(E42-汇总!B25)<=ABS(H42-汇总!B25),E42,H42) | X42: =(K42/W42)^2 | Y42: =IF(N42>10,"HIGH_TVW_CV",IF(J42<3,"SHORT_INTERFACE","PASS")) | Z42: Di1、TVW均值、Di2均来自本Pair_ID；TVW=3–5法线平均 | AA42: 样品48
A43: 48(3)-P01 | B43: 48 (3).tif | C43: 48(3)-V02 | D43: =导管母表_860!F243 | E43: =导管母表_860!G243 | F43: 48(3)-V03 | G43: =导管母表_860!F244 | H43: =导管母表_860!G244 | I43: J69:J69 | J43: =COUNT(TVW线测量明细!J69:J69) | K43: =AVERAGE(TVW线测量明细!J69:J69) | L43: =MEDIAN(TVW线测量明细!J69:J69) | M43: =IF(J43>1,STDEV(TVW线测量明细!J69:J69),0) | N43: =IF(K43=0,"",M43/K43*100) | O43: 6.4378665 | P43: =IF(O43=0,"",(K43/O43-1)*100) | Q43: =(K43/E43)^2 | R43: =(K43/H43)^2 | S43: =AVERAGE(Q43,R43) | T43: =AVERAGE((O43/E43)^2,(O43/H43)^2) | U43: =IF(T43=0,"",(S43/T43-1)*100) | V43: =AVERAGE((L43/E43)^2,(L43/H43)^2) | W43: =IF(ABS(E43-汇总!B25)<=ABS(H43-汇总!B25),E43,H43) | X43: =(K43/W43)^2 | Y43: =IF(N43>10,"HIGH_TVW_CV",IF(J43<3,"SHORT_INTERFACE","PASS")) | Z43: Di1、TVW均值、Di2均来自本Pair_ID；TVW=3–5法线平均 | AA43: 样品48
A44: 48(5)-P01 | B44: 48 (5).tif | C44: 48(5)-V02 | D44: =导管母表_860!F252 | E44: =导管母表_860!G252 | F44: 48(5)-V04 | G44: =导管母表_860!F254 | H44: =导管母表_860!G254 | I44: J70:J70 | J44: =COUNT(TVW线测量明细!J70:J70) | K44: =AVERAGE(TVW线测量明细!J70:J70) | L44: =MEDIAN(TVW线测量明细!J70:J70) | M44: =IF(J44>1,STDEV(TVW线测量明细!J70:J70),0) | N44: =IF(K44=0,"",M44/K44*100) | O44: 0.43478261 | P44: =IF(O44=0,"",(K44/O44-1)*100) | Q44: =(K44/E44)^2 | R44: =(K44/H44)^2 | S44: =AVERAGE(Q44,R44) | T44: =AVERAGE((O44/E44)^2,(O44/H44)^2) | U44: =IF(T44=0,"",(S44/T44-1)*100) | V44: =AVERAGE((L44/E44)^2,(L44/H44)^2) | W44: =IF(ABS(E44-汇总!B25)<=ABS(H44-汇总!B25),E44,H44) | X44: =(K44/W44)^2 | Y44: =IF(N44>10,"HIGH_TVW_CV",IF(J44<3,"SHORT_INTERFACE","PASS")) | Z44: Di1、TVW均值、Di2均来自本Pair_ID；TVW=3–5法线平均 | AA44: 样品48
A45: 48(6)-P01 | B45: 48 (6).tif | C45: 48(6)-V01 | D45: =导管母表_860!F257 | E45: =导管母表_860!G257 | F45: 48(6)-V02 | G45: =导管母表_860!F258 | H45: =导管母表_860!G258 | I45: J71:J72 | J45: =COUNT(TVW线测量明细!J71:J72) | K45: =AVERAGE(TVW线测量明细!J71:J72) | L45: =MEDIAN(TVW线测量明细!J71:J72) | M45: =IF(J45>1,STDEV(TVW线测量明细!J71:J72),0) | N45: =IF(K45=0,"",M45/K45*100) | O45: 5.6102121 | P45: =IF(O45=0,"",(K45/O45-1)*100) | Q45: =(K45/E45)^2 | R45: =(K45/H45)^2 | S45: =AVERAGE(Q45,R45) | T45: =AVERAGE((O45/E45)^2,(O45/H45)^2) | U45: =IF(T45=0,"",(S45/T45-1)*100) | V45: =AVERAGE((L45/E45)^2,(L45/H45)^2) | W45: =IF(ABS(E45-汇总!B25)<=ABS(H45-汇总!B25),E45,H45) | X45: =(K45/W45)^2 | Y45: =IF(N45>10,"HIGH_TVW_CV",IF(J45<3,"SHORT_INTERFACE","PASS")) | Z45: Di1、TVW均值、Di2均来自本Pair_ID；TVW=3–5法线平均 | AA45: 样品48
A46: 48(8)-P01 | B46: 48 (8).tif | C46: 48(8)-V01 | D46: =导管母表_860!F268 | E46: =导管母表_860!G268 | F46: 48(8)-V02 | G46: =导管母表_860!F269 | H46: =导管母表_860!G269 | I46: J73:J73 | J46: =COUNT(TVW线测量明细!J73:J73) | K46: =AVERAGE(TVW线测量明细!J73:J73) | L46: =MEDIAN(TVW线测量明细!J73:J73) | M46: =IF(J46>1,STDEV(TVW线测量明细!J73:J73),0) | N46: =IF(K46=0,"",M46/K46*100) | O46: 5.2173913 | P46: =IF(O46=0,"",(K46/O46-1)*100) | Q46: =(K46/E46)^2 | R46: =(K46/H46)^2 | S46: =AVERAGE(Q46,R46) | T46: =AVERAGE((O46/E46)^2,(O46/H46)^2) | U46: =IF(T46=0,"",(S46/T46-1)*100) | V46: =AVERAGE((L46/E46)^2,(L46/H46)^2) | W46: =IF(ABS(E46-汇总!B25)<=ABS(H46-汇总!B25),E46,H46) | X46: =(K46/W46)^2 | Y46: =IF(N46>10,"HIGH_TVW_CV",IF(J46<3,"SHORT_INTERFACE","PASS")) | Z46: Di1、TVW均值、Di2均来自本Pair_ID；TVW=3–5法线平均 | AA46: 样品48
A47: 49(3)-P01 | B47: 49 (3).tif | C47: 49(3)-V01 | D47: =导管母表_860!F279 | E47: =导管母表_860!G279 | F47: 49(3)-V02 | G47: =导管母表_860!F280 | H47: =导管母表_860!G280 | I47: J74:J75 | J47: =COUNT(TVW线测量明细!J74:J75) | K47: =AVERAGE(TVW线测量明细!J74:J75) | L47: =MEDIAN(TVW线测量明细!J74:J75) | M47: =IF(J47>1,STDEV(TVW线测量明细!J74:J75),0) | N47: =IF(K47=0,"",M47/K47*100) | O47: 8.2723033 | P47: =IF(O47=0,"",(K47/O47-1)*100) | Q47: =(K47/E47)^2 | R47: =(K47/H47)^2 | S47: =AVERAGE(Q47,R47) | T47: =AVERAGE((O47/E47)^2,(O47/H47)^2) | U47: =IF(T47=0,"",(S47/T47-1)*100) | V47: =AVERAGE((L47/E47)^2,(L47/H47)^2) | W47: =IF(ABS(E47-汇总!B25)<=ABS(H47-汇总!B25),E47,H47) | X47: =(K47/W47)^2 | Y47: =IF(N47>10,"HIGH_TVW_CV",IF(J47<3,"SHORT_INTERFACE","PASS")) | Z47: Di1、TVW均值、Di2均来自本Pair_ID；TVW=3–5法线平均 | AA47: 样品49
A48: 49(8)-P01 | B48: 49 (8).tif | C48: 49(8)-V01 | D48: =导管母表_860!F295 | E48: =导管母表_860!G295 | F48: 49(8)-V02 | G48: =导管母表_860!F296 | H48: =导管母表_860!G296 | I48: J76:J76 | J48: =COUNT(TVW线测量明细!J76:J76) | K48: =AVERAGE(TVW线测量明细!J76:J76) | L48: =MEDIAN(TVW线测量明细!J76:J76) | M48: =IF(J48>1,STDEV(TVW线测量明细!J76:J76),0) | N48: =IF(K48=0,"",M48/K48*100) | O48: 8.4894018 | P48: =IF(O48=0,"",(K48/O48-1)*100) | Q48: =(K48/E48)^2 | R48: =(K48/H48)^2 | S48: =AVERAGE(Q48,R48) | T48: =AVERAGE((O48/E48)^2,(O48/H48)^2) | U48: =IF(T48=0,"",(S48/T48-1)*100) | V48: =AVERAGE((L48/E48)^2,(L48/H48)^2) | W48: =IF(ABS(E48-汇总!B25)<=ABS(H48-汇总!B25),E48,H48) | X48: =(K48/W48)^2 | Y48: =IF(N48>10,"HIGH_TVW_CV",IF(J48<3,"SHORT_INTERFACE","PASS")) | Z48: Di1、TVW均值、Di2均来自本Pair_ID；TVW=3–5法线平均 | AA48: 样品49
A49: 50(2)-P01 | B49: 50 (2).tif | C49: 50(2)-V01 | D49: =导管母表_860!F302 | E49: =导管母表_860!G302 | F49: 50(2)-V02 | G49: =导管母表_860!F303 | H49: =导管母表_860!G303 | I49: J77:J78 | J49: =COUNT(TVW线测量明细!J77:J78) | K49: =AVERAGE(TVW线测量明细!J77:J78) | L49: =MEDIAN(TVW线测量明细!J77:J78) | M49: =IF(J49>1,STDEV(TVW线测量明细!J77:J78),0) | N49: =IF(K49=0,"",M49/K49*100) | O49: 6.3379912 | P49: =IF(O49=0,"",(K49/O49-1)*100) | Q49: =(K49/E49)^2 | R49: =(K49/H49)^2 | S49: =AVERAGE(Q49,R49) | T49: =AVERAGE((O49/E49)^2,(O49/H49)^2) | U49: =IF(T49=0,"",(S49/T49-1)*100) | V49: =AVERAGE((L49/E49)^2,(L49/H49)^2) | W49: =IF(ABS(E49-汇总!B25)<=ABS(H49-汇总!B25),E49,H49) | X49: =(K49/W49)^2 | Y49: =IF(N49>10,"HIGH_TVW_CV",IF(J49<3,"SHORT_INTERFACE","PASS")) | Z49: Di1、TVW均值、Di2均来自本Pair_ID；TVW=3–5法线平均 | AA49: 样品50
A50: 50(3)-P01 | B50: 50 (3).tif | C50: 50(3)-V01 | D50: =导管母表_860!F309 | E50: =导管母表_860!G309 | F50: 50(3)-V02 | G50: =导管母表_860!F310 | H50: =导管母表_860!G310 | I50: J79:J81 | J50: =COUNT(TVW线测量明细!J79:J81) | K50: =AVERAGE(TVW线测量明细!J79:J81) | L50: =MEDIAN(TVW线测量明细!J79:J81) | M50: =IF(J50>1,STDEV(TVW线测量明细!J79:J81),0) | N50: =IF(K50=0,"",M50/K50*100) | O50: 5.130619 | P50: =IF(O50=0,"",(K50/O50-1)*100) | Q50: =(K50/E50)^2 | R50: =(K50/H50)^2 | S50: =AVERAGE(Q50,R50) | T50: =AVERAGE((O50/E50)^2,(O50/H50)^2) | U50: =IF(T50=0,"",(S50/T50-1)*100) | V50: =AVERAGE((L50/E50)^2,(L50/H50)^2) | W50: =IF(ABS(E50-汇总!B25)<=ABS(H50-汇总!B25),E50,H50) | X50: =(K50/W50)^2 | Y50: =IF(N50>10,"HIGH_TVW_CV",IF(J50<3,"SHORT_INTERFACE","PASS")) | Z50: Di1、TVW均值、Di2均来自本Pair_ID；TVW=3–5法线平均 | AA50: 样品50
A51: 50(6)-P01 | B51: 50 (6).tif | C51: 50(6)-V01 | D51: =导管母表_860!F321 | E51: =导管母表_860!G321 | F51: 50(6)-V02 | G51: =导管母表_860!F322 | H51: =导管母表_860!G322 | I51: J82:J83 | J51: =COUNT(TVW线测量明细!J82:J83) | K51: =AVERAGE(TVW线测量明细!J82:J83) | L51: =MEDIAN(TVW线测量明细!J82:J83) | M51: =IF(J51>1,STDEV(TVW线测量明细!J82:J83),0) | N51: =IF(K51=0,"",M51/K51*100) | O51: 8.0698744 | P51: =IF(O51=0,"",(K51/O51-1)*100) | Q51: =(K51/E51)^2 | R51: =(K51/H51)^2 | S51: =AVERAGE(Q51,R51) | T51: =AVERAGE((O51/E51)^2,(O51/H51)^2) | U51: =IF(T51=0,"",(S51/T51-1)*100) | V51: =AVERAGE((L51/E51)^2,(L51/H51)^2) | W51: =IF(ABS(E51-汇总!B25)<=ABS(H51-汇总!B25),E51,H51) | X51: =(K51/W51)^2 | Y51: =IF(N51>10,"HIGH_TVW_CV",IF(J51<3,"SHORT_INTERFACE","PASS")) | Z51: Di1、TVW均值、Di2均来自本Pair_ID；TVW=3–5法线平均 | AA51: 样品50
A52: 50(7)-P01 | B52: 50 (7).tif | C52: 50(7)-V01 | D52: =导管母表_860!F327 | E52: =导管母表_860!G327 | F52: 50(7)-V02 | G52: =导管母表_860!F328 | H52: =导管母表_860!G328 | I52: J84:J85 | J52: =COUNT(TVW线测量明细!J84:J85) | K52: =AVERAGE(TVW线测量明细!J84:J85) | L52: =MEDIAN(TVW线测量明细!J84:J85) | M52: =IF(J52>1,STDEV(TVW线测量明细!J84:J85),0) | N52: =IF(K52=0,"",M52/K52*100) | O52: 18.391099 | P52: =IF(O52=0,"",(K52/O52-1)*100) | Q52: =(K52/E52)^2 | R52: =(K52/H52)^2 | S52: =AVERAGE(Q52,R52) | T52: =AVERAGE((O52/E52)^2,(O52/H52)^2) | U52: =IF(T52=0,"",(S52/T52-1)*100) | V52: =AVERAGE((L52/E52)^2,(L52/H52)^2) | W52: =IF(ABS(E52-汇总!B25)<=ABS(H52-汇总!B25),E52,H52) | X52: =(K52/W52)^2 | Y52: =IF(N52>10,"HIGH_TVW_CV",IF(J52<3,"SHORT_INTERFACE","PASS")) | Z52: Di1、TVW均值、Di2均来自本Pair_ID；TVW=3–5法线平均 | AA52: 样品50
A53: 50(8)-P01 | B53: 50 (8).tif | C53: 50(8)-V01 | D53: =导管母表_860!F331 | E53: =导管母表_860!G331 | F53: 50(8)-V03 | G53: =导管母表_860!F333 | H53: =导管母表_860!G333 | I53: J86:J86 | J53: =COUNT(TVW线测量明细!J86:J86) | K53: =AVERAGE(TVW线测量明细!J86:J86) | L53: =MEDIAN(TVW线测量明细!J86:J86) | M53: =IF(J53>1,STDEV(TVW线测量明细!J86:J86),0) | N53: =IF(K53=0,"",M53/K53*100) | O53: 5.1855915 | P53: =IF(O53=0,"",(K53/O53-1)*100) | Q53: =(K53/E53)^2 | R53: =(K53/H53)^2 | S53: =AVERAGE(Q53,R53) | T53: =AVERAGE((O53/E53)^2,(O53/H53)^2) | U53: =IF(T53=0,"",(S53/T53-1)*100) | V53: =AVERAGE((L53/E53)^2,(L53/H53)^2) | W53: =IF(ABS(E53-汇总!B25)<=ABS(H53-汇总!B25),E53,H53) | X53: =(K53/W53)^2 | Y53: =IF(N53>10,"HIGH_TVW_CV",IF(J53<3,"SHORT_INTERFACE","PASS")) | Z53: Di1、TVW均值、Di2均来自本Pair_ID；TVW=3–5法线平均 | AA53: 样品50
A54: 51(5)-P01 | B54: 51 (5).tif | C54: 51(5)-V01 | D54: =导管母表_860!F355 | E54: =导管母表_860!G355 | F54: 51(5)-V03 | G54: =导管母表_860!F357 | H54: =导管母表_860!G357 | I54: J87:J87 | J54: =COUNT(TVW线测量明细!J87:J87) | K54: =AVERAGE(TVW线测量明细!J87:J87) | L54: =MEDIAN(TVW线测量明细!J87:J87) | M54: =IF(J54>1,STDEV(TVW线测量明细!J87:J87),0) | N54: =IF(K54=0,"",M54/K54*100) | O54: 5.070393 | P54: =IF(O54=0,"",(K54/O54-1)*100) | Q54: =(K54/E54)^2 | R54: =(K54/H54)^2 | S54: =AVERAGE(Q54,R54) | T54: =AVERAGE((O54/E54)^2,(O54/H54)^2) | U54: =IF(T54=0,"",(S54/T54-1)*100) | V54: =AVERAGE((L54/E54)^2,(L54/H54)^2) | W54: =IF(ABS(E54-汇总!B25)<=ABS(H54-汇总!B25),E54,H54) | X54: =(K54/W54)^2 | Y54: =IF(N54>10,"HIGH_TVW_CV",IF(J54<3,"SHORT_INTERFACE","PASS")) | Z54: Di1、TVW均值、Di2均来自本Pair_ID；TVW=3–5法线平均 | AA54: 样品51
A55: 51(6)-P01 | B55: 51 (6).tif | C55: 51(6)-V01 | D55: =导管母表_860!F362 | E55: =导管母表_860!G362 | F55: 51(6)-V02 | G55: =导管母表_860!F363 | H55: =导管母表_860!G363 | I55: J88:J90 | J55: =COUNT(TVW线测量明细!J88:J90) | K55: =AVERAGE(TVW线测量明细!J88:J90) | L55: =MEDIAN(TVW线测量明细!J88:J90) | M55: =IF(J55>1,STDEV(TVW线测量明细!J88:J90),0) | N55: =IF(K55=0,"",M55/K55*100) | O55: 5.8413169 | P55: =IF(O55=0,"",(K55/O55-1)*100) | Q55: =(K55/E55)^2 | R55: =(K55/H55)^2 | S55: =AVERAGE(Q55,R55) | T55: =AVERAGE((O55/E55)^2,(O55/H55)^2) | U55: =IF(T55=0,"",(S55/T55-1)*100) | V55: =AVERAGE((L55/E55)^2,(L55/H55)^2) | W55: =IF(ABS(E55-汇总!B25)<=ABS(H55-汇总!B25),E55,H55) | X55: =(K55/W55)^2 | Y55: =IF(N55>10,"HIGH_TVW_CV",IF(J55<3,"SHORT_INTERFACE","PASS")) | Z55: Di1、TVW均值、Di2均来自本Pair_ID；TVW=3–5法线平均 | AA55: 样品51
A56: 52(2)-P01 | B56: 52 (2).tif | C56: 52(2)-V02 | D56: =导管母表_860!F386 | E56: =导管母表_860!G386 | F56: 52(2)-V03 | G56: =导管母表_860!F387 | H56: =导管母表_860!G387 | I56: J91:J93 | J56: =COUNT(TVW线测量明细!J91:J93) | K56: =AVERAGE(TVW线测量明细!J91:J93) | L56: =MEDIAN(TVW线测量明细!J91:J93) | M56: =IF(J56>1,STDEV(TVW线测量明细!J91:J93),0) | N56: =IF(K56=0,"",M56/K56*100) | O56: 11.813372 | P56: =IF(O56=0,"",(K56/O56-1)*100) | Q56: =(K56/E56)^2 | R56: =(K56/H56)^2 | S56: =AVERAGE(Q56,R56) | T56: =AVERAGE((O56/E56)^2,(O56/H56)^2) | U56: =IF(T56=0,"",(S56/T56-1)*100) | V56: =AVERAGE((L56/E56)^2,(L56/H56)^2) | W56: =IF(ABS(E56-汇总!B25)<=ABS(H56-汇总!B25),E56,H56) | X56: =(K56/W56)^2 | Y56: =IF(N56>10,"HIGH_TVW_CV",IF(J56<3,"SHORT_INTERFACE","PASS")) | Z56: Di1、TVW均值、Di2均来自本Pair_ID；TVW=3–5法线平均 | AA56: 样品52
A57: 52(3)-P01 | B57: 52 (3).tif | C57: 52(3)-V01 | D57: =导管母表_860!F389 | E57: =导管母表_860!G389 | F57: 52(3)-V02 | G57: =导管母表_860!F390 | H57: =导管母表_860!G390 | I57: J94:J96 | J57: =COUNT(TVW线测量明细!J94:J96) | K57: =AVERAGE(TVW线测量明细!J94:J96) | L57: =MEDIAN(TVW线测量明细!J94:J96) | M57: =IF(J57>1,STDEV(TVW线测量明细!J94:J96),0) | N57: =IF(K57=0,"",M57/K57*100) | O57: 17.227489 | P57: =IF(O57=0,"",(K57/O57-1)*100) | Q57: =(K57/E57)^2 | R57: =(K57/H57)^2 | S57: =AVERAGE(Q57,R57) | T57: =AVERAGE((O57/E57)^2,(O57/H57)^2) | U57: =IF(T57=0,"",(S57/T57-1)*100) | V57: =AVERAGE((L57/E57)^2,(L57/H57)^2) | W57: =IF(ABS(E57-汇总!B25)<=ABS(H57-汇总!B25),E57,H57) | X57: =(K57/W57)^2 | Y57: =IF(N57>10,"HIGH_TVW_CV",IF(J57<3,"SHORT_INTERFACE","PASS")) | Z57: Di1、TVW均值、Di2均来自本Pair_ID；TVW=3–5法线平均 | AA57: 样品52
A58: 52(4)-P01 | B58: 52 (4).tif | C58: 52(4)-V02 | D58: =导管母表_860!F394 | E58: =导管母表_860!G394 | F58: 52(4)-V03 | G58: =导管母表_860!F395 | H58: =导管母表_860!G395 | I58: J97:J100 | J58: =COUNT(TVW线测量明细!J97:J100) | K58: =AVERAGE(TVW线测量明细!J97:J100) | L58: =MEDIAN(TVW线测量明细!J97:J100) | M58: =IF(J58>1,STDEV(TVW线测量明细!J97:J100),0) | N58: =IF(K58=0,"",M58/K58*100) | O58: 6.3043478 | P58: =IF(O58=0,"",(K58/O58-1)*100) | Q58: =(K58/E58)^2 | R58: =(K58/H58)^2 | S58: =AVERAGE(Q58,R58) | T58: =AVERAGE((O58/E58)^2,(O58/H58)^2) | U58: =IF(T58=0,"",(S58/T58-1)*100) | V58: =AVERAGE((L58/E58)^2,(L58/H58)^2) | W58: =IF(ABS(E58-汇总!B25)<=ABS(H58-汇总!B25),E58,H58) | X58: =(K58/W58)^2 | Y58: =IF(N58>10,"HIGH_TVW_CV",IF(J58<3,"SHORT_INTERFACE","PASS")) | Z58: Di1、TVW均值、Di2均来自本Pair_ID；TVW=3–5法线平均 | AA58: 样品52
A59: 52(6)-P01 | B59: 52 (6).tif | C59: 52(6)-V01 | D59: =导管母表_860!F402 | E59: =导管母表_860!G402 | F59: 52(6)-V02 | G59: =导管母表_860!F403 | H59: =导管母表_860!G403 | I59: J101:J102 | J59: =COUNT(TVW线测量明细!J101:J102) | K59: =AVERAGE(TVW线测量明细!J101:J102) | L59: =MEDIAN(TVW线测量明细!J101:J102) | M59: =IF(J59>1,STDEV(TVW线测量明细!J101:J102),0) | N59: =IF(K59=0,"",M59/K59*100) | O59: 10.434783 | P59: =IF(O59=0,"",(K59/O59-1)*100) | Q59: =(K59/E59)^2 | R59: =(K59/H59)^2 | S59: =AVERAGE(Q59,R59) | T59: =AVERAGE((O59/E59)^2,(O59/H59)^2) | U59: =IF(T59=0,"",(S59/T59-1)*100) | V59: =AVERAGE((L59/E59)^2,(L59/H59)^2) | W59: =IF(ABS(E59-汇总!B25)<=ABS(H59-汇总!B25),E59,H59) | X59: =(K59/W59)^2 | Y59: =IF(N59>10,"HIGH_TVW_CV",IF(J59<3,"SHORT_INTERFACE","PASS")) | Z59: Di1、TVW均值、Di2均来自本Pair_ID；TVW=3–5法线平均 | AA59: 样品52
A60: 52(8)-P01 | B60: 52 (8).tif | C60: 52(8)-V01 | D60: =导管母表_860!F410 | E60: =导管母表_860!G410 | F60: 52(8)-V02 | G60: =导管母表_860!F411 | H60: =导管母表_860!G411 | I60: J103:J105 | J60: =COUNT(TVW线测量明细!J103:J105) | K60: =AVERAGE(TVW线测量明细!J103:J105) | L60: =MEDIAN(TVW线测量明细!J103:J105) | M60: =IF(J60>1,STDEV(TVW线测量明细!J103:J105),0) | N60: =IF(K60=0,"",M60/K60*100) | O60: 15.785962 | P60: =IF(O60=0,"",(K60/O60-1)*100) | Q60: =(K60/E60)^2 | R60: =(K60/H60)^2 | S60: =AVERAGE(Q60,R60) | T60: =AVERAGE((O60/E60)^2,(O60/H60)^2) | U60: =IF(T60=0,"",(S60/T60-1)*100) | V60: =AVERAGE((L60/E60)^2,(L60/H60)^2) | W60: =IF(ABS(E60-汇总!B25)<=ABS(H60-汇总!B25),E60,H60) | X60: =(K60/W60)^2 | Y60: =IF(N60>10,"HIGH_TVW_CV",IF(J60<3,"SHORT_INTERFACE","PASS")) | Z60: Di1、TVW均值、Di2均来自本Pair_ID；TVW=3–5法线平均 | AA60: 样品52
A61: 53(1)-P01 | B61: 53 (1).tif | C61: 53(1)-V01 | D61: =导管母表_860!F413 | E61: =导管母表_860!G413 | F61: 53(1)-V02 | G61: =导管母表_860!F414 | H61: =导管母表_860!G414 | I61: J106:J109 | J61: =COUNT(TVW线测量明细!J106:J109) | K61: =AVERAGE(TVW线测量明细!J106:J109) | L61: =MEDIAN(TVW线测量明细!J106:J109) | M61: =IF(J61>1,STDEV(TVW线测量明细!J106:J109),0) | N61: =IF(K61=0,"",M61/K61*100) | O61: 6.6544469 | P61: =IF(O61=0,"",(K61/O61-1)*100) | Q61: =(K61/E61)^2 | R61: =(K61/H61)^2 | S61: =AVERAGE(Q61,R61) | T61: =AVERAGE((O61/E61)^2,(O61/H61)^2) | U61: =IF(T61=0,"",(S61/T61-1)*100) | V61: =AVERAGE((L61/E61)^2,(L61/H61)^2) | W61: =IF(ABS(E61-汇总!B25)<=ABS(H61-汇总!B25),E61,H61) | X61: =(K61/W61)^2 | Y61: =IF(N61>10,"HIGH_TVW_CV",IF(J61<3,"SHORT_INTERFACE","PASS")) | Z61: Di1、TVW均值、Di2均来自本Pair_ID；TVW=3–5法线平均 | AA61: 样品53
A62: 53(3)-P01 | B62: 53 (3).tif | C62: 53(3)-V01 | D62: =导管母表_860!F423 | E62: =导管母表_860!G423 | F62: 53(3)-V02 | G62: =导管母表_860!F424 | H62: =导管母表_860!G424 | I62: J110:J112 | J62: =COUNT(TVW线测量明细!J110:J112) | K62: =AVERAGE(TVW线测量明细!J110:J112) | L62: =MEDIAN(TVW线测量明细!J110:J112) | M62: =IF(J62>1,STDEV(TVW线测量明细!J110:J112),0) | N62: =IF(K62=0,"",M62/K62*100) | O62: 16.389632 | P62: =IF(O62=0,"",(K62/O62-1)*100) | Q62: =(K62/E62)^2 | R62: =(K62/H62)^2 | S62: =AVERAGE(Q62,R62) | T62: =AVERAGE((O62/E62)^2,(O62/H62)^2) | U62: =IF(T62=0,"",(S62/T62-1)*100) | V62: =AVERAGE((L62/E62)^2,(L62/H62)^2) | W62: =IF(ABS(E62-汇总!B25)<=ABS(H62-汇总!B25),E62,H62) | X62: =(K62/W62)^2 | Y62: =IF(N62>10,"HIGH_TVW_CV",IF(J62<3,"SHORT_INTERFACE","PASS")) | Z62: Di1、TVW均值、Di2均来自本Pair_ID；TVW=3–5法线平均 | AA62: 样品53
A63: 53(6)-P01 | B63: 53 (6).tif | C63: 53(6)-V01 | D63: =导管母表_860!F433 | E63: =导管母表_860!G433 | F63: 53(6)-V05 | G63: =导管母表_860!F437 | H63: =导管母表_860!G437 | I63: J113:J114 | J63: =COUNT(TVW线测量明细!J113:J114) | K63: =AVERAGE(TVW线测量明细!J113:J114) | L63: =MEDIAN(TVW线测量明细!J113:J114) | M63: =IF(J63>1,STDEV(TVW线测量明细!J113:J114),0) | N63: =IF(K63=0,"",M63/K63*100) | O63: 17.190416 | P63: =IF(O63=0,"",(K63/O63-1)*100) | Q63: =(K63/E63)^2 | R63: =(K63/H63)^2 | S63: =AVERAGE(Q63,R63) | T63: =AVERAGE((O63/E63)^2,(O63/H63)^2) | U63: =IF(T63=0,"",(S63/T63-1)*100) | V63: =AVERAGE((L63/E63)^2,(L63/H63)^2) | W63: =IF(ABS(E63-汇总!B25)<=ABS(H63-汇总!B25),E63,H63) | X63: =(K63/W63)^2 | Y63: =IF(N63>10,"HIGH_TVW_CV",IF(J63<3,"SHORT_INTERFACE","PASS")) | Z63: Di1、TVW均值、Di2均来自本Pair_ID；TVW=3–5法线平均 | AA63: 样品53
A64: 53(7)-P01 | B64: 53 (7).tif | C64: 53(7)-V05 | D64: =导管母表_860!F444 | E64: =导管母表_860!G444 | F64: 53(7)-V07 | G64: =导管母表_860!F446 | H64: =导管母表_860!G446 | I64: J115:J115 | J64: =COUNT(TVW线测量明细!J115:J115) | K64: =AVERAGE(TVW线测量明细!J115:J115) | L64: =MEDIAN(TVW线测量明细!J115:J115) | M64: =IF(J64>1,STDEV(TVW线测量明细!J115:J115),0) | N64: =IF(K64=0,"",M64/K64*100) | O64: 1.2297509 | P64: =IF(O64=0,"",(K64/O64-1)*100) | Q64: =(K64/E64)^2 | R64: =(K64/H64)^2 | S64: =AVERAGE(Q64,R64) | T64: =AVERAGE((O64/E64)^2,(O64/H64)^2) | U64: =IF(T64=0,"",(S64/T64-1)*100) | V64: =AVERAGE((L64/E64)^2,(L64/H64)^2) | W64: =IF(ABS(E64-汇总!B25)<=ABS(H64-汇总!B25),E64,H64) | X64: =(K64/W64)^2 | Y64: =IF(N64>10,"HIGH_TVW_CV",IF(J64<3,"SHORT_INTERFACE","PASS")) | Z64: Di1、TVW均值、Di2均来自本Pair_ID；TVW=3–5法线平均 | AA64: 样品53
A65: 53(8)-P01 | B65: 53 (8).tif | C65: 53(8)-V01 | D65: =导管母表_860!F447 | E65: =导管母表_860!G447 | F65: 53(8)-V03 | G65: =导管母表_860!F449 | H65: =导管母表_860!G449 | I65: J116:J118 | J65: =COUNT(TVW线测量明细!J116:J118) | K65: =AVERAGE(TVW线测量明细!J116:J118) | L65: =MEDIAN(TVW线测量明细!J116:J118) | M65: =IF(J65>1,STDEV(TVW线测量明细!J116:J118),0) | N65: =IF(K65=0,"",M65/K65*100) | O65: 14.988969 | P65: =IF(O65=0,"",(K65/O65-1)*100) | Q65: =(K65/E65)^2 | R65: =(K65/H65)^2 | S65: =AVERAGE(Q65,R65) | T65: =AVERAGE((O65/E65)^2,(O65/H65)^2) | U65: =IF(T65=0,"",(S65/T65-1)*100) | V65: =AVERAGE((L65/E65)^2,(L65/H65)^2) | W65: =IF(ABS(E65-汇总!B25)<=ABS(H65-汇总!B25),E65,H65) | X65: =(K65/W65)^2 | Y65: =IF(N65>10,"HIGH_TVW_CV",IF(J65<3,"SHORT_INTERFACE","PASS")) | Z65: Di1、TVW均值、Di2均来自本Pair_ID；TVW=3–5法线平均 | AA65: 样品53
A66: 54(1)-P01 | B66: 54 (1).tif | C66: 54(1)-V01 | D66: =导管母表_860!F453 | E66: =导管母表_860!G453 | F66: 54(1)-V03 | G66: =导管母表_860!F455 | H66: =导管母表_860!G455 | I66: J119:J120 | J66: =COUNT(TVW线测量明细!J119:J120) | K66: =AVERAGE(TVW线测量明细!J119:J120) | L66: =MEDIAN(TVW线测量明细!J119:J120) | M66: =IF(J66>1,STDEV(TVW线测量明细!J119:J120),0) | N66: =IF(K66=0,"",M66/K66*100) | O66: 15.731983 | P66: =IF(O66=0,"",(K66/O66-1)*100) | Q66: =(K66/E66)^2 | R66: =(K66/H66)^2 | S66: =AVERAGE(Q66,R66) | T66: =AVERAGE((O66/E66)^2,(O66/H66)^2) | U66: =IF(T66=0,"",(S66/T66-1)*100) | V66: =AVERAGE((L66/E66)^2,(L66/H66)^2) | W66: =IF(ABS(E66-汇总!B25)<=ABS(H66-汇总!B25),E66,H66) | X66: =(K66/W66)^2 | Y66: =IF(N66>10,"HIGH_TVW_CV",IF(J66<3,"SHORT_INTERFACE","PASS")) | Z66: Di1、TVW均值、Di2均来自本Pair_ID；TVW=3–5法线平均 | AA66: 样品54
A67: 54(3)-P01 | B67: 54 (3).tif | C67: 54(3)-V01 | D67: =导管母表_860!F464 | E67: =导管母表_860!G464 | F67: 54(3)-V02 | G67: =导管母表_860!F465 | H67: =导管母表_860!G465 | I67: J121:J121 | J67: =COUNT(TVW线测量明细!J121:J121) | K67: =AVERAGE(TVW线测量明细!J121:J121) | L67: =MEDIAN(TVW线测量明细!J121:J121) | M67: =IF(J67>1,STDEV(TVW线测量明细!J121:J121),0) | N67: =IF(K67=0,"",M67/K67*100) | O67: 2.653599 | P67: =IF(O67=0,"",(K67/O67-1)*100) | Q67: =(K67/E67)^2 | R67: =(K67/H67)^2 | S67: =AVERAGE(Q67,R67) | T67: =AVERAGE((O67/E67)^2,(O67/H67)^2) | U67: =IF(T67=0,"",(S67/T67-1)*100) | V67: =AVERAGE((L67/E67)^2,(L67/H67)^2) | W67: =IF(ABS(E67-汇总!B25)<=ABS(H67-汇总!B25),E67,H67) | X67: =(K67/W67)^2 | Y67: =IF(N67>10,"HIGH_TVW_CV",IF(J67<3,"SHORT_INTERFACE","PASS")) | Z67: Di1、TVW均值、Di2均来自本Pair_ID；TVW=3–5法线平均 | AA67: 样品54
A68: 54(6)-P01 | B68: 54 (6).tif | C68: 54(6)-V03 | D68: =导管母表_860!F482 | E68: =导管母表_860!G482 | F68: 54(6)-V04 | G68: =导管母表_860!F483 | H68: =导管母表_860!G483 | I68: J122:J125 | J68: =COUNT(TVW线测量明细!J122:J125) | K68: =AVERAGE(TVW线测量明细!J122:J125) | L68: =MEDIAN(TVW线测量明细!J122:J125) | M68: =IF(J68>1,STDEV(TVW线测量明细!J122:J125),0) | N68: =IF(K68=0,"",M68/K68*100) | O68: 15.274737 | P68: =IF(O68=0,"",(K68/O68-1)*100) | Q68: =(K68/E68)^2 | R68: =(K68/H68)^2 | S68: =AVERAGE(Q68,R68) | T68: =AVERAGE((O68/E68)^2,(O68/H68)^2) | U68: =IF(T68=0,"",(S68/T68-1)*100) | V68: =AVERAGE((L68/E68)^2,(L68/H68)^2) | W68: =IF(ABS(E68-汇总!B25)<=ABS(H68-汇总!B25),E68,H68) | X68: =(K68/W68)^2 | Y68: =IF(N68>10,"HIGH_TVW_CV",IF(J68<3,"SHORT_INTERFACE","PASS")) | Z68: Di1、TVW均值、Di2均来自本Pair_ID；TVW=3–5法线平均 | AA68: 样品54
A69: 55(1)-P01 | B69: 55 (1).tif | C69: 55(1)-V01 | D69: =导管母表_860!F494 | E69: =导管母表_860!G494 | F69: 55(1)-V05 | G69: =导管母表_860!F498 | H69: =导管母表_860!G498 | I69: J126:J129 | J69: =COUNT(TVW线测量明细!J126:J129) | K69: =AVERAGE(TVW线测量明细!J126:J129) | L69: =MEDIAN(TVW线测量明细!J126:J129) | M69: =IF(J69>1,STDEV(TVW线测量明细!J126:J129),0) | N69: =IF(K69=0,"",M69/K69*100) | O69: 3.9190775 | P69: =IF(O69=0,"",(K69/O69-1)*100) | Q69: =(K69/E69)^2 | R69: =(K69/H69)^2 | S69: =AVERAGE(Q69,R69) | T69: =AVERAGE((O69/E69)^2,(O69/H69)^2) | U69: =IF(T69=0,"",(S69/T69-1)*100) | V69: =AVERAGE((L69/E69)^2,(L69/H69)^2) | W69: =IF(ABS(E69-汇总!B25)<=ABS(H69-汇总!B25),E69,H69) | X69: =(K69/W69)^2 | Y69: =IF(N69>10,"HIGH_TVW_CV",IF(J69<3,"SHORT_INTERFACE","PASS")) | Z69: Di1、TVW均值、Di2均来自本Pair_ID；TVW=3–5法线平均 | AA69: 样品55
A70: 55(4)-P01 | B70: 55 (4).tif | C70: 55(4)-V02 | D70: =导管母表_860!F511 | E70: =导管母表_860!G511 | F70: 55(4)-V04 | G70: =导管母表_860!F513 | H70: =导管母表_860!G513 | I70: J130:J132 | J70: =COUNT(TVW线测量明细!J130:J132) | K70: =AVERAGE(TVW线测量明细!J130:J132) | L70: =MEDIAN(TVW线测量明细!J130:J132) | M70: =IF(J70>1,STDEV(TVW线测量明细!J130:J132),0) | N70: =IF(K70=0,"",M70/K70*100) | O70: 5.130619 | P70: =IF(O70=0,"",(K70/O70-1)*100) | Q70: =(K70/E70)^2 | R70: =(K70/H70)^2 | S70: =AVERAGE(Q70,R70) | T70: =AVERAGE((O70/E70)^2,(O70/H70)^2) | U70: =IF(T70=0,"",(S70/T70-1)*100) | V70: =AVERAGE((L70/E70)^2,(L70/H70)^2) | W70: =IF(ABS(E70-汇总!B25)<=ABS(H70-汇总!B25),E70,H70) | X70: =(K70/W70)^2 | Y70: =IF(N70>10,"HIGH_TVW_CV",IF(J70<3,"SHORT_INTERFACE","PASS")) | Z70: Di1、TVW均值、Di2均来自本Pair_ID；TVW=3–5法线平均 | AA70: 样品55
A71: 55(6)-P01 | B71: 55 (6).tif | C71: 55(6)-V01 | D71: =导管母表_860!F520 | E71: =导管母表_860!G520 | F71: 55(6)-V04 | G71: =导管母表_860!F523 | H71: =导管母表_860!G523 | I71: J133:J133 | J71: =COUNT(TVW线测量明细!J133:J133) | K71: =AVERAGE(TVW线测量明细!J133:J133) | L71: =MEDIAN(TVW线测量明细!J133:J133) | M71: =IF(J71>1,STDEV(TVW线测量明细!J133:J133),0) | N71: =IF(K71=0,"",M71/K71*100) | O71: 6.5253613 | P71: =IF(O71=0,"",(K71/O71-1)*100) | Q71: =(K71/E71)^2 | R71: =(K71/H71)^2 | S71: =AVERAGE(Q71,R71) | T71: =AVERAGE((O71/E71)^2,(O71/H71)^2) | U71: =IF(T71=0,"",(S71/T71-1)*100) | V71: =AVERAGE((L71/E71)^2,(L71/H71)^2) | W71: =IF(ABS(E71-汇总!B25)<=ABS(H71-汇总!B25),E71,H71) | X71: =(K71/W71)^2 | Y71: =IF(N71>10,"HIGH_TVW_CV",IF(J71<3,"SHORT_INTERFACE","PASS")) | Z71: Di1、TVW均值、Di2均来自本Pair_ID；TVW=3–5法线平均 | AA71: 样品55
A72: 55(8)-P01 | B72: 55 (8).tif | C72: 55(8)-V01 | D72: =导管母表_860!F533 | E72: =导管母表_860!G533 | F72: 55(8)-V02 | G72: =导管母表_860!F534 | H72: =导管母表_860!G534 | I72: J134:J135 | J72: =COUNT(TVW线测量明细!J134:J135) | K72: =AVERAGE(TVW线测量明细!J134:J135) | L72: =MEDIAN(TVW线测量明细!J134:J135) | M72: =IF(J72>1,STDEV(TVW线测量明细!J134:J135),0) | N72: =IF(K72=0,"",M72/K72*100) | O72: 6.9053827 | P72: =IF(O72=0,"",(K72/O72-1)*100) | Q72: =(K72/E72)^2 | R72: =(K72/H72)^2 | S72: =AVERAGE(Q72,R72) | T72: =AVERAGE((O72/E72)^2,(O72/H72)^2) | U72: =IF(T72=0,"",(S72/T72-1)*100) | V72: =AVERAGE((L72/E72)^2,(L72/H72)^2) | W72: =IF(ABS(E72-汇总!B25)<=ABS(H72-汇总!B25),E72,H72) | X72: =(K72/W72)^2 | Y72: =IF(N72>10,"HIGH_TVW_CV",IF(J72<3,"SHORT_INTERFACE","PASS")) | Z72: Di1、TVW均值、Di2均来自本Pair_ID；TVW=3–5法线平均 | AA72: 样品55
A73: 56(1)-P01 | B73: 56 (1).tif | C73: 56(1)-V04 | D73: =导管母表_860!F544 | E73: =导管母表_860!G544 | F73: 56(1)-V06 | G73: =导管母表_860!F546 | H73: =导管母表_860!G546 | I73: J136:J137 | J73: =COUNT(TVW线测量明细!J136:J137) | K73: =AVERAGE(TVW线测量明细!J136:J137) | L73: =MEDIAN(TVW线测量明细!J136:J137) | M73: =IF(J73>1,STDEV(TVW线测量明细!J136:J137),0) | N73: =IF(K73=0,"",M73/K73*100) | O73: 1.7926546 | P73: =IF(O73=0,"",(K73/O73-1)*100) | Q73: =(K73/E73)^2 | R73: =(K73/H73)^2 | S73: =AVERAGE(Q73,R73) | T73: =AVERAGE((O73/E73)^2,(O73/H73)^2) | U73: =IF(T73=0,"",(S73/T73-1)*100) | V73: =AVERAGE((L73/E73)^2,(L73/H73)^2) | W73: =IF(ABS(E73-汇总!B25)<=ABS(H73-汇总!B25),E73,H73) | X73: =(K73/W73)^2 | Y73: =IF(N73>10,"HIGH_TVW_CV",IF(J73<3,"SHORT_INTERFACE","PASS")) | Z73: Di1、TVW均值、Di2均来自本Pair_ID；TVW=3–5法线平均 | AA73: 样品56
A74: 56(2)-P01 | B74: 56 (2).tif | C74: 56(2)-V02 | D74: =导管母表_860!F550 | E74: =导管母表_860!G550 | F74: 56(2)-V09 | G74: =导管母表_860!F557 | H74: =导管母表_860!G557 | I74: J138:J140 | J74: =COUNT(TVW线测量明细!J138:J140) | K74: =AVERAGE(TVW线测量明细!J138:J140) | L74: =MEDIAN(TVW线测量明细!J138:J140) | M74: =IF(J74>1,STDEV(TVW线测量明细!J138:J140),0) | N74: =IF(K74=0,"",M74/K74*100) | O74: 0.97220347 | P74: =IF(O74=0,"",(K74/O74-1)*100) | Q74: =(K74/E74)^2 | R74: =(K74/H74)^2 | S74: =AVERAGE(Q74,R74) | T74: =AVERAGE((O74/E74)^2,(O74/H74)^2) | U74: =IF(T74=0,"",(S74/T74-1)*100) | V74: =AVERAGE((L74/E74)^2,(L74/H74)^2) | W74: =IF(ABS(E74-汇总!B25)<=ABS(H74-汇总!B25),E74,H74) | X74: =(K74/W74)^2 | Y74: =IF(N74>10,"HIGH_TVW_CV",IF(J74<3,"SHORT_INTERFACE","PASS")) | Z74: Di1、TVW均值、Di2均来自本Pair_ID；TVW=3–5法线平均 | AA74: 样品56
A75: 56(4)-P01 | B75: 56 (4).tif | C75: 56(4)-V01 | D75: =导管母表_860!F562 | E75: =导管母表_860!G562 | F75: 56(4)-V02 | G75: =导管母表_860!F563 | H75: =导管母表_860!G563 | I75: J141:J141 | J75: =COUNT(TVW线测量明细!J141:J141) | K75: =AVERAGE(TVW线测量明细!J141:J141) | L75: =MEDIAN(TVW线测量明细!J141:J141) | M75: =IF(J75>1,STDEV(TVW线测量明细!J141:J141),0) | N75: =IF(K75=0,"",M75/K75*100) | O75: 6.2251396 | P75: =IF(O75=0,"",(K75/O75-1)*100) | Q75: =(K75/E75)^2 | R75: =(K75/H75)^2 | S75: =AVERAGE(Q75,R75) | T75: =AVERAGE((O75/E75)^2,(O75/H75)^2) | U75: =IF(T75=0,"",(S75/T75-1)*100) | V75: =AVERAGE((L75/E75)^2,(L75/H75)^2) | W75: =IF(ABS(E75-汇总!B25)<=ABS(H75-汇总!B25),E75,H75) | X75: =(K75/W75)^2 | Y75: =IF(N75>10,"HIGH_TVW_CV",IF(J75<3,"SHORT_INTERFACE","PASS")) | Z75: Di1、TVW均值、Di2均来自本Pair_ID；TVW=3–5法线平均 | AA75: 样品56
A76: 56(8)-P01 | B76: 56 (8).tif | C76: 56(8)-V01 | D76: =导管母表_860!F582 | E76: =导管母表_860!G582 | F76: 56(8)-V02 | G76: =导管母表_860!F583 | H76: =导管母表_860!G583 | I76: J142:J142 | J76: =COUNT(TVW线测量明细!J142:J142) | K76: =AVERAGE(TVW线测量明细!J142:J142) | L76: =MEDIAN(TVW线测量明细!J142:J142) | M76: =IF(J76>1,STDEV(TVW线测量明细!J142:J142),0) | N76: =IF(K76=0,"",M76/K76*100) | O76: 3.4850477 | P76: =IF(O76=0,"",(K76/O76-1)*100) | Q76: =(K76/E76)^2 | R76: =(K76/H76)^2 | S76: =AVERAGE(Q76,R76) | T76: =AVERAGE((O76/E76)^2,(O76/H76)^2) | U76: =IF(T76=0,"",(S76/T76-1)*100) | V76: =AVERAGE((L76/E76)^2,(L76/H76)^2) | W76: =IF(ABS(E76-汇总!B25)<=ABS(H76-汇总!B25),E76,H76) | X76: =(K76/W76)^2 | Y76: =IF(N76>10,"HIGH_TVW_CV",IF(J76<3,"SHORT_INTERFACE","PASS")) | Z76: Di1、TVW均值、Di2均来自本Pair_ID；TVW=3–5法线平均 | AA76: 样品56
A77: 57(6)-P01 | B77: 57 (6).tif | C77: 57(6)-V02 | D77: =导管母表_860!F612 | E77: =导管母表_860!G612 | F77: 57(6)-V03 | G77: =导管母表_860!F613 | H77: =导管母表_860!G613 | I77: J143:J146 | J77: =COUNT(TVW线测量明细!J143:J146) | K77: =AVERAGE(TVW线测量明细!J143:J146) | L77: =MEDIAN(TVW线测量明细!J143:J146) | M77: =IF(J77>1,STDEV(TVW线测量明细!J143:J146),0) | N77: =IF(K77=0,"",M77/K77*100) | O77: 4.6675893 | P77: =IF(O77=0,"",(K77/O77-1)*100) | Q77: =(K77/E77)^2 | R77: =(K77/H77)^2 | S77: =AVERAGE(Q77,R77) | T77: =AVERAGE((O77/E77)^2,(O77/H77)^2) | U77: =IF(T77=0,"",(S77/T77-1)*100) | V77: =AVERAGE((L77/E77)^2,(L77/H77)^2) | W77: =IF(ABS(E77-汇总!B25)<=ABS(H77-汇总!B25),E77,H77) | X77: =(K77/W77)^2 | Y77: =IF(N77>10,"HIGH_TVW_CV",IF(J77<3,"SHORT_INTERFACE","PASS")) | Z77: Di1、TVW均值、Di2均来自本Pair_ID；TVW=3–5法线平均 | AA77: 样品57
A78: 58(2)-P01 | B78: 58 (2).tif | C78: 58(2)-V01 | D78: =导管母表_860!F632 | E78: =导管母表_860!G632 | F78: 58(2)-V04 | G78: =导管母表_860!F635 | H78: =导管母表_860!G635 | I78: J147:J148 | J78: =COUNT(TVW线测量明细!J147:J148) | K78: =AVERAGE(TVW线测量明细!J147:J148) | L78: =MEDIAN(TVW线测量明细!J147:J148) | M78: =IF(J78>1,STDEV(TVW线测量明细!J147:J148),0) | N78: =IF(K78=0,"",M78/K78*100) | O78: 1.5217391 | P78: =IF(O78=0,"",(K78/O78-1)*100) | Q78: =(K78/E78)^2 | R78: =(K78/H78)^2 | S78: =AVERAGE(Q78,R78) | T78: =AVERAGE((O78/E78)^2,(O78/H78)^2) | U78: =IF(T78=0,"",(S78/T78-1)*100) | V78: =AVERAGE((L78/E78)^2,(L78/H78)^2) | W78: =IF(ABS(E78-汇总!B25)<=ABS(H78-汇总!B25),E78,H78) | X78: =(K78/W78)^2 | Y78: =IF(N78>10,"HIGH_TVW_CV",IF(J78<3,"SHORT_INTERFACE","PASS")) | Z78: Di1、TVW均值、Di2均来自本Pair_ID；TVW=3–5法线平均 | AA78: 样品58
A79: 58(4)-P01 | B79: 58 (4).tif | C79: 58(4)-V01 | D79: =导管母表_860!F643 | E79: =导管母表_860!G643 | F79: 58(4)-V03 | G79: =导管母表_860!F645 | H79: =导管母表_860!G645 | I79: J149:J149 | J79: =COUNT(TVW线测量明细!J149:J149) | K79: =AVERAGE(TVW线测量明细!J149:J149) | L79: =MEDIAN(TVW线测量明细!J149:J149) | M79: =IF(J79>1,STDEV(TVW线测量明细!J149:J149),0) | N79: =IF(K79=0,"",M79/K79*100) | O79: 7.3785055 | P79: =IF(O79=0,"",(K79/O79-1)*100) | Q79: =(K79/E79)^2 | R79: =(K79/H79)^2 | S79: =AVERAGE(Q79,R79) | T79: =AVERAGE((O79/E79)^2,(O79/H79)^2) | U79: =IF(T79=0,"",(S79/T79-1)*100) | V79: =AVERAGE((L79/E79)^2,(L79/H79)^2) | W79: =IF(ABS(E79-汇总!B25)<=ABS(H79-汇总!B25),E79,H79) | X79: =(K79/W79)^2 | Y79: =IF(N79>10,"HIGH_TVW_CV",IF(J79<3,"SHORT_INTERFACE","PASS")) | Z79: Di1、TVW均值、Di2均来自本Pair_ID；TVW=3–5法线平均 | AA79: 样品58
A80: 58(6)-P01 | B80: 58 (6).tif | C80: 58(6)-V01 | D80: =导管母表_860!F651 | E80: =导管母表_860!G651 | F80: 58(6)-V03 | G80: =导管母表_860!F653 | H80: =导管母表_860!G653 | I80: J150:J152 | J80: =COUNT(TVW线测量明细!J150:J152) | K80: =AVERAGE(TVW线测量明细!J150:J152) | L80: =MEDIAN(TVW线测量明细!J150:J152) | M80: =IF(J80>1,STDEV(TVW线测量明细!J150:J152),0) | N80: =IF(K80=0,"",M80/K80*100) | O80: 5.8413169 | P80: =IF(O80=0,"",(K80/O80-1)*100) | Q80: =(K80/E80)^2 | R80: =(K80/H80)^2 | S80: =AVERAGE(Q80,R80) | T80: =AVERAGE((O80/E80)^2,(O80/H80)^2) | U80: =IF(T80=0,"",(S80/T80-1)*100) | V80: =AVERAGE((L80/E80)^2,(L80/H80)^2) | W80: =IF(ABS(E80-汇总!B25)<=ABS(H80-汇总!B25),E80,H80) | X80: =(K80/W80)^2 | Y80: =IF(N80>10,"HIGH_TVW_CV",IF(J80<3,"SHORT_INTERFACE","PASS")) | Z80: Di1、TVW均值、Di2均来自本Pair_ID；TVW=3–5法线平均 | AA80: 样品58
A81: 58(7)-P01 | B81: 58 (7).tif | C81: 58(7)-V02 | D81: =导管母表_860!F660 | E81: =导管母表_860!G660 | F81: 58(7)-V03 | G81: =导管母表_860!F661 | H81: =导管母表_860!G661 | I81: J153:J155 | J81: =COUNT(TVW线测量明细!J153:J155) | K81: =AVERAGE(TVW线测量明细!J153:J155) | L81: =MEDIAN(TVW线测量明细!J153:J155) | M81: =IF(J81>1,STDEV(TVW线测量明细!J153:J155),0) | N81: =IF(K81=0,"",M81/K81*100) | O81: 6.2289343 | P81: =IF(O81=0,"",(K81/O81-1)*100) | Q81: =(K81/E81)^2 | R81: =(K81/H81)^2 | S81: =AVERAGE(Q81,R81) | T81: =AVERAGE((O81/E81)^2,(O81/H81)^2) | U81: =IF(T81=0,"",(S81/T81-1)*100) | V81: =AVERAGE((L81/E81)^2,(L81/H81)^2) | W81: =IF(ABS(E81-汇总!B25)<=ABS(H81-汇总!B25),E81,H81) | X81: =(K81/W81)^2 | Y81: =IF(N81>10,"HIGH_TVW_CV",IF(J81<3,"SHORT_INTERFACE","PASS")) | Z81: Di1、TVW均值、Di2均来自本Pair_ID；TVW=3–5法线平均 | AA81: 样品58
A82: 58(8)-P01 | B82: 58 (8).tif | C82: 58(8)-V01 | D82: =导管母表_860!F664 | E82: =导管母表_860!G664 | F82: 58(8)-V02 | G82: =导管母表_860!F665 | H82: =导管母表_860!G665 | I82: J156:J158 | J82: =COUNT(TVW线测量明细!J156:J158) | K82: =AVERAGE(TVW线测量明细!J156:J158) | L82: =MEDIAN(TVW线测量明细!J156:J158) | M82: =IF(J82>1,STDEV(TVW线测量明细!J156:J158),0) | N82: =IF(K82=0,"",M82/K82*100) | O82: 6.2592087 | P82: =IF(O82=0,"",(K82/O82-1)*100) | Q82: =(K82/E82)^2 | R82: =(K82/H82)^2 | S82: =AVERAGE(Q82,R82) | T82: =AVERAGE((O82/E82)^2,(O82/H82)^2) | U82: =IF(T82=0,"",(S82/T82-1)*100) | V82: =AVERAGE((L82/E82)^2,(L82/H82)^2) | W82: =IF(ABS(E82-汇总!B25)<=ABS(H82-汇总!B25),E82,H82) | X82: =(K82/W82)^2 | Y82: =IF(N82>10,"HIGH_TVW_CV",IF(J82<3,"SHORT_INTERFACE","PASS")) | Z82: Di1、TVW均值、Di2均来自本Pair_ID；TVW=3–5法线平均 | AA82: 样品58
A83: 59(3)-P01 | B83: 59 (3).tif | C83: 59(3)-V04 | D83: =导管母表_860!F682 | E83: =导管母表_860!G682 | F83: 59(3)-V05 | G83: =导管母表_860!F683 | H83: =导管母表_860!G683 | I83: J159:J160 | J83: =COUNT(TVW线测量明细!J159:J160) | K83: =AVERAGE(TVW线测量明细!J159:J160) | L83: =MEDIAN(TVW线测量明细!J159:J160) | M83: =IF(J83>1,STDEV(TVW线测量明细!J159:J160),0) | N83: =IF(K83=0,"",M83/K83*100) | O83: 4.7875469 | P83: =IF(O83=0,"",(K83/O83-1)*100) | Q83: =(K83/E83)^2 | R83: =(K83/H83)^2 | S83: =AVERAGE(Q83,R83) | T83: =AVERAGE((O83/E83)^2,(O83/H83)^2) | U83: =IF(T83=0,"",(S83/T83-1)*100) | V83: =AVERAGE((L83/E83)^2,(L83/H83)^2) | W83: =IF(ABS(E83-汇总!B25)<=ABS(H83-汇总!B25),E83,H83) | X83: =(K83/W83)^2 | Y83: =IF(N83>10,"HIGH_TVW_CV",IF(J83<3,"SHORT_INTERFACE","PASS")) | Z83: Di1、TVW均值、Di2均来自本Pair_ID；TVW=3–5法线平均 | AA83: 样品59
A84: 59(4)-P01 | B84: 59 (4).tif | C84: 59(4)-V01 | D84: =导管母表_860!F686 | E84: =导管母表_860!G686 | F84: 59(4)-V02 | G84: =导管母表_860!F687 | H84: =导管母表_860!G687 | I84: J161:J161 | J84: =COUNT(TVW线测量明细!J161:J161) | K84: =AVERAGE(TVW线测量明细!J161:J161) | L84: =MEDIAN(TVW线测量明细!J161:J161) | M84: =IF(J84>1,STDEV(TVW线测量明细!J161:J161),0) | N84: =IF(K84=0,"",M84/K84*100) | O84: 4.2821121 | P84: =IF(O84=0,"",(K84/O84-1)*100) | Q84: =(K84/E84)^2 | R84: =(K84/H84)^2 | S84: =AVERAGE(Q84,R84) | T84: =AVERAGE((O84/E84)^2,(O84/H84)^2) | U84: =IF(T84=0,"",(S84/T84-1)*100) | V84: =AVERAGE((L84/E84)^2,(L84/H84)^2) | W84: =IF(ABS(E84-汇总!B25)<=ABS(H84-汇总!B25),E84,H84) | X84: =(K84/W84)^2 | Y84: =IF(N84>10,"HIGH_TVW_CV",IF(J84<3,"SHORT_INTERFACE","PASS")) | Z84: Di1、TVW均值、Di2均来自本Pair_ID；TVW=3–5法线平均 | AA84: 样品59
A85: 59(5)-P01 | B85: 59 (5).tif | C85: 59(5)-V01 | D85: =导管母表_860!F689 | E85: =导管母表_860!G689 | F85: 59(5)-V03 | G85: =导管母表_860!F691 | H85: =导管母表_860!G691 | I85: J162:J164 | J85: =COUNT(TVW线测量明细!J162:J164) | K85: =AVERAGE(TVW线测量明细!J162:J164) | L85: =MEDIAN(TVW线测量明细!J162:J164) | M85: =IF(J85>1,STDEV(TVW线测量明细!J162:J164),0) | N85: =IF(K85=0,"",M85/K85*100) | O85: 2.9247009 | P85: =IF(O85=0,"",(K85/O85-1)*100) | Q85: =(K85/E85)^2 | R85: =(K85/H85)^2 | S85: =AVERAGE(Q85,R85) | T85: =AVERAGE((O85/E85)^2,(O85/H85)^2) | U85: =IF(T85=0,"",(S85/T85-1)*100) | V85: =AVERAGE((L85/E85)^2,(L85/H85)^2) | W85: =IF(ABS(E85-汇总!B25)<=ABS(H85-汇总!B25),E85,H85) | X85: =(K85/W85)^2 | Y85: =IF(N85>10,"HIGH_TVW_CV",IF(J85<3,"SHORT_INTERFACE","PASS")) | Z85: Di1、TVW均值、Di2均来自本Pair_ID；TVW=3–5法线平均 | AA85: 样品59
A86: 59(5)-P02 | B86: 59 (5).tif | C86: 59(5)-V04 | D86: =导管母表_860!F692 | E86: =导管母表_860!G692 | F86: 59(5)-V05 | G86: =导管母表_860!F693 | H86: =导管母表_860!G693 | I86: J165:J166 | J86: =COUNT(TVW线测量明细!J165:J166) | K86: =AVERAGE(TVW线测量明细!J165:J166) | L86: =MEDIAN(TVW线测量明细!J165:J166) | M86: =IF(J86>1,STDEV(TVW线测量明细!J165:J166),0) | N86: =IF(K86=0,"",M86/K86*100) | O86: 4.3314911 | P86: =IF(O86=0,"",(K86/O86-1)*100) | Q86: =(K86/E86)^2 | R86: =(K86/H86)^2 | S86: =AVERAGE(Q86,R86) | T86: =AVERAGE((O86/E86)^2,(O86/H86)^2) | U86: =IF(T86=0,"",(S86/T86-1)*100) | V86: =AVERAGE((L86/E86)^2,(L86/H86)^2) | W86: =IF(ABS(E86-汇总!B25)<=ABS(H86-汇总!B25),E86,H86) | X86: =(K86/W86)^2 | Y86: =IF(N86>10,"HIGH_TVW_CV",IF(J86<3,"SHORT_INTERFACE","PASS")) | Z86: Di1、TVW均值、Di2均来自本Pair_ID；TVW=3–5法线平均 | AA86: 样品59
A87: 59(6)-P01 | B87: 59 (6).tif | C87: 59(6)-V01 | D87: =导管母表_860!F695 | E87: =导管母表_860!G695 | F87: 59(6)-V02 | G87: =导管母表_860!F696 | H87: =导管母表_860!G696 | I87: J167:J170 | J87: =COUNT(TVW线测量明细!J167:J170) | K87: =AVERAGE(TVW线测量明细!J167:J170) | L87: =MEDIAN(TVW线测量明细!J167:J170) | M87: =IF(J87>1,STDEV(TVW线测量明细!J167:J170),0) | N87: =IF(K87=0,"",M87/K87*100) | O87: 4.52362 | P87: =IF(O87=0,"",(K87/O87-1)*100) | Q87: =(K87/E87)^2 | R87: =(K87/H87)^2 | S87: =AVERAGE(Q87,R87) | T87: =AVERAGE((O87/E87)^2,(O87/H87)^2) | U87: =IF(T87=0,"",(S87/T87-1)*100) | V87: =AVERAGE((L87/E87)^2,(L87/H87)^2) | W87: =IF(ABS(E87-汇总!B25)<=ABS(H87-汇总!B25),E87,H87) | X87: =(K87/W87)^2 | Y87: =IF(N87>10,"HIGH_TVW_CV",IF(J87<3,"SHORT_INTERFACE","PASS")) | Z87: Di1、TVW均值、Di2均来自本Pair_ID；TVW=3–5法线平均 | AA87: 样品59
A88: 59(8)-P01 | B88: 59 (8).tif | C88: 59(8)-V01 | D88: =导管母表_860!F703 | E88: =导管母表_860!G703 | F88: 59(8)-V02 | G88: =导管母表_860!F704 | H88: =导管母表_860!G704 | I88: J171:J172 | J88: =COUNT(TVW线测量明细!J171:J172) | K88: =AVERAGE(TVW线测量明细!J171:J172) | L88: =MEDIAN(TVW线测量明细!J171:J172) | M88: =IF(J88>1,STDEV(TVW线测量明细!J171:J172),0) | N88: =IF(K88=0,"",M88/K88*100) | O88: 5.0047237 | P88: =IF(O88=0,"",(K88/O88-1)*100) | Q88: =(K88/E88)^2 | R88: =(K88/H88)^2 | S88: =AVERAGE(Q88,R88) | T88: =AVERAGE((O88/E88)^2,(O88/H88)^2) | U88: =IF(T88=0,"",(S88/T88-1)*100) | V88: =AVERAGE((L88/E88)^2,(L88/H88)^2) | W88: =IF(ABS(E88-汇总!B25)<=ABS(H88-汇总!B25),E88,H88) | X88: =(K88/W88)^2 | Y88: =IF(N88>10,"HIGH_TVW_CV",IF(J88<3,"SHORT_INTERFACE","PASS")) | Z88: Di1、TVW均值、Di2均来自本Pair_ID；TVW=3–5法线平均 | AA88: 样品59
A89: 60(1)-P01 | B89: 60 (1).tif | C89: 60(1)-V01 | D89: =导管母表_860!F711 | E89: =导管母表_860!G711 | F89: 60(1)-V02 | G89: =导管母表_860!F712 | H89: =导管母表_860!G712 | I89: J173:J173 | J89: =COUNT(TVW线测量明细!J173:J173) | K89: =AVERAGE(TVW线测量明细!J173:J173) | L89: =MEDIAN(TVW线测量明细!J173:J173) | M89: =IF(J89>1,STDEV(TVW线测量明细!J173:J173),0) | N89: =IF(K89=0,"",M89/K89*100) | O89: 2.9568414 | P89: =IF(O89=0,"",(K89/O89-1)*100) | Q89: =(K89/E89)^2 | R89: =(K89/H89)^2 | S89: =AVERAGE(Q89,R89) | T89: =AVERAGE((O89/E89)^2,(O89/H89)^2) | U89: =IF(T89=0,"",(S89/T89-1)*100) | V89: =AVERAGE((L89/E89)^2,(L89/H89)^2) | W89: =IF(ABS(E89-汇总!B25)<=ABS(H89-汇总!B25),E89,H89) | X89: =(K89/W89)^2 | Y89: =IF(N89>10,"HIGH_TVW_CV",IF(J89<3,"SHORT_INTERFACE","PASS")) | Z89: Di1、TVW均值、Di2均来自本Pair_ID；TVW=3–5法线平均 | AA89: 样品60
A90: 60(2)-P01 | B90: 60 (2).tif | C90: 60(2)-V01 | D90: =导管母表_860!F719 | E90: =导管母表_860!G719 | F90: 60(2)-V02 | G90: =导管母表_860!F720 | H90: =导管母表_860!G720 | I90: J174:J175 | J90: =COUNT(TVW线测量明细!J174:J175) | K90: =AVERAGE(TVW线测量明细!J174:J175) | L90: =MEDIAN(TVW线测量明细!J174:J175) | M90: =IF(J90>1,STDEV(TVW线测量明细!J174:J175),0) | N90: =IF(K90=0,"",M90/K90*100) | O90: 2.4786422 | P90: =IF(O90=0,"",(K90/O90-1)*100) | Q90: =(K90/E90)^2 | R90: =(K90/H90)^2 | S90: =AVERAGE(Q90,R90) | T90: =AVERAGE((O90/E90)^2,(O90/H90)^2) | U90: =IF(T90=0,"",(S90/T90-1)*100) | V90: =AVERAGE((L90/E90)^2,(L90/H90)^2) | W90: =IF(ABS(E90-汇总!B25)<=ABS(H90-汇总!B25),E90,H90) | X90: =(K90/W90)^2 | Y90: =IF(N90>10,"HIGH_TVW_CV",IF(J90<3,"SHORT_INTERFACE","PASS")) | Z90: Di1、TVW均值、Di2均来自本Pair_ID；TVW=3–5法线平均 | AA90: 样品60
A91: 60(3)-P01 | B91: 60 (3).tif | C91: 60(3)-V01 | D91: =导管母表_860!F726 | E91: =导管母表_860!G726 | F91: 60(3)-V03 | G91: =导管母表_860!F728 | H91: =导管母表_860!G728 | I91: J176:J176 | J91: =COUNT(TVW线测量明细!J176:J176) | K91: =AVERAGE(TVW线测量明细!J176:J176) | L91: =MEDIAN(TVW线测量明细!J176:J176) | M91: =IF(J91>1,STDEV(TVW线测量明细!J176:J176),0) | N91: =IF(K91=0,"",M91/K91*100) | O91: 11.863273 | P91: =IF(O91=0,"",(K91/O91-1)*100) | Q91: =(K91/E91)^2 | R91: =(K91/H91)^2 | S91: =AVERAGE(Q91,R91) | T91: =AVERAGE((O91/E91)^2,(O91/H91)^2) | U91: =IF(T91=0,"",(S91/T91-1)*100) | V91: =AVERAGE((L91/E91)^2,(L91/H91)^2) | W91: =IF(ABS(E91-汇总!B25)<=ABS(H91-汇总!B25),E91,H91) | X91: =(K91/W91)^2 | Y91: =IF(N91>10,"HIGH_TVW_CV",IF(J91<3,"SHORT_INTERFACE","PASS")) | Z91: Di1、TVW均值、Di2均来自本Pair_ID；TVW=3–5法线平均 | AA91: 样品60
A92: 60(4)-P01 | B92: 60 (4).tif | C92: 60(4)-V02 | D92: =导管母表_860!F730 | E92: =导管母表_860!G730 | F92: 60(4)-V03 | G92: =导管母表_860!F731 | H92: =导管母表_860!G731 | I92: J177:J179 | J92: =COUNT(TVW线测量明细!J177:J179) | K92: =AVERAGE(TVW线测量明细!J177:J179) | L92: =MEDIAN(TVW线测量明细!J177:J179) | M92: =IF(J92>1,STDEV(TVW线测量明细!J177:J179),0) | N92: =IF(K92=0,"",M92/K92*100) | O92: 3.9966905 | P92: =IF(O92=0,"",(K92/O92-1)*100) | Q92: =(K92/E92)^2 | R92: =(K92/H92)^2 | S92: =AVERAGE(Q92,R92) | T92: =AVERAGE((O92/E92)^2,(O92/H92)^2) | U92: =IF(T92=0,"",(S92/T92-1)*100) | V92: =AVERAGE((L92/E92)^2,(L92/H92)^2) | W92: =IF(ABS(E92-汇总!B25)<=ABS(H92-汇总!B25),E92,H92) | X92: =(K92/W92)^2 | Y92: =IF(N92>10,"HIGH_TVW_CV",IF(J92<3,"SHORT_INTERFACE","PASS")) | Z92: Di1、TVW均值、Di2均来自本Pair_ID；TVW=3–5法线平均 | AA92: 样品60
A93: 60(5)-P01 | B93: 60 (5).tif | C93: 60(5)-V01 | D93: =导管母表_860!F734 | E93: =导管母表_860!G734 | F93: 60(5)-V02 | G93: =导管母表_860!F735 | H93: =导管母表_860!G735 | I93: J180:J181 | J93: =COUNT(TVW线测量明细!J180:J181) | K93: =AVERAGE(TVW线测量明细!J180:J181) | L93: =MEDIAN(TVW线测量明细!J180:J181) | M93: =IF(J93>1,STDEV(TVW线测量明细!J180:J181),0) | N93: =IF(K93=0,"",M93/K93*100) | O93: 3.6956522 | P93: =IF(O93=0,"",(K93/O93-1)*100) | Q93: =(K93/E93)^2 | R93: =(K93/H93)^2 | S93: =AVERAGE(Q93,R93) | T93: =AVERAGE((O93/E93)^2,(O93/H93)^2) | U93: =IF(T93=0,"",(S93/T93-1)*100) | V93: =AVERAGE((L93/E93)^2,(L93/H93)^2) | W93: =IF(ABS(E93-汇总!B25)<=ABS(H93-汇总!B25),E93,H93) | X93: =(K93/W93)^2 | Y93: =IF(N93>10,"HIGH_TVW_CV",IF(J93<3,"SHORT_INTERFACE","PASS")) | Z93: Di1、TVW均值、Di2均来自本Pair_ID；TVW=3–5法线平均 | AA93: 样品60
A94: 60(6)-P01 | B94: 60 (6).tif | C94: 60(6)-V01 | D94: =导管母表_860!F736 | E94: =导管母表_860!G736 | F94: 60(6)-V03 | G94: =导管母表_860!F738 | H94: =导管母表_860!G738 | I94: J182:J182 | J94: =COUNT(TVW线测量明细!J182:J182) | K94: =AVERAGE(TVW线测量明细!J182:J182) | L94: =MEDIAN(TVW线测量明细!J182:J182) | M94: =IF(J94>1,STDEV(TVW线测量明细!J182:J182),0) | N94: =IF(K94=0,"",M94/K94*100) | O94: 3.937124 | P94: =IF(O94=0,"",(K94/O94-1)*100) | Q94: =(K94/E94)^2 | R94: =(K94/H94)^2 | S94: =AVERAGE(Q94,R94) | T94: =AVERAGE((O94/E94)^2,(O94/H94)^2) | U94: =IF(T94=0,"",(S94/T94-1)*100) | V94: =AVERAGE((L94/E94)^2,(L94/H94)^2) | W94: =IF(ABS(E94-汇总!B25)<=ABS(H94-汇总!B25),E94,H94) | X94: =(K94/W94)^2 | Y94: =IF(N94>10,"HIGH_TVW_CV",IF(J94<3,"SHORT_INTERFACE","PASS")) | Z94: Di1、TVW均值、Di2均来自本Pair_ID；TVW=3–5法线平均 | AA94: 样品60
A95: 60(8)-P01 | B95: 60 (8).tif | C95: 60(8)-V02 | D95: =导管母表_860!F750 | E95: =导管母表_860!G750 | F95: 60(8)-V04 | G95: =导管母表_860!F752 | H95: =导管母表_860!G752 | I95: J183:J184 | J95: =COUNT(TVW线测量明细!J183:J184) | K95: =AVERAGE(TVW线测量明细!J183:J184) | L95: =MEDIAN(TVW线测量明细!J183:J184) | M95: =IF(J95>1,STDEV(TVW线测量明细!J183:J184),0) | N95: =IF(K95=0,"",M95/K95*100) | O95: 6.6969225 | P95: =IF(O95=0,"",(K95/O95-1)*100) | Q95: =(K95/E95)^2 | R95: =(K95/H95)^2 | S95: =AVERAGE(Q95,R95) | T95: =AVERAGE((O95/E95)^2,(O95/H95)^2) | U95: =IF(T95=0,"",(S95/T95-1)*100) | V95: =AVERAGE((L95/E95)^2,(L95/H95)^2) | W95: =IF(ABS(E95-汇总!B25)<=ABS(H95-汇总!B25),E95,H95) | X95: =(K95/W95)^2 | Y95: =IF(N95>10,"HIGH_TVW_CV",IF(J95<3,"SHORT_INTERFACE","PASS")) | Z95: Di1、TVW均值、Di2均来自本Pair_ID；TVW=3–5法线平均 | AA95: 样品60
A96: 60(8)-P02 | B96: 60 (8).tif | C96: 60(8)-V01 | D96: =导管母表_860!F749 | E96: =导管母表_860!G749 | F96: 60(8)-V03 | G96: =导管母表_860!F751 | H96: =导管母表_860!G751 | I96: J185:J187 | J96: =COUNT(TVW线测量明细!J185:J187) | K96: =AVERAGE(TVW线测量明细!J185:J187) | L96: =MEDIAN(TVW线测量明细!J185:J187) | M96: =IF(J96>1,STDEV(TVW线测量明细!J185:J187),0) | N96: =IF(K96=0,"",M96/K96*100) | O96: 3.1125698 | P96: =IF(O96=0,"",(K96/O96-1)*100) | Q96: =(K96/E96)^2 | R96: =(K96/H96)^2 | S96: =AVERAGE(Q96,R96) | T96: =AVERAGE((O96/E96)^2,(O96/H96)^2) | U96: =IF(T96=0,"",(S96/T96-1)*100) | V96: =AVERAGE((L96/E96)^2,(L96/H96)^2) | W96: =IF(ABS(E96-汇总!B25)<=ABS(H96-汇总!B25),E96,H96) | X96: =(K96/W96)^2 | Y96: =IF(N96>10,"HIGH_TVW_CV",IF(J96<3,"SHORT_INTERFACE","PASS")) | Z96: Di1、TVW均值、Di2均来自本Pair_ID；TVW=3–5法线平均 | AA96: 样品60
A97: 61(2)-P01 | B97: 61 (2).tif | C97: 61(2)-V02 | D97: =导管母表_860!F760 | E97: =导管母表_860!G760 | F97: 61(2)-V03 | G97: =导管母表_860!F761 | H97: =导管母表_860!G761 | I97: J188:J189 | J97: =COUNT(TVW线测量明细!J188:J189) | K97: =AVERAGE(TVW线测量明细!J188:J189) | L97: =MEDIAN(TVW线测量明细!J188:J189) | M97: =IF(J97>1,STDEV(TVW线测量明细!J188:J189),0) | N97: =IF(K97=0,"",M97/K97*100) | O97: 5.0047237 | P97: =IF(O97=0,"",(K97/O97-1)*100) | Q97: =(K97/E97)^2 | R97: =(K97/H97)^2 | S97: =AVERAGE(Q97,R97) | T97: =AVERAGE((O97/E97)^2,(O97/H97)^2) | U97: =IF(T97=0,"",(S97/T97-1)*100) | V97: =AVERAGE((L97/E97)^2,(L97/H97)^2) | W97: =IF(ABS(E97-汇总!B25)<=ABS(H97-汇总!B25),E97,H97) | X97: =(K97/W97)^2 | Y97: =IF(N97>10,"HIGH_TVW_CV",IF(J97<3,"SHORT_INTERFACE","PASS")) | Z97: Di1、TVW均值、Di2均来自本Pair_ID；TVW=3–5法线平均 | AA97: 样品61
A98: 61(3)-P01 | B98: 61 (3).tif | C98: 61(3)-V01 | D98: =导管母表_860!F764 | E98: =导管母表_860!G764 | F98: 61(3)-V02 | G98: =导管母表_860!F765 | H98: =导管母表_860!G765 | I98: J190:J192 | J98: =COUNT(TVW线测量明细!J190:J192) | K98: =AVERAGE(TVW线测量明细!J190:J192) | L98: =MEDIAN(TVW线测量明细!J190:J192) | M98: =IF(J98>1,STDEV(TVW线测量明细!J190:J192),0) | N98: =IF(K98=0,"",M98/K98*100) | O98: 5.1855915 | P98: =IF(O98=0,"",(K98/O98-1)*100) | Q98: =(K98/E98)^2 | R98: =(K98/H98)^2 | S98: =AVERAGE(Q98,R98) | T98: =AVERAGE((O98/E98)^2,(O98/H98)^2) | U98: =IF(T98=0,"",(S98/T98-1)*100) | V98: =AVERAGE((L98/E98)^2,(L98/H98)^2) | W98: =IF(ABS(E98-汇总!B25)<=ABS(H98-汇总!B25),E98,H98) | X98: =(K98/W98)^2 | Y98: =IF(N98>10,"HIGH_TVW_CV",IF(J98<3,"SHORT_INTERFACE","PASS")) | Z98: Di1、TVW均值、Di2均来自本Pair_ID；TVW=3–5法线平均 | AA98: 样品61
A99: 61(4)-P01 | B99: 61 (4).tif | C99: 61(4)-V01 | D99: =导管母表_860!F767 | E99: =导管母表_860!G767 | F99: 61(4)-V02 | G99: =导管母表_860!F768 | H99: =导管母表_860!G768 | I99: J193:J196 | J99: =COUNT(TVW线测量明细!J193:J196) | K99: =AVERAGE(TVW线测量明细!J193:J196) | L99: =MEDIAN(TVW线测量明细!J193:J196) | M99: =IF(J99>1,STDEV(TVW线测量明细!J193:J196),0) | N99: =IF(K99=0,"",M99/K99*100) | O99: 7.7837016 | P99: =IF(O99=0,"",(K99/O99-1)*100) | Q99: =(K99/E99)^2 | R99: =(K99/H99)^2 | S99: =AVERAGE(Q99,R99) | T99: =AVERAGE((O99/E99)^2,(O99/H99)^2) | U99: =IF(T99=0,"",(S99/T99-1)*100) | V99: =AVERAGE((L99/E99)^2,(L99/H99)^2) | W99: =IF(ABS(E99-汇总!B25)<=ABS(H99-汇总!B25),E99,H99) | X99: =(K99/W99)^2 | Y99: =IF(N99>10,"HIGH_TVW_CV",IF(J99<3,"SHORT_INTERFACE","PASS")) | Z99: Di1、TVW均值、Di2均来自本Pair_ID；TVW=3–5法线平均 | AA99: 样品61
A100: 61(5)-P01 | B100: 61 (5).tif | C100: 61(5)-V01 | D100: =导管母表_860!F769 | E100: =导管母表_860!G769 | F100: 61(5)-V03 | G100: =导管母表_860!F771 | H100: =导管母表_860!G771 | I100: J197:J197 | J100: =COUNT(TVW线测量明细!J197:J197) | K100: =AVERAGE(TVW线测量明细!J197:J197) | L100: =MEDIAN(TVW线测量明细!J197:J197) | M100: =IF(J100>1,STDEV(TVW线测量明细!J197:J197),0) | N100: =IF(K100=0,"",M100/K100*100) | O100: 9.4383884 | P100: =IF(O100=0,"",(K100/O100-1)*100) | Q100: =(K100/E100)^2 | R100: =(K100/H100)^2 | S100: =AVERAGE(Q100,R100) | T100: =AVERAGE((O100/E100)^2,(O100/H100)^2) | U100: =IF(T100=0,"",(S100/T100-1)*100) | V100: =AVERAGE((L100/E100)^2,(L100/H100)^2) | W100: =IF(ABS(E100-汇总!B25)<=ABS(H100-汇总!B25),E100,H100) | X100: =(K100/W100)^2 | Y100: =IF(N100>10,"HIGH_TVW_CV",IF(J100<3,"SHORT_INTERFACE","PASS")) | Z100: Di1、TVW均值、Di2均来自本Pair_ID；TVW=3–5法线平均 | AA100: 样品61
...

Sheet TVW线测量明细
A1: Pair_ID | B1: 图像文件 | C1: Line_ID | D1: 起点X (px) | E1: 起点Y (px) | F1: 终点X (px) | G1: 终点Y (px) | H1: 长度 (px) | I1: 标定 (μm/px) | J1: TVW (μm) | K1: 与导管1局部法线偏差 (°) | L1: 与导管2局部法线偏差 (°) | M1: 最大法线偏差 (°) | N1: 共同壁位置分位 | O1: 纳入 | P1: 线级质控 | Q1: 样品
A2: 41(1)-P01 | B2: 41 (1).tif | C2: L1 | D2: 524 | E2: 352 | F2: 536 | G2: 360 | H2: =SQRT((F2-D2)^2+(G2-E2)^2) | I2: 0.2173913 | J2: =H2*I2 | M2: =IF(OR(K2="",L2=""),"",MAX(K2,L2)) | N2: 0.5 | O2: 是 | P2: =IF(OR(M2="",M2<=18),"PASS","ANGLE_ALERT") | Q2: 样品41
A3: 41(1)-P01 | B3: 41 (1).tif | C3: L2 | D3: 523 | E3: 361 | F3: 534 | G3: 364 | H3: =SQRT((F3-D3)^2+(G3-E3)^2) | I3: 0.2173913 | J3: =H3*I3 | M3: =IF(OR(K3="",L3=""),"",MAX(K3,L3)) | N3: 0.5 | O3: 是 | P3: =IF(OR(M3="",M3<=18),"PASS","ANGLE_ALERT") | Q3: 样品41
A4: 41(1)-P01 | B4: 41 (1).tif | C4: L3 | D4: 518 | E4: 377 | F4: 529 | G4: 381 | H4: =SQRT((F4-D4)^2+(G4-E4)^2) | I4: 0.2173913 | J4: =H4*I4 | M4: =IF(OR(K4="",L4=""),"",MAX(K4,L4)) | N4: 0.5 | O4: 是 | P4: =IF(OR(M4="",M4<=18),"PASS","ANGLE_ALERT") | Q4: 样品41
A5: 41(4)-P01 | B5: 41 (4).tif | C5: L1 | D5: 530 | E5: 350 | F5: 565 | G5: 344 | H5: =SQRT((F5-D5)^2+(G5-E5)^2) | I5: 0.2173913 | J5: =H5*I5 | M5: =IF(OR(K5="",L5=""),"",MAX(K5,L5)) | N5: 0.5 | O5: 是 | P5: =IF(OR(M5="",M5<=18),"PASS","ANGLE_ALERT") | Q5: 样品41
A6: 41(5)-P01 | B6: 41 (5).tif | C6: L1 | D6: 511 | E6: 391 | F6: 500 | G6: 389 | H6: =SQRT((F6-D6)^2+(G6-E6)^2) | I6: 0.2173913 | J6: =H6*I6 | M6: =IF(OR(K6="",L6=""),"",MAX(K6,L6)) | N6: 0.5 | O6: 是 | P6: =IF(OR(M6="",M6<=18),"PASS","ANGLE_ALERT") | Q6: 样品41
A7: 41(5)-P01 | B7: 41 (5).tif | C7: L2 | D7: 515 | E7: 364 | F7: 508 | G7: 364 | H7: =SQRT((F7-D7)^2+(G7-E7)^2) | I7: 0.2173913 | J7: =H7*I7 | M7: =IF(OR(K7="",L7=""),"",MAX(K7,L7)) | N7: 0.5 | O7: 是 | P7: =IF(OR(M7="",M7<=18),"PASS","ANGLE_ALERT") | Q7: 样品41
A8: 41(7)-P01 | B8: 41 (7).tif | C8: L1 | D8: 454 | E8: 420 | F8: 454 | G8: 420 | H8: =SQRT((F8-D8)^2+(G8-E8)^2) | I8: 0.2173913 | J8: =H8*I8 | M8: =IF(OR(K8="",L8=""),"",MAX(K8,L8)) | N8: 0.5 | O8: 是 | P8: =IF(OR(M8="",M8<=18),"PASS","ANGLE_ALERT") | Q8: 样品41
A9: 42(1)-P01 | B9: 42 (1).tif | C9: L1 | D9: 544 | E9: 342 | F9: 522 | G9: 321 | H9: =SQRT((F9-D9)^2+(G9-E9)^2) | I9: 0.2173913 | J9: =H9*I9 | M9: =IF(OR(K9="",L9=""),"",MAX(K9,L9)) | N9: 0.5 | O9: 是 | P9: =IF(OR(M9="",M9<=18),"PASS","ANGLE_ALERT") | Q9: 样品42
A10: 42(1)-P01 | B10: 42 (1).tif | C10: L2 | D10: 560 | E10: 324 | F10: 538 | G10: 301 | H10: =SQRT((F10-D10)^2+(G10-E10)^2) | I10: 0.2173913 | J10: =H10*I10 | M10: =IF(OR(K10="",L10=""),"",MAX(K10,L10)) | N10: 0.5 | O10: 是 | P10: =IF(OR(M10="",M10<=18),"PASS","ANGLE_ALERT") | Q10: 样品42
A11: 42(1)-P01 | B11: 42 (1).tif | C11: L3 | D11: 551 | E11: 332 | F11: 528 | G11: 315 | H11: =SQRT((F11-D11)^2+(G11-E11)^2) | I11: 0.2173913 | J11: =H11*I11 | M11: =IF(OR(K11="",L11=""),"",MAX(K11,L11)) | N11: 0.5 | O11: 是 | P11: =IF(OR(M11="",M11<=18),"PASS","ANGLE_ALERT") | Q11: 样品42
A12: 42(2)-P01 | B12: 42 (2).tif | C12: L1 | D12: 257 | E12: 496 | F12: 245 | G12: 522 | H12: =SQRT((F12-D12)^2+(G12-E12)^2) | I12: 0.2173913 | J12: =H12*I12 | M12: =IF(OR(K12="",L12=""),"",MAX(K12,L12)) | N12: 0.5 | O12: 是 | P12: =IF(OR(M12="",M12<=18),"PASS","ANGLE_ALERT") | Q12: 样品42
A13: 42(2)-P01 | B13: 42 (2).tif | C13: L2 | D13: 267 | E13: 512 | F13: 252 | G13: 528 | H13: =SQRT((F13-D13)^2+(G13-E13)^2) | I13: 0.2173913 | J13: =H13*I13 | M13: =IF(OR(K13="",L13=""),"",MAX(K13,L13)) | N13: 0.5 | O13: 是 | P13: =IF(OR(M13="",M13<=18),"PASS","ANGLE_ALERT") | Q13: 样品42
... A224: 63(5)-P01 | B224: 63 (5).tif | C224: L2 | D224: 484 | E224: 356 | F224: 488 | G224: 374 | H224: =SQRT((F224-D224)^2+(G224-E224)^2) | I224: 0.2173913 | J224: =H224*I224 | M224: =IF(OR(K224="",L224=""),"",MAX(K224,L224)) | N224: 0.5 | O224: 是 | P224: =IF(OR(M224="",M224<=18),"PASS","ANGLE_ALERT") | Q224: 样品63

Sheet Sheet1 统计结果
A1: 样品序号 | B1: 导管腔面积 Ai (μm2)（可记录多个） | C1: 最大导管腔面积 Amax (μm2) | D1: 最小导管腔面积 Amin (μm2) | E1: 平均导管腔面积 Amean (μm2) | F1: 等效圆直径 Di (μm)（可记录多个） | G1: 最大等效圆直径 Dmax (μm) | H1: 最小等效圆直径 Dmin (μm) | I1: 平均等效圆直径 Dmean (μm) | J1: 水力加权直径 Dh(μm) | K1: 双导管壁厚 TVW (μm) | L1: 壁强化指数 CWR | N1: 黄色统计 绿色计算
A2: 样品41 | B2: 见“导管母表_860”F2:F30（全部29个合格导管） | C2: =MAX(导管母表_860!F2:F30) | D2: =MIN(导管母表_860!F2:F30) | E2: =AVERAGE(导管母表_860!F2:F30) | F2: 见“导管母表_860”G2:G30（29个逐导管Di） | G2: =MAX(导管母表_860!G2:G30) | H2: =MIN(导管母表_860!G2:G30) | I2: =AVERAGE(导管母表_860!G2:G30) | J2: =SUMPRODUCT(导管母表_860!G2:G30^5)/SUMPRODUCT(导管母表_860!G2:G30^4) | K2: =AVERAGE(导管对_CWR_112!K2:K5) | L2: =AVERAGE(导管对_CWR_112!S2:S5) | N2: 自动管线：A/D/Dh用全部29个合格导管；CWR用4个相贴导管对。每壁3–5条局部法线TVW取均值为主值，再算CWR_pair；Ai=不规则闭合轮廓。
A3: 样品42 | B3: 见“导管母表_860”F31:F64（全部34个合格导管） | C3: =MAX(导管母表_860!F31:F64) | D3: =MIN(导管母表_860!F31:F64) | E3: =AVERAGE(导管母表_860!F31:F64) | F3: 见“导管母表_860”G31:G64（34个逐导管Di） | G3: =MAX(导管母表_860!G31:G64) | H3: =MIN(导管母表_860!G31:G64) | I3: =AVERAGE(导管母表_860!G31:G64) | J3: =SUMPRODUCT(导管母表_860!G31:G64^5)/SUMPRODUCT(导管母表_860!G31:G64^4) | K3: =AVERAGE(导管对_CWR_112!K6:K12) | L3: =AVERAGE(导管对_CWR_112!S6:S12) | N3: 自动管线：A/D/Dh用全部34个合格导管；CWR用7个相贴导管对。每壁3–5条局部法线TVW取均值为主值，再算CWR_pair；Ai=不规则闭合轮廓。
A4: 样品43 | B4: 见“导管母表_860”F65:F87（全部23个合格导管） | C4: =MAX(导管母表_860!F65:F87) | D4: =MIN(导管母表_860!F65:F87) | E4: =AVERAGE(导管母表_860!F65:F87) | F4: 见“导管母表_860”G65:G87（23个逐导管Di） | G4: =MAX(导管母表_860!G65:G87) | H4: =MIN(导管母表_860!G65:G87) | I4: =AVERAGE(导管母表_860!G65:G87) | J4: =SUMPRODUCT(导管母表_860!G65:G87^5)/SUMPRODUCT(导管母表_860!G65:G87^4) | K4: =AVERAGE(导管对_CWR_112!K13:K15) | L4: =AVERAGE(导管对_CWR_112!S13:S15) | N4: 自动管线：A/D/Dh用全部23个合格导管；CWR用3个相贴导管对。每壁3–5条局部法线TVW取均值为主值，再算CWR_pair；Ai=不规则闭合轮廓。
A5: 样品44 | B5: 见“导管母表_860”F88:F121（全部34个合格导管） | C5: =MAX(导管母表_860!F88:F121) | D5: =MIN(导管母表_860!F88:F121) | E5: =AVERAGE(导管母表_860!F88:F121) | F5: 见“导管母表_860”G88:G121（34个逐导管Di） | G5: =MAX(导管母表_860!G88:G121) | H5: =MIN(导管母表_860!G88:G121) | I5: =AVERAGE(导管母表_860!G88:G121) | J5: =SUMPRODUCT(导管母表_860!G88:G121^5)/SUMPRODUCT(导管母表_860!G88:G121^4) | K5: =AVERAGE(导管对_CWR_112!K16:K23) | L5: =AVERAGE(导管对_CWR_112!S16:S23) | N5: 自动管线：A/D/Dh用全部34个合格导管；CWR用8个相贴导管对。每壁3–5条局部法线TVW取均值为主值，再算CWR_pair；Ai=不规则闭合轮廓。
A6: 样品45 | B6: 见“导管母表_860”F122:F160（全部39个合格导管） | C6: =MAX(导管母表_860!F122:F160) | D6: =MIN(导管母表_860!F122:F160) | E6: =AVERAGE(导管母表_860!F122:F160) | F6: 见“导管母表_860”G122:G160（39个逐导管Di） | G6: =MAX(导管母表_860!G122:G160) | H6: =MIN(导管母表_860!G122:G160) | I6: =AVERAGE(导管母表_860!G122:G160) | J6: =SUMPRODUCT(导管母表_860!G122:G160^5)/SUMPRODUCT(导管母表_860!G122:G160^4) | K6: =AVERAGE(导管对_CWR_112!K24:K30) | L6: =AVERAGE(导管对_CWR_112!S24:S30) | N6: 自动管线：A/D/Dh用全部39个合格导管；CWR用7个相贴导管对。每壁3–5条局部法线TVW取均值为主值，再算CWR_pair；Ai=不规则闭合轮廓。
A7: 样品46 | B7: 见“导管母表_860”F161:F190（全部30个合格导管） | C7: =MAX(导管母表_860!F161:F190) | D7: =MIN(导管母表_860!F161:F190) | E7: =AVERAGE(导管母表_860!F161:F190) | F7: 见“导管母表_860”G161:G190（30个逐导管Di） | G7: =MAX(导管母表_860!G161:G190) | H7: =MIN(导管母表_860!G161:G190) | I7: =AVERAGE(导管母表_860!G161:G190) | J7: =SUMPRODUCT(导管母表_860!G161:G190^5)/SUMPRODUCT(导管母表_860!G161:G190^4) | K7: =AVERAGE(导管对_CWR_112!K31:K34) | L7: =AVERAGE(导管对_CWR_112!S31:S34) | N7: 自动管线：A/D/Dh用全部30个合格导管；CWR用4个相贴导管对。每壁3–5条局部法线TVW取均值为主值，再算CWR_pair；Ai=不规则闭合轮廓。
A8: 样品47 | B8: 见“导管母表_860”F191:F232（全部42个合格导管） | C8: =MAX(导管母表_860!F191:F232) | D8: =MIN(导管母表_860!F191:F232) | E8: =AVERAGE(导管母表_860!F191:F232) | F8: 见“导管母表_860”G191:G232（42个逐导管Di） | G8: =MAX(导管母表_860!G191:G232) | H8: =MIN(导管母表_860!G191:G232) | I8: =AVERAGE(导管母表_860!G191:G232) | J8: =SUMPRODUCT(导管母表_860!G191:G232^5)/SUMPRODUCT(导管母表_860!G191:G232^4) | K8: =AVERAGE(导管对_CWR_112!K35:K40) | L8: =AVERAGE(导管对_CWR_112!S35:S40) | N8: 自动管线：A/D/Dh用全部42个合格导管；CWR用6个相贴导管对。每壁3–5条局部法线TVW取均值为主值，再算CWR_pair；Ai=不规则闭合轮廓。
A9: 样品48 | B9: 见“导管母表_860”F233:F273（全部41个合格导管） | C9: =MAX(导管母表_860!F233:F273) | D9: =MIN(导管母表_860!F233:F273) | E9: =AVERAGE(导管母表_860!F233:F273) | F9: 见“导管母表_860”G233:G273（41个逐导管Di） | G9: =MAX(导管母表_860!G233:G273) | H9: =MIN(导管母表_860!G233:G273) | I9: =AVERAGE(导管母表_860!G233:G273) | J9: =SUMPRODUCT(导管母表_860!G233:G273^5)/SUMPRODUCT(导管母表_860!G233:G273^4) | K9: =AVERAGE(导管对_CWR_112!K41:K46) | L9: =AVERAGE(导管对_CWR_112!S41:S46) | N9: 自动管线：A/D/Dh用全部41个合格导管；CWR用6个相贴导管对。每壁3–5条局部法线TVW取均值为主值，再算CWR_pair；Ai=不规则闭合轮廓。
A10: 样品49 | B10: 见“导管母表_860”F274:F297（全部24个合格导管） | C10: =MAX(导管母表_860!F274:F297) | D10: =MIN(导管母表_860!F274:F297) | E10: =AVERAGE(导管母表_860!F274:F297) | F10: 见“导管母表_860”G274:G297（24个逐导管Di） | G10: =MAX(导管母表_860!G274:G297) | H10: =MIN(导管母表_860!G274:G297) | I10: =AVERAGE(导管母表_860!G274:G297) | J10: =SUMPRODUCT(导管母表_860!G274:G297^5)/SUMPRODUCT(导管母表_860!G274:G297^4) | K10: =AVERAGE(导管对_CWR_112!K47:K48) | L10: =AVERAGE(导管对_CWR_112!S47:S48) | N10: 自动管线：A/D/Dh用全部24个合格导管；CWR用2个相贴导管对。每壁3–5条局部法线TVW取均值为主值，再算CWR_pair；Ai=不规则闭合轮廓。
A11: 样品50 | B11: 见“导管母表_860”F298:F334（全部37个合格导管） | C11: =MAX(导管母表_860!F298:F334) | D11: =MIN(导管母表_860!F298:F334) | E11: =AVERAGE(导管母表_860!F298:F334) | F11: 见“导管母表_860”G298:G334（37个逐导管Di） | G11: =MAX(导管母表_860!G298:G334) | H11: =MIN(导管母表_860!G298:G334) | I11: =AVERAGE(导管母表_860!G298:G334) | J11: =SUMPRODUCT(导管母表_860!G298:G334^5)/SUMPRODUCT(导管母表_860!G298:G334^4) | K11: =AVERAGE(导管对_CWR_112!K49:K53) | L11: =AVERAGE(导管对_CWR_112!S49:S53) | N11: 自动管线：A/D/Dh用全部37个合格导管；CWR用5个相贴导管对。每壁3–5条局部法线TVW取均值为主值，再算CWR_pair；Ai=不规则闭合轮廓。
A12: 样品51 | B12: 见“导管母表_860”F335:F380（全部46个合格导管） | C12: =MAX(导管母表_860!F335:F380) | D12: =MIN(导管母表_860!F335:F380) | E12: =AVERAGE(导管母表_860!F335:F380) | F12: 见“导管母表_860”G335:G380（46个逐导管Di） | G12: =MAX(导管母表_860!G335:G380) | H12: =MIN(导管母表_860!G335:G380) | I12: =AVERAGE(导管母表_860!G335:G380) | J12: =SUMPRODUCT(导管母表_860!G335:G380^5)/SUMPRODUCT(导管母表_860!G335:G380^4) | K12: =AVERAGE(导管对_CWR_112!K54:K55) | L12: =AVERAGE(导管对_CWR_112!S54:S55) | N12: 自动管线：A/D/Dh用全部46个合格导管；CWR用2个相贴导管对。每壁3–5条局部法线TVW取均值为主值，再算CWR_pair；Ai=不规则闭合轮廓。
A13: 样品52 | B13: 见“导管母表_860”F381:F412（全部32个合格导管） | C13: =MAX(导管母表_860!F381:F412) | D13: =MIN(导管母表_860!F381:F412) | E13: =AVERAGE(导管母表_860!F381:F412) | F13: 见“导管母表_860”G381:G412（32个逐导管Di） | G13: =MAX(导管母表_860!G381:G412) | H13: =MIN(导管母表_860!G381:G412) | I13: =AVERAGE(导管母表_860!G381:G412) | J13: =SUMPRODUCT(导管母表_860!G381:G412^5)/SUMPRODUCT(导管母表_860!G381:G412^4) | K13: =AVERAGE(导管对_CWR_112!K56:K60) | L13: =AVERAGE(导管对_CWR_112!S56:S60) | N13: 自动管线：A/D/Dh用全部32个合格导管；CWR用5个相贴导管对。每壁3–5条局部法线TVW取均值为主值，再算CWR_pair；Ai=不规则闭合轮廓。
A14: 样品53 | B14: 见“导管母表_860”F413:F452（全部40个合格导管） | C14: =MAX(导管母表_860!F413:F452) | D14: =MIN(导管母表_860!F413:F452) | E14: =AVERAGE(导管母表_860!F413:F452) | F14: 见“导管母表_860”G413:G452（40个逐导管Di） | G14: =MAX(导管母表_860!G413:G452) | H14: =MIN(导管母表_860!G413:G452) | I14: =AVERAGE(导管母表_860!G413:G452) | J14: =SUMPRODUCT(导管母表_860!G413:G452^5)/SUMPRODUCT(导管母表_860!G413:G452^4) | K14: =AVERAGE(导管对_CWR_112!K61:K65) | L14: =AVERAGE(导管对_CWR_112!S61:S65) | N14: 自动管线：A/D/Dh用全部40个合格导管；CWR用5个相贴导管对。每壁3–5条局部法线TVW取均值为主值，再算CWR_pair；Ai=不规则闭合轮廓。
A15: 样品54 | B15: 见“导管母表_860”F453:F493（全部41个合格导管） | C15: =MAX(导管母表_860!F453:F493) | D15: =MIN(导管母表_860!F453:F493) | E15: =AVERAGE(导管母表_860!F453:F493) | F15: 见“导管母表_860”G453:G493（41个逐导管Di） | G15: =MAX(导管母表_860!G453:G493) | H15: =MIN(导管母表_860!G453:G493) | I15: =AVERAGE(导管母表_860!G453:G493) | J15: =SUMPRODUCT(导管母表_860!G453:G493^5)/SUMPRODUCT(导管母表_860!G453:G493^4) | K15: =AVERAGE(导管对_CWR_112!K66:K68) | L15: =AVERAGE(导管对_CWR_112!S66:S68) | N15: 自动管线：A/D/Dh用全部41个合格导管；CWR用3个相贴导管对。每壁3–5条局部法线TVW取均值为主值，再算CWR_pair；Ai=不规则闭合轮廓。
A16: 样品55 | B16: 见“导管母表_860”F494:F540（全部47个合格导管） | C16: =MAX(导管母表_860!F494:F540) | D16: =MIN(导管母表_860!F494:F540) | E16: =AVERAGE(导管母表_860!F494:F540) | F16: 见“导管母表_860”G494:G540（47个逐导管Di） | G16: =MAX(导管母表_860!G494:G540) | H16: =MIN(导管母表_860!G494:G540) | I16: =AVERAGE(导管母表_860!G494:G540) | J16: =SUMPRODUCT(导管母表_860!G494:G540^5)/SUMPRODUCT(导管母表_860!G494:G540^4) | K16: =AVERAGE(导管对_CWR_112!K69:K72) | L16: =AVERAGE(导管对_CWR_112!S69:S72) | N16: 自动管线：A/D/Dh用全部47个合格导管；CWR用4个相贴导管对。每壁3–5条局部法线TVW取均值为主值，再算CWR_pair；Ai=不规则闭合轮廓。
A17: 样品56 | B17: 见“导管母表_860”F541:F585（全部45个合格导管） | C17: =MAX(导管母表_860!F541:F585) | D17: =MIN(导管母表_860!F541:F585) | E17: =AVERAGE(导管母表_860!F541:F585) | F17: 见“导管母表_860”G541:G585（45个逐导管Di） | G17: =MAX(导管母表_860!G541:G585) | H17: =MIN(导管母表_860!G541:G585) | I17: =AVERAGE(导管母表_860!G541:G585) | J17: =SUMPRODUCT(导管母表_860!G541:G585^5)/SUMPRODUCT(导管母表_860!G541:G585^4) | K17: =AVERAGE(导管对_CWR_112!K73:K76) | L17: =AVERAGE(导管对_CWR_112!S73:S76) | N17: 自动管线：A/D/Dh用全部45个合格导管；CWR用4个相贴导管对。每壁3–5条局部法线TVW取均值为主值，再算CWR_pair；Ai=不规则闭合轮廓。
A18: 样品57 | B18: 见“导管母表_860”F586:F625（全部40个合格导管） | C18: =MAX(导管母表_860!F586:F625) | D18: =MIN(导管母表_860!F586:F625) | E18: =AVERAGE(导管母表_860!F586:F625) | F18: 见“导管母表_860”G586:G625（40个逐导管Di） | G18: =MAX(导管母表_860!G586:G625) | H18: =MIN(导管母表_860!G586:G625) | I18: =AVERAGE(导管母表_860!G586:G625) | J18: =SUMPRODUCT(导管母表_860!G586:G625^5)/SUMPRODUCT(导管母表_860!G586:G625^4) | K18: =AVERAGE(导管对_CWR_112!K77:K77) | L18: =AVERAGE(导管对_CWR_112!S77:S77) | N18: 自动管线：A/D/Dh用全部40个合格导管；CWR用1个相贴导管对。每壁3–5条局部法线TVW取均值为主值，再算CWR_pair；Ai=不规则闭合轮廓。
A19: 样品58 | B19: 见“导管母表_860”F626:F669（全部44个合格导管） | C19: =MAX(导管母表_860!F626:F669) | D19: =MIN(导管母表_860!F626:F669) | E19: =AVERAGE(导管母表_860!F626:F669) | F19: 见“导管母表_860”G626:G669（44个逐导管Di） | G19: =MAX(导管母表_860!G626:G669) | H19: =MIN(导管母表_860!G626:G669) | I19: =AVERAGE(导管母表_860!G626:G669) | J19: =SUMPRODUCT(导管母表_860!G626:G669^5)/SUMPRODUCT(导管母表_860!G626:G669^4) | K19: =AVERAGE(导管对_CWR_112!K78:K82) | L19: =AVERAGE(导管对_CWR_112!S78:S82) | N19: 自动管线：A/D/Dh用全部44个合格导管；CWR用5个相贴导管对。每壁3–5条局部法线TVW取均值为主值，再算CWR_pair；Ai=不规则闭合轮廓。
A20: 样品59 | B20: 见“导管母表_860”F670:F710（全部41个合格导管） | C20: =MAX(导管母表_860!F670:F710) | D20: =MIN(导管母表_860!F670:F710) | E20: =AVERAGE(导管母表_860!F670:F710) | F20: 见“导管母表_860”G670:G710（41个逐导管Di） | G20: =MAX(导管母表_860!G670:G710) | H20: =MIN(导管母表_860!G670:G710) | I20: =AVERAGE(导管母表_860!G670:G710) | J20: =SUMPRODUCT(导管母表_860!G670:G710^5)/SUMPRODUCT(导管母表_860!G670:G710^4) | K20: =AVERAGE(导管对_CWR_112!K83:K88) | L20: =AVERAGE(导管对_CWR_112!S83:S88) | N20: 自动管线：A/D/Dh用全部41个合格导管；CWR用6个相贴导管对。每壁3–5条局部法线TVW取均值为主值，再算CWR_pair；Ai=不规则闭合轮廓。
A21: 样品60 | B21: 见“导管母表_860”F711:F755（全部45个合格导管） | C21: =MAX(导管母表_860!F711:F755) | D21: =MIN(导管母表_860!F711:F755) | E21: =AVERAGE(导管母表_860!F711:F755) | F21: 见“导管母表_860”G711:G755（45个逐导管Di） | G21: =MAX(导管母表_860!G711:G755) | H21: =MIN(导管母表_860!G711:G755) | I21: =AVERAGE(导管母表_860!G711:G755) | J21: =SUMPRODUCT(导管母表_860!G711:G755^5)/SUMPRODUCT(导管母表_860!G711:G755^4) | K21: =AVERAGE(导管对_CWR_112!K89:K96) | L21: =AVERAGE(导管对_CWR_112!S89:S96) | N21: 自动管线：A/D/Dh用全部45个合格导管；CWR用8个相贴导管对。每壁3–5条局部法线TVW取均值为主值，再算CWR_pair；Ai=不规则闭合轮廓。
A22: 样品61 | B22: 见“导管母表_860”F756:F783（全部28个合格导管） | C22: =MAX(导管母表_860!F756:F783) | D22: =MIN(导管母表_860!F756:F783) | E22: =AVERAGE(导管母表_860!F756:F783) | F22: 见“导管母表_860”G756:G783（28个逐导管Di） | G22: =MAX(导管母表_860!G756:G783) | H22: =MIN(导管母表_860!G756:G783) | I22: =AVERAGE(导管母表_860!G756:G783) | J22: =SUMPRODUCT(导管母表_860!G756:G783^5)/SUMPRODUCT(导管母表_860!G756:G783^4) | K22: =AVERAGE(导管对_CWR_112!K97:K103) | L22: =AVERAGE(导管对_CWR_112!S97:S103) | N22: 自动管线：A/D/Dh用全部28个合格导管；CWR用7个相贴导管对。每壁3–5条局部法线TVW取均值为主值，再算CWR_pair；Ai=不规则闭合轮廓。
A23: 样品62 | B23: 见“导管母表_860”F784:F825（全部42个合格导管） | C23: =MAX(导管母表_860!F784:F825) | D23: =MIN(导管母表_860!F784:F825) | E23: =AVERAGE(导管母表_860!F784:F825) | F23: 见“导管母表_860”G784:G825（42个逐导管Di） | G23: =MAX(导管母表_860!G784:G825) | H23: =MIN(导管母表_860!G784:G825) | I23: =AVERAGE(导管母表_860!G784:G825) | J23: =SUMPRODUCT(导管母表_860!G784:G825^5)/SUMPRODUCT(导管母表_860!G784:G825^4) | K23: =AVERAGE(导管对_CWR_112!K104:K111) | L23: =AVERAGE(导管对_CWR_112!S104:S111) | N23: 自动管线：A/D/Dh用全部42个合格导管；CWR用8个相贴导管对。每壁3–5条局部法线TVW取均值为主值，再算CWR_pair；Ai=不规则闭合轮廓。
A24: 样品63 | B24: 见“导管母表_860”F826:F861（全部36个合格导管） | C24: =MAX(导管母表_860!F826:F861) | D24: =MIN(导管母表_860!F826:F861) | E24: =AVERAGE(导管母表_860!F826:F861) | F24: 见“导管母表_860”G826:G861（36个逐导管Di） | G24: =MAX(导管母表_860!G826:G861) | H24: =MIN(导管母表_860!G826:G861) | I24: =AVERAGE(导管母表_860!G826:G861) | J24: =SUMPRODUCT(导管母表_860!G826:G861^5)/SUMPRODUCT(导管母表_860!G826:G861^4) | K24: =AVERAGE(导管对_CWR_112!K112:K113) | L24: =AVERAGE(导管对_CWR_112!S112:S113) | N24: 自动管线：A/D/Dh用全部36个合格导管；CWR用2个相贴导管对。每壁3–5条局部法线TVW取均值为主值，再算CWR_pair；Ai=不规则闭合轮廓。
