Workbook

Sheet 汇总
A1: 扫描电镜指标汇总（通用规则自动管线，格式同 Wand 模板）
A2: A/D/Dh：1781个全部合格导管；CWR：172个唯一相贴导管对；344个CWR1/2只作侧别追溯，不视为独立重复。跨样品1–40（共40个）合并母表；Sheet1按样品分行。
A4: 统计层级 | B4: 数值 | C4: 单位 | D4: 解释
A5: n_vessel | B5: =COUNTA(导管母表_1781!C2:C1782) | C5: 个导管 | D5: A/D/Dh技术观测
A6: n_pair | B6: =COUNTA(导管对_CWR_172!A2:A173) | C6: 个导管对 | D6: CWR主统计单位
A7: n_component | B7: =2*B6 | C7: 个侧别分量 | D7: CWR1/2，仅追溯；非独立
A8: n_line | B8: =COUNT(TVW线测量明细!J2:J388) | C8: 条线 | D8: 壁内技术测量
A9: n_bio | B9: 40 | C9: 个样品 | D9: Sheet1每行一个样品生物学单位
A11: 统计量 | B11: Ai (μm²) | C11: Di (μm) | D11: TVW_pair (μm) | E11: CWR_pair | F11: 层级说明
A12: n | B12: =COUNT(导管母表_1781!F2:F1782) | C12: =COUNT(导管母表_1781!G2:G1782) | D12: =COUNT(导管对_CWR_172!K2:K173) | E12: =COUNT(导管对_CWR_172!S2:S173) | F12: 导管/导管对
A13: 均值 | B13: =AVERAGE(导管母表_1781!F2:F1782) | C13: =AVERAGE(导管母表_1781!G2:G1782) | D13: =AVERAGE(导管对_CWR_172!K2:K173) | E13: =AVERAGE(导管对_CWR_172!S2:S173) | F13: CWR为pair均值
A14: SD | B14: =STDEV(导管母表_1781!F2:F1782) | C14: =STDEV(导管母表_1781!G2:G1782) | D14: =STDEV(导管对_CWR_172!K2:K173) | E14: =STDEV(导管对_CWR_172!S2:S173) | F14: 技术变异
A15: 中位数 | B15: =MEDIAN(导管母表_1781!F2:F1782) | C15: =MEDIAN(导管母表_1781!G2:G1782) | D15: =MEDIAN(导管对_CWR_172!K2:K173) | E15: =MEDIAN(导管对_CWR_172!S2:S173) | F15: 稳健位置统计
A16: Q1 | B16: =QUARTILE(导管母表_1781!F2:F1782,1) | C16: =QUARTILE(导管母表_1781!G2:G1782,1) | D16: =QUARTILE(导管对_CWR_172!K2:K173,1) | E16: =QUARTILE(导管对_CWR_172!S2:S173,1) | F16: 25%分位
A17: Q3 | B17: =QUARTILE(导管母表_1781!F2:F1782,3) | C17: =QUARTILE(导管母表_1781!G2:G1782,3) | D17: =QUARTILE(导管对_CWR_172!K2:K173,3) | E17: =QUARTILE(导管对_CWR_172!S2:S173,3) | F17: 75%分位
A18: 最小 | B18: =MIN(导管母表_1781!F2:F1782) | C18: =MIN(导管母表_1781!G2:G1782) | D18: =MIN(导管对_CWR_172!K2:K173) | E18: =MIN(导管对_CWR_172!S2:S173)
A19: 最大 | B19: =MAX(导管母表_1781!F2:F1782) | C19: =MAX(导管母表_1781!G2:G1782) | D19: =MAX(导管对_CWR_172!K2:K173) | E19: =MAX(导管对_CWR_172!S2:S173)
A20: CV (%) | B20: =B14/B13*100 | C20: =C14/C13*100 | D20: =D14/D13*100 | E20: =E14/E13*100 | F20: SD/均值×100
A22: 一致性/水力指标 | B22: 结果 | C22: 单位 | D22: 公式或说明
A23: 侧别分量算术均值 | B23: =(SUM(导管对_CWR_172!Q2:Q173)+SUM(导管对_CWR_172!R2:R173))/(2*B6) | C23: 无量纲 | D23: 应与CWR_pair均值一致；统计n仍为n_pair
A24: CWR层级一致性误差 | B24: =ABS(B23-E13) | C24: 无量纲 | D24: 应为0（浮点容差内）
A25: Dh（全库合并，仅参考） | B25: =SUMPRODUCT(导管母表_1781!G2:G1782^5)/SUMPRODUCT(导管母表_1781!G2:G1782^4) | C25: μm | D25: ΣDi⁵/ΣDi⁴；正式按样品见Sheet1
A27: CWR方案 | B27: CWR均值 | C27: 与主值差异 (%) | D27: 用途
A28: 优化主值：TVW壁内均值(3–5线) | B28: =AVERAGE(导管对_CWR_172!S2:S173) | C28: 0 | D28: 主结果
A29: 优化敏感性：TVW壁内中位数 | B29: =AVERAGE(导管对_CWR_172!V2:V173) | C29: =B29/B28*100-100 | D29: 评估壁内汇总函数
A30: 旧单线法 | B30: =AVERAGE(导管对_CWR_172!T2:T173) | C30: =B30/B28*100-100 | D30: 评估单线选择影响
A31: Dtarget版本 | B31: =AVERAGE(导管对_CWR_172!X2:X173) | C31: =B31/B28*100-100 | D31: 仅方法敏感性；非主公式

Sheet 导管母表_1781
A1: 序号 | B1: 图像文件 | C1: ROI编号 | D1: 导管序号 | E1: 状态 | F1: Ai (μm²) | G1: Di=2√(Ai/π) (μm) | H1: 周长 (μm) | I1: 中心X (px) | J1: 中心Y (px) | K1: Ai敏感性下限 | L1: Ai敏感性上限 | M1: Di敏感性下限 | N1: Di敏感性上限 | O1: Pair_ID（若用于CWR） | P1: 用于A/D/Dh | Q1: 来源/质控 | R1: 样品
A2: 1 | B2: 1 (1).tif | C2: 1(1)-V01 | D2: 1 | E2: primary | F2: 685.53875 | G2: =2*SQRT(F2/PI()) | H2: 98.140378 | I2: 450 | J2: 490 | K2: 671.82798 | L2: 699.24953 | M2: =2*SQRT(K2/PI()) | N2: =2*SQRT(L2/PI()) | P2: 是 | Q2: auto_pipeline;review_png_green | R2: 样品1
A3: 2 | B3: 1 (1).tif | C3: 1(1)-V02 | D3: 2 | E3: primary | F3: 509.07372 | G3: =2*SQRT(F3/PI()) | H3: 85.544481 | I3: 889 | J3: 143 | K3: 498.89225 | L3: 519.2552 | M3: =2*SQRT(K3/PI()) | N3: =2*SQRT(L3/PI()) | O3: 1(1)-P01 | P3: 是 | Q3: auto_pipeline;review_png_green | R3: 样品1
A4: 3 | B4: 1 (1).tif | C4: 1(1)-V03 | D4: 3 | E4: primary | F4: 498.18053 | G4: =2*SQRT(F4/PI()) | H4: 83.932696 | I4: 930 | J4: 298 | K4: 488.21692 | L4: 508.14414 | M4: =2*SQRT(K4/PI()) | N4: =2*SQRT(L4/PI()) | O4: 1(1)-P01 | P4: 是 | Q4: auto_pipeline;review_png_green | R4: 样品1
A5: 4 | B5: 1 (1).tif | C5: 1(1)-V04 | D5: 4 | E5: primary | F5: 424.10208 | G5: =2*SQRT(F5/PI()) | H5: 77.252713 | I5: 169 | J5: 255 | K5: 415.62004 | L5: 432.58412 | M5: =2*SQRT(K5/PI()) | N5: =2*SQRT(L5/PI()) | P5: 是 | Q5: auto_pipeline;review_png_green | R5: 样品1
A6: 5 | B6: 1 (1).tif | C6: 1(1)-V05 | D6: 5 | E6: primary | F6: 373.9603 | G6: =2*SQRT(F6/PI()) | H6: 72.904887 | I6: 457 | J6: 325 | K6: 366.4811 | L6: 381.43951 | M6: =2*SQRT(K6/PI()) | N6: =2*SQRT(L6/PI()) | P6: 是 | Q6: auto_pipeline;review_png_green | R6: 样品1
A7: 6 | B7: 1 (1).tif | C7: 1(1)-V06 | D7: 6 | E7: primary | F7: 320.95936 | G7: =2*SQRT(F7/PI()) | H7: 67.498353 | I7: 138 | J7: 384 | K7: 314.54017 | L7: 327.37854 | M7: =2*SQRT(K7/PI()) | N7: =2*SQRT(L7/PI()) | P7: 是 | Q7: auto_pipeline;review_png_green | R7: 样品1
A8: 7 | B8: 1 (1).tif | C8: 1(1)-V07 | D8: 7 | E8: primary | F8: 315.97353 | G8: =2*SQRT(F8/PI()) | H8: 68.240573 | I8: 554 | J8: 85 | K8: 309.65406 | L8: 322.29301 | M8: =2*SQRT(K8/PI()) | N8: =2*SQRT(L8/PI()) | P8: 是 | Q8: auto_pipeline;review_png_green | R8: 样品1
A9: 8 | B9: 1 (1).tif | C9: 1(1)-V08 | D9: 8 | E9: primary | F9: 111.43667 | G9: =2*SQRT(F9/PI()) | H9: 50.936664 | I9: 44 | J9: 312 | K9: 109.20794 | L9: 113.66541 | M9: =2*SQRT(K9/PI()) | N9: =2*SQRT(L9/PI()) | P9: 是 | Q9: auto_pipeline;review_png_green | R9: 样品1
A10: 9 | B10: 1 (2).tif | C10: 1(2)-V01 | D10: 1 | E10: primary | F10: 579.34783 | G10: =2*SQRT(F10/PI()) | H10: 92.457305 | I10: 405 | J10: 164 | K10: 567.76087 | L10: 590.93478 | M10: =2*SQRT(K10/PI()) | N10: =2*SQRT(L10/PI()) | P10: 是 | Q10: auto_pipeline;review_png_green | R10: 样品1
A11: 10 | B11: 1 (2).tif | C11: 1(2)-V02 | D11: 2 | E11: primary | F11: 561.2949 | G11: =2*SQRT(F11/PI()) | H11: 88.618859 | I11: 421 | J11: 331 | K11: 550.069 | L11: 572.52079 | M11: =2*SQRT(K11/PI()) | N11: =2*SQRT(L11/PI()) | O11: 1(2)-P01 | P11: 是 | Q11: auto_pipeline;review_png_green | R11: 样品1
A12: 11 | B12: 1 (2).tif | C12: 1(2)-V03 | D12: 3 | E12: primary | F12: 444.51796 | G12: =2*SQRT(F12/PI()) | H12: 79.606719 | I12: 794 | J12: 608 | K12: 435.6276 | L12: 453.40832 | M12: =2*SQRT(K12/PI()) | N12: =2*SQRT(L12/PI()) | P12: 是 | Q12: auto_pipeline;review_png_green | R12: 样品1
A13: 12 | B13: 1 (2).tif | C13: 1(2)-V04 | D13: 4 | E13: primary | F13: 299.38563 | G13: =2*SQRT(F13/PI()) | H13: 64.762312 | I13: 531 | J13: 390 | K13: 293.39792 | L13: 305.37335 | M13: =2*SQRT(K13/PI()) | N13: =2*SQRT(L13/PI()) | O13: 1(2)-P01 | P13: 是 | Q13: auto_pipeline;review_png_green | R13: 样品1
A14: 13 | B14: 1 (2).tif | C14: 1(2)-V05 | D14: 5 | E14: primary | F14: 242.27316 | G14: =2*SQRT(F14/PI()) | H14: 60.796521 | I14: 484 | J14: 77 | K14: 237.42769 | L14: 247.11862 | M14: =2*SQRT(K14/PI()) | N14: =2*SQRT(L14/PI()) | P14: 是 | Q14: auto_pipeline;review_png_green | R14: 样品1
A15: 14 | B15: 1 (2).tif | C15: 1(2)-V06 | D15: 6 | E15: primary | F15: 184.68809 | G15: =2*SQRT(F15/PI()) | H15: 52.526601 | I15: 122 | J15: 288 | K15: 180.99433 | L15: 188.38185 | M15: =2*SQRT(K15/PI()) | N15: =2*SQRT(L15/PI()) | P15: 是 | Q15: auto_pipeline;review_png_green | R15: 样品1
A16: 15 | B16: 1 (2).tif | C16: 1(2)-V07 | D16: 7 | E16: primary | F16: 183.97921 | G16: =2*SQRT(F16/PI()) | H16: 51.29685 | I16: 84 | J16: 116 | K16: 180.29962 | L16: 187.65879 | M16: =2*SQRT(K16/PI()) | N16: =2*SQRT(L16/PI()) | P16: 是 | Q16: auto_pipeline;review_png_green | R16: 样品1
A17: 16 | B17: 1 (2).tif | C17: 1(2)-V08 | D17: 8 | E17: primary | F17: 118.54915 | G17: =2*SQRT(F17/PI()) | H17: 56.299501 | I17: 804 | J17: 310 | K17: 116.17817 | L17: 120.92013 | M17: =2*SQRT(K17/PI()) | N17: =2*SQRT(L17/PI()) | P17: 是 | Q17: auto_pipeline;review_png_green | R17: 样品1
A18: 17 | B18: 1 (3).tif | C18: 1(3)-V01 | D18: 1 | E18: primary | F18: 735.51512 | G18: =2*SQRT(F18/PI()) | H18: 104.09999 | I18: 594 | J18: 427 | K18: 720.80482 | L18: 750.22543 | M18: =2*SQRT(K18/PI()) | N18: =2*SQRT(L18/PI()) | O18: 1(3)-P01 | P18: 是 | Q18: auto_pipeline;review_png_green | R18: 样品1
A19: 18 | B19: 1 (3).tif | C19: 1(3)-V02 | D19: 2 | E19: primary | F19: 365.33554 | G19: =2*SQRT(F19/PI()) | H19: 73.690805 | I19: 462 | J19: 331 | K19: 358.02883 | L19: 372.64225 | M19: =2*SQRT(K19/PI()) | N19: =2*SQRT(L19/PI()) | O19: 1(3)-P01 | P19: 是 | Q19: auto_pipeline;review_png_green | R19: 样品1
A20: 19 | B20: 1 (3).tif | C20: 1(3)-V03 | D20: 3 | E20: primary | F20: 177.45747 | G20: =2*SQRT(F20/PI()) | H20: 53.80005 | I20: 51 | J20: 583 | K20: 173.90832 | L20: 181.00662 | M20: =2*SQRT(K20/PI()) | N20: =2*SQRT(L20/PI()) | P20: 是 | Q20: auto_pipeline;review_png_green | R20: 样品1
A21: 20 | B21: 1 (4).tif | C21: 1(4)-V01 | D21: 1 | E21: primary | F21: 834.02647 | G21: =2*SQRT(F21/PI()) | H21: 108.27677 | I21: 429 | J21: 362 | K21: 817.34594 | L21: 850.70699 | M21: =2*SQRT(K21/PI()) | N21: =2*SQRT(L21/PI()) | O21: 1(4)-P01 | P21: 是 | Q21: auto_pipeline;review_png_green | R21: 样品1
A22: 21 | B22: 1 (4).tif | C22: 1(4)-V02 | D22: 2 | E22: primary | F22: 686.48393 | G22: =2*SQRT(F22/PI()) | H22: 98.140378 | I22: 585 | J22: 373 | K22: 672.75425 | L22: 700.21361 | M22: =2*SQRT(K22/PI()) | N22: =2*SQRT(L22/PI()) | O22: 1(4)-P01 | P22: 是 | Q22: auto_pipeline;review_png_green | R22: 样品1
A23: 22 | B23: 1 (4).tif | C23: 1(4)-V03 | D23: 3 | E23: primary | F23: 560.16068 | G23: =2*SQRT(F23/PI()) | H23: 88.618859 | I23: 779 | J23: 360 | K23: 548.95747 | L23: 571.36389 | M23: =2*SQRT(K23/PI()) | N23: =2*SQRT(L23/PI()) | P23: 是 | Q23: auto_pipeline;review_png_green | R23: 样品1
A24: 23 | B24: 1 (4).tif | C24: 1(4)-V04 | D24: 4 | E24: primary | F24: 493.14745 | G24: =2*SQRT(F24/PI()) | H24: 83.805351 | I24: 179 | J24: 359 | K24: 483.2845 | L24: 503.0104 | M24: =2*SQRT(K24/PI()) | N24: =2*SQRT(L24/PI()) | P24: 是 | Q24: auto_pipeline;review_png_green | R24: 样品1
A25: 24 | B25: 1 (4).tif | C25: 1(4)-V05 | D25: 5 | E25: primary | F25: 158.22306 | G25: =2*SQRT(F25/PI()) | H25: 48.942844 | I25: 576 | J25: 521 | K25: 155.0586 | L25: 161.38752 | M25: =2*SQRT(K25/PI()) | N25: =2*SQRT(L25/PI()) | P25: 是 | Q25: auto_pipeline;review_png_green | R25: 样品1
A26: 25 | B26: 1 (4).tif | C26: 1(4)-V06 | D26: 6 | E26: primary | F26: 124.33837 | G26: =2*SQRT(F26/PI()) | H26: 44.234832 | I26: 335 | J26: 212 | K26: 121.85161 | L26: 126.82514 | M26: =2*SQRT(K26/PI()) | N26: =2*SQRT(L26/PI()) | P26: 是 | Q26: auto_pipeline;review_png_green | R26: 样品1
A27: 26 | B27: 1 (4).tif | C27: 1(4)-V07 | D27: 7 | E27: primary | F27: 108.90832 | G27: =2*SQRT(F27/PI()) | H27: 41.436994 | I27: 235 | J27: 503 | K27: 106.73015 | L27: 111.08648 | M27: =2*SQRT(K27/PI()) | N27: =2*SQRT(L27/PI()) | P27: 是 | Q27: auto_pipeline;review_png_green | R27: 样品1
A28: 27 | B28: 1 (5).tif | C28: 1(5)-V01 | D28: 1 | E28: primary | F28: 607.06522 | G28: =2*SQRT(F28/PI()) | H28: 92.58465 | I28: 603 | J28: 346 | K28: 594.92391 | L28: 619.20652 | M28: =2*SQRT(K28/PI()) | N28: =2*SQRT(L28/PI()) | O28: 1(5)-P01 | P28: 是 | Q28: auto_pipeline;review_png_green | R28: 样品1
A29: 28 | B29: 1 (5).tif | C29: 1(5)-V02 | D29: 2 | E29: primary | F29: 478.47353 | G29: =2*SQRT(F29/PI()) | H29: 82.448255 | I29: 459 | J29: 414 | K29: 468.90406 | L29: 488.04301 | M29: =2*SQRT(K29/PI()) | N29: =2*SQRT(L29/PI()) | O29: 1(5)-P01 | P29: 是 | Q29: auto_pipeline;review_png_green | R29: 样品1
A30: 29 | B30: 1 (6).tif | C30: 1(6)-V01 | D30: 1 | E30: primary | F30: 530.86011 | G30: =2*SQRT(F30/PI()) | H30: 86.879728 | I30: 438 | J30: 420 | K30: 520.24291 | L30: 541.47732 | M30: =2*SQRT(K30/PI()) | N30: =2*SQRT(L30/PI()) | O30: 1(6)-P01 | P30: 是 | Q30: auto_pipeline;review_png_green | R30: 样品1
A31: 30 | B31: 1 (6).tif | C31: 1(6)-V02 | D31: 2 | E31: primary | F31: 449.22023 | G31: =2*SQRT(F31/PI()) | H31: 80.348939 | I31: 747 | J31: 176 | K31: 440.23582 | L31: 458.20463 | M31: =2*SQRT(K31/PI()) | N31: =2*SQRT(L31/PI()) | P31: 是 | Q31: auto_pipeline;review_png_green | R31: 样品1
A32: 31 | B32: 1 (6).tif | C32: 1(6)-V03 | D32: 3 | E32: primary | F32: 365.61909 | G32: =2*SQRT(F32/PI()) | H32: 72.31186 | I32: 551 | J32: 343 | K32: 358.30671 | L32: 372.93147 | M32: =2*SQRT(K32/PI()) | N32: =2*SQRT(L32/PI()) | O32: 1(6)-P01 | P32: 是 | Q32: auto_pipeline;review_png_green | R32: 样品1
A33: 32 | B33: 1 (6).tif | C33: 1(6)-V04 | D33: 4 | E33: primary | F33: 344.16352 | G33: =2*SQRT(F33/PI()) | H33: 71.187605 | I33: 70 | J33: 133 | K33: 337.28025 | L33: 351.04679 | M33: =2*SQRT(K33/PI()) | N33: =2*SQRT(L33/PI()) | P33: 是 | Q33: auto_pipeline;review_png_green | R33: 样品1
A34: 33 | B34: 1 (6).tif | C34: 1(6)-V05 | D34: 5 | E34: primary | F34: 199.62193 | G34: =2*SQRT(F34/PI()) | H34: 64.998902 | I34: 950 | J34: 57 | K34: 195.62949 | L34: 203.61437 | M34: =2*SQRT(K34/PI()) | N34: =2*SQRT(L34/PI()) | P34: 是 | Q34: auto_pipeline;review_png_green | R34: 样品1
A35: 34 | B35: 1 (6).tif | C35: 1(6)-V06 | D35: 6 | E35: primary | F35: 165.59546 | G35: =2*SQRT(F35/PI()) | H35: 50.681975 | I35: 565 | J35: 248 | K35: 162.28355 | L35: 168.90737 | M35: =2*SQRT(K35/PI()) | N35: =2*SQRT(L35/PI()) | P35: 是 | Q35: auto_pipeline;review_png_green | R35: 样品1
A36: 35 | B36: 1 (6).tif | C36: 1(6)-V07 | D36: 7 | E36: primary | F36: 155.88374 | G36: =2*SQRT(F36/PI()) | H36: 53.225123 | I36: 267 | J36: 504 | K36: 152.76607 | L36: 159.00142 | M36: =2*SQRT(K36/PI()) | N36: =2*SQRT(L36/PI()) | P36: 是 | Q36: auto_pipeline;review_png_green | R36: 样品1
A37: 36 | B37: 1 (6).tif | C37: 1(6)-V08 | D37: 8 | E37: primary | F37: 147.7552 | G37: =2*SQRT(F37/PI()) | H37: 56.044811 | I37: 983 | J37: 351 | K37: 144.80009 | L37: 150.7103 | M37: =2*SQRT(K37/PI()) | N37: =2*SQRT(L37/PI()) | P37: 是 | Q37: auto_pipeline;review_png_green | R37: 样品1
A38: 37 | B38: 1 (7).tif | C38: 1(7)-V01 | D38: 1 | E38: primary | F38: 549.14934 | G38: =2*SQRT(F38/PI()) | H38: 88.258673 | I38: 352 | J38: 114 | K38: 538.16635 | L38: 560.13233 | M38: =2*SQRT(K38/PI()) | N38: =2*SQRT(L38/PI()) | P38: 是 | Q38: auto_pipeline;review_png_green | R38: 样品1
A39: 38 | B39: 1 (7).tif | C39: 1(7)-V02 | D39: 2 | E39: primary | F39: 430.22212 | G39: =2*SQRT(F39/PI()) | H39: 77.994933 | I39: 434 | J39: 363 | K39: 421.61767 | L39: 438.82656 | M39: =2*SQRT(K39/PI()) | N39: =2*SQRT(L39/PI()) | P39: 是 | Q39: auto_pipeline;review_png_green | R39: 样品1
A40: 39 | B40: 1 (7).tif | C40: 1(7)-V03 | D40: 3 | E40: primary | F40: 350.51985 | G40: =2*SQRT(F40/PI()) | H40: 70.700075 | I40: 676 | J40: 550 | K40: 343.50945 | L40: 357.53025 | M40: =2*SQRT(K40/PI()) | N40: =2*SQRT(L40/PI()) | P40: 是 | Q40: auto_pipeline;review_png_green | R40: 样品1
A41: 40 | B41: 1 (7).tif | C41: 1(7)-V04 | D41: 4 | E41: primary | F41: 243.2656 | G41: =2*SQRT(F41/PI()) | H41: 70.485334 | I41: 754 | J41: 520 | K41: 238.40028 | L41: 248.13091 | M41: =2*SQRT(K41/PI()) | N41: =2*SQRT(L41/PI()) | P41: 是 | Q41: auto_pipeline;review_png_green | R41: 样品1
A42: 41 | B42: 1 (7).tif | C42: 1(7)-V05 | D42: 5 | E42: primary | F42: 241.16257 | G42: =2*SQRT(F42/PI()) | H42: 64.041941 | I42: 201 | J42: 44 | K42: 236.33932 | L42: 245.98582 | M42: =2*SQRT(K42/PI()) | N42: =2*SQRT(L42/PI()) | P42: 是 | Q42: auto_pipeline;review_png_green | R42: 样品1
A43: 42 | B43: 1 (8).tif | C43: 1(8)-V01 | D43: 1 | E43: primary | F43: 805.48204 | G43: =2*SQRT(F43/PI()) | H43: 106.79233 | I43: 419 | J43: 411 | K43: 789.3724 | L43: 821.59168 | M43: =2*SQRT(K43/PI()) | N43: =2*SQRT(L43/PI()) | P43: 是 | Q43: auto_pipeline;review_png_green | R43: 样品1
A44: 43 | B44: 1 (8).tif | C44: 1(8)-V02 | D44: 2 | E44: primary | F44: 550.75614 | G44: =2*SQRT(F44/PI()) | H44: 87.749293 | I44: 576 | J44: 337 | K44: 539.74102 | L44: 561.77127 | M44: =2*SQRT(K44/PI()) | N44: =2*SQRT(L44/PI()) | P44: 是 | Q44: auto_pipeline;review_png_green | R44: 样品1
... A56: 55 | B56: 2 (3).tif | C56: 2(3)-V01 | D56: 1 | E56: primary | F56: 559.40454 | G56: =2*SQRT(F56/PI()) | H56: 88.873548 | I56: 239 | J56: 446 | K56: 548.21645 | L56: 570.59263 | M56: =2*SQRT(K56/PI()) | N56: =2*SQRT(L56/PI()) | P56: 是 | Q56: auto_pipeline;review_png_green | R56: 样品2
A57: 56 | B57: 2 (3).tif | C57: 2(3)-V02 | D57: 2 | E57: primary | F57: 472.54253 | G57: =2*SQRT(F57/PI()) | H57: 81.451345 | I57: 459 | J57: 322 | K57: 463.09168 | L57: 481.99338 | M57: =2*SQRT(K57/PI()) | N57: =2*SQRT(L57/PI()) | O57: 2(3)-P01 | P57: 是 | Q57: auto_pipeline;review_png_green | R57: 样品2
A58: 57 | B58: 2 (3).tif | C58: 2(3)-V03 | D58: 3 | E58: primary | F58: 393.57278 | G58: =2*SQRT(F58/PI()) | H58: 74.283831 | I58: 561 | J58: 397 | K58: 385.70132 | L58: 401.44423 | M58: =2*SQRT(K58/PI()) | N58: =2*SQRT(L58/PI()) | O58: 2(3)-P01 | P58: 是 | Q58: auto_pipeline;review_png_green | R58: 样品2
A59: 58 | B59: 2 (3).tif | C59: 2(3)-V04 | D59: 4 | E59: primary | F59: 279.44234 | G59: =2*SQRT(F59/PI()) | H59: 62.917686 | I59: 725 | J59: 513 | K59: 273.8535 | L59: 285.03119 | M59: =2*SQRT(K59/PI()) | N59: =2*SQRT(L59/PI()) | P59: 是 | Q59: auto_pipeline;review_png_green | R59: 样品2
A60: 59 | B60: 2 (3).tif | C60: 2(3)-V05 | D60: 5 | E60: primary | F60: 255.74197 | G60: =2*SQRT(F60/PI()) | H60: 60.076149 | I60: 811 | J60: 568 | K60: 250.62713 | L60: 260.85681 | M60: =2*SQRT(K60/PI()) | N60: =2*SQRT(L60/PI()) | P60: 是 | Q60: auto_pipeline;review_png_green | R60: 样品2
A61: 60 | B61: 2 (3).tif | C61: 2(3)-V06 | D61: 6 | E61: primary | F61: 187.40548 | G61: =2*SQRT(F61/PI()) | H61: 51.169505 | I61: 88 | J61: 333 | K61: 183.65737 | L61: 191.15359 | M61: =2*SQRT(K61/PI()) | N61: =2*SQRT(L61/PI()) | P61: 是 | Q61: auto_pipeline;review_png_green | R61: 样品2
A62: 61 | B62: 2 (3).tif | C62: 2(3)-V07 | D62: 7 | E62: primary | F62: 179.70227 | G62: =2*SQRT(F62/PI()) | H62: 69.870458 | I62: 191 | J62: 180 | K62: 176.10822 | L62: 183.29631 | M62: =2*SQRT(K62/PI()) | N62: =2*SQRT(L62/PI()) | P62: 是 | Q62: auto_pipeline;review_png_green | R62: 样品2
A63: 62 | B63: 2 (3).tif | C63: 2(3)-V08 | D63: 8 | E63: primary | F63: 142.88752 | G63: =2*SQRT(F63/PI()) | H63: 47.076369 | I63: 880 | J63: 127 | K63: 140.02977 | L63: 145.74527 | M63: =2*SQRT(K63/PI()) | N63: =2*SQRT(L63/PI()) | P63: 是 | Q63: auto_pipeline;review_png_green | R63: 样品2
A64: 63 | B64: 2 (4).tif | C64: 2(4)-V01 | D64: 1 | E64: primary | F64: 756.75803 | G64: =2*SQRT(F64/PI()) | H64: 102.95389 | I64: 445 | J64: 316 | K64: 741.62287 | L64: 771.89319 | M64: =2*SQRT(K64/PI()) | N64: =2*SQRT(L64/PI()) | O64: 2(4)-P01 | P64: 是 | Q64: auto_pipeline;review_png_green | R64: 样品2
A65: 64 | B65: 2 (4).tif | C65: 2(4)-V02 | D65: 2 | E65: primary | F65: 606.66352 | G65: =2*SQRT(F65/PI()) | H65: 92.202615 | I65: 597 | J65: 370 | K65: 594.53025 | L65: 618.79679 | M65: =2*SQRT(K65/PI()) | N65: =2*SQRT(L65/PI()) | O65: 2(4)-P01 | P65: 是 | Q65: auto_pipeline;review_png_green | R65: 样品2
A66: 65 | B66: 2 (4).tif | C66: 2(4)-V03 | D66: 3 | E66: primary | F66: 378.07183 | G66: =2*SQRT(F66/PI()) | H66: 72.799391 | I66: 765 | J66: 432 | K66: 370.5104 | L66: 385.63327 | M66: =2*SQRT(K66/PI()) | N66: =2*SQRT(L66/PI()) | P66: 是 | Q66: auto_pipeline;review_png_green | R66: 样品2
A67: 66 | B67: 2 (4).tif | C67: 2(4)-V04 | D67: 4 | E67: primary | F67: 142.17864 | G67: =2*SQRT(F67/PI()) | H67: 44.616867 | I67: 859 | J67: 462 | K67: 139.33507 | L67: 145.02221 | M67: =2*SQRT(K67/PI()) | N67: =2*SQRT(L67/PI()) | P67: 是 | Q67: auto_pipeline;review_png_green | R67: 样品2
A68: 67 | B68: 2 (4).tif | C68: 2(4)-V05 | D68: 5 | E68: primary | F68: 100.28355 | G68: =2*SQRT(F68/PI()) | H68: 44.384026 | I68: 141 | J68: 474 | K68: 98.277883 | L68: 102.28922 | M68: =2*SQRT(K68/PI()) | N68: =2*SQRT(L68/PI()) | P68: 是 | Q68: auto_pipeline;review_png_green | R68: 样品2
A69: 68 | B69: 2 (5).tif | C69: 2(5)-V01 | D69: 1 | E69: primary | F69: 489.17769 | G69: =2*SQRT(F69/PI()) | H69: 82.935786 | I69: 454 | J69: 340 | K69: 479.39414 | L69: 498.96125 | M69: =2*SQRT(K69/PI()) | N69: =2*SQRT(L69/PI()) | P69: 是 | Q69: auto_pipeline;review_png_green | R69: 样品2
A70: 69 | B70: 2 (5).tif | C70: 2(5)-V02 | D70: 2 | E70: primary | F70: 423.22779 | G70: =2*SQRT(F70/PI()) | H70: 77.380058 | I70: 749 | J70: 112 | K70: 414.76323 | L70: 431.69234 | M70: =2*SQRT(K70/PI()) | N70: =2*SQRT(L70/PI()) | O70: 2(5)-P01 | P70: 是 | Q70: auto_pipeline;review_png_green | R70: 样品2
A71: 70 | B71: 2 (5).tif | C71: 2(5)-V03 | D71: 3 | E71: primary | F71: 393.54915 | G71: =2*SQRT(F71/PI()) | H71: 74.411176 | I71: 858 | J71: 151 | K71: 385.67817 | L71: 401.42013 | M71: =2*SQRT(K71/PI()) | N71: =2*SQRT(L71/PI()) | P71: 是 | Q71: auto_pipeline;review_png_green | R71: 样品2
A72: 71 | B72: 2 (5).tif | C72: 2(5)-V04 | D72: 4 | E72: primary | F72: 99.05482 | G72: =2*SQRT(F72/PI()) | H72: 41.011261 | I72: 774 | J72: 132 | K72: 97.073724 | L72: 101.03592 | M72: =2*SQRT(K72/PI()) | N72: =2*SQRT(L72/PI()) | O72: 2(5)-P01 | P72: 是 | Q72: auto_pipeline;review_png_green | R72: 样品2
A73: 72 | B73: 2 (6).tif | C73: 2(6)-V01 | D73: 1 | E73: primary | F73: 865.57183 | G73: =2*SQRT(F73/PI()) | H73: 110.50343 | I73: 563 | J73: 308 | K73: 848.2604 | L73: 882.88327 | M73: =2*SQRT(K73/PI()) | N73: =2*SQRT(L73/PI()) | O73: 2(6)-P01 | P73: 是 | Q73: auto_pipeline;review_png_green | R73: 样品2
A74: 73 | B74: 2 (6).tif | C74: 2(6)-V02 | D74: 2 | E74: primary | F74: 693.76181 | G74: =2*SQRT(F74/PI()) | H74: 98.755254 | I74: 408 | J74: 360 | K74: 679.88658 | L74: 707.63705 | M74: =2*SQRT(K74/PI()) | N74: =2*SQRT(L74/PI()) | O74: 2(6)-P01 | P74: 是 | Q74: auto_pipeline;review_png_green | R74: 样品2
A75: 74 | B75: 2 (6).tif | C75: 2(6)-V03 | D75: 3 | E75: primary | F75: 625.23629 | G75: =2*SQRT(F75/PI()) | H75: 96.401248 | I75: 307 | J75: 134 | K75: 612.73157 | L75: 637.74102 | M75: =2*SQRT(K75/PI()) | N75: =2*SQRT(L75/PI()) | P75: 是 | Q75: auto_pipeline;review_png_green | R75: 样品2
A76: 75 | B76: 2 (6).tif | C76: 2(6)-V04 | D76: 4 | E76: primary | F76: 571.81002 | G76: =2*SQRT(F76/PI()) | H76: 100.92012 | I76: 662 | J76: 458 | K76: 560.37382 | L76: 583.24622 | M76: =2*SQRT(K76/PI()) | N76: =2*SQRT(L76/PI()) | P76: 是 | Q76: auto_pipeline;review_png_green | R76: 样品2
A77: 76 | B77: 2 (6).tif | C77: 2(6)-V05 | D77: 5 | E77: primary | F77: 374.81096 | G77: =2*SQRT(F77/PI()) | H77: 73.054081 | I77: 146 | J77: 166 | K77: 367.31474 | L77: 382.30718 | M77: =2*SQRT(K77/PI()) | N77: =2*SQRT(L77/PI()) | P77: 是 | Q77: auto_pipeline;review_png_green | R77: 样品2
A78: 77 | B78: 2 (6).tif | C78: 2(6)-V06 | D78: 6 | E78: primary | F78: 162.52363 | G78: =2*SQRT(F78/PI()) | H78: 61.433245 | I78: 636 | J78: 442 | K78: 159.27316 | L78: 165.7741 | M78: =2*SQRT(K78/PI()) | N78: =2*SQRT(L78/PI()) | P78: 是 | Q78: auto_pipeline;review_png_green | R78: 样品2
A79: 78 | B79: 2 (6).tif | C79: 2(6)-V07 | D79: 7 | E79: primary | F79: 101.72495 | G79: =2*SQRT(F79/PI()) | H79: 42.051869 | I79: 931 | J79: 313 | K79: 99.690454 | L79: 103.75945 | M79: =2*SQRT(K79/PI()) | N79: =2*SQRT(L79/PI()) | P79: 是 | Q79: auto_pipeline;review_png_green | R79: 样品2
A80: 79 | B80: 2 (7).tif | C80: 2(7)-V01 | D80: 1 | E80: primary | F80: 956.42722 | G80: =2*SQRT(F80/PI()) | H80: 116.05916 | I80: 511 | J80: 281 | K80: 937.29868 | L80: 975.55577 | M80: =2*SQRT(K80/PI()) | N80: =2*SQRT(L80/PI()) | O80: 2(7)-P01 | P80: 是 | Q80: auto_pipeline;review_png_green | R80: 样品2
A81: 80 | B81: 2 (7).tif | C81: 2(7)-V02 | D81: 2 | E81: primary | F81: 701.01607 | G81: =2*SQRT(F81/PI()) | H81: 99.497474 | I81: 749 | J81: 582 | K81: 686.99575 | L81: 715.03639 | M81: =2*SQRT(K81/PI()) | N81: =2*SQRT(L81/PI()) | P81: 是 | Q81: auto_pipeline;review_png_green | R81: 样品2
A82: 81 | B82: 2 (7).tif | C82: 2(7)-V03 | D82: 3 | E82: primary | F82: 590.19376 | G82: =2*SQRT(F82/PI()) | H82: 92.944836 | I82: 748 | J82: 324 | K82: 578.38989 | L82: 601.99764 | M82: =2*SQRT(K82/PI()) | N82: =2*SQRT(L82/PI()) | P82: 是 | Q82: auto_pipeline;review_png_green | R82: 样品2
A83: 82 | B83: 2 (7).tif | C83: 2(7)-V04 | D83: 4 | E83: primary | F83: 521.19565 | G83: =2*SQRT(F83/PI()) | H83: 86.032012 | I83: 350 | J83: 583 | K83: 510.77174 | L83: 531.61957 | M83: =2*SQRT(K83/PI()) | N83: =2*SQRT(L83/PI()) | P83: 是 | Q83: auto_pipeline;review_png_green | R83: 样品2
A84: 83 | B84: 2 (7).tif | C84: 2(7)-V05 | D84: 5 | E84: primary | F84: 500.56711 | G84: =2*SQRT(F84/PI()) | H84: 84.780412 | I84: 884 | J84: 318 | K84: 490.55577 | L84: 510.57845 | M84: =2*SQRT(K84/PI()) | N84: =2*SQRT(L84/PI()) | P84: 是 | Q84: auto_pipeline;review_png_green | R84: 样品2
A85: 84 | B85: 2 (7).tif | C85: 2(7)-V06 | D85: 6 | E85: primary | F85: 484.49905 | G85: =2*SQRT(F85/PI()) | H85: 83.295971 | I85: 639 | J85: 119 | K85: 474.80907 | L85: 494.18904 | M85: =2*SQRT(K85/PI()) | N85: =2*SQRT(L85/PI()) | P85: 是 | Q85: auto_pipeline;review_png_green | R85: 样品2
A86: 85 | B86: 2 (7).tif | C86: 2(7)-V07 | D86: 7 | E86: primary | F86: 383.90832 | G86: =2*SQRT(F86/PI()) | H86: 73.541611 | I86: 466 | J86: 413 | K86: 376.23015 | L86: 391.58648 | M86: =2*SQRT(K86/PI()) | N86: =2*SQRT(L86/PI()) | O86: 2(7)-P01 | P86: 是 | Q86: auto_pipeline;review_png_green | R86: 样品2
A87: 86 | B87: 2 (8).tif | C87: 2(8)-V01 | D87: 1 | E87: primary | F87: 812.54726 | G87: =2*SQRT(F87/PI()) | H87: 106.91968 | I87: 409 | J87: 346 | K87: 796.29631 | L87: 828.7982 | M87: =2*SQRT(K87/PI()) | N87: =2*SQRT(L87/PI()) | O87: 2(8)-P01 | P87: 是 | Q87: auto_pipeline;review_png_green | R87: 样品2
A88: 87 | B88: 2 (8).tif | C88: 2(8)-V02 | D88: 2 | E88: primary | F88: 644.28166 | G88: =2*SQRT(F88/PI()) | H88: 95.171497 | I88: 568 | J88: 371 | K88: 631.39603 | L88: 657.1673 | M88: =2*SQRT(K88/PI()) | N88: =2*SQRT(L88/PI()) | O88: 2(8)-P01 | P88: 是 | Q88: auto_pipeline;review_png_green | R88: 样品2
A89: 88 | B89: 2 (8).tif | C89: 2(8)-V03 | D89: 3 | E89: primary | F89: 622.37713 | G89: =2*SQRT(F89/PI()) | H89: 98.404118 | I89: 814 | J89: 67 | K89: 609.92958 | L89: 634.82467 | M89: =2*SQRT(K89/PI()) | N89: =2*SQRT(L89/PI()) | P89: 是 | Q89: auto_pipeline;review_png_green | R89: 样品2
A90: 89 | B90: 2 (8).tif | C90: 2(8)-V04 | D90: 4 | E90: primary | F90: 499.29112 | G90: =2*SQRT(F90/PI()) | H90: 83.805351 | I90: 217 | J90: 211 | K90: 489.30529 | L90: 509.27694 | M90: =2*SQRT(K90/PI()) | N90: =2*SQRT(L90/PI()) | P90: 是 | Q90: auto_pipeline;review_png_green | R90: 样品2
A91: 90 | B91: 2 (8).tif | C91: 2(8)-V05 | D91: 5 | E91: primary | F91: 423.22779 | G91: =2*SQRT(F91/PI()) | H91: 77.380058 | I91: 89 | J91: 152 | K91: 414.76323 | L91: 431.69234 | M91: =2*SQRT(K91/PI()) | N91: =2*SQRT(L91/PI()) | P91: 是 | Q91: auto_pipeline;review_png_green | R91: 样品2
A92: 91 | B92: 2 (8).tif | C92: 2(8)-V06 | D92: 6 | E92: primary | F92: 392.06049 | G92: =2*SQRT(F92/PI()) | H92: 74.283831 | I92: 942 | J92: 515 | K92: 384.21928 | L92: 399.9017 | M92: =2*SQRT(K92/PI()) | N92: =2*SQRT(L92/PI()) | P92: 是 | Q92: auto_pipeline;review_png_green | R92: 样品2
A93: 92 | B93: 2 (8).tif | C93: 2(8)-V07 | D93: 7 | E93: primary | F93: 135.86957 | G93: =2*SQRT(F93/PI()) | H93: 60.203494 | I93: 606 | J93: 53 | K93: 133.15217 | L93: 138.58696 | M93: =2*SQRT(K93/PI()) | N93: =2*SQRT(L93/PI()) | P93: 是 | Q93: auto_pipeline;review_png_green | R93: 样品2
A94: 93 | B94: 2 (9).tif | C94: 2(9)-V01 | D94: 1 | E94: primary | F94: 755.71834 | G94: =2*SQRT(F94/PI()) | H94: 103.20858 | I94: 783 | J94: 149 | K94: 740.60397 | L94: 770.8327 | M94: =2*SQRT(K94/PI()) | N94: =2*SQRT(L94/PI()) | P94: 是 | Q94: auto_pipeline;review_png_green | R94: 样品2
A95: 94 | B95: 2 (9).tif | C95: 2(9)-V02 | D95: 2 | E95: primary | F95: 748.7949 | G95: =2*SQRT(F95/PI()) | H95: 103.8453 | I95: 125 | J95: 239 | K95: 733.819 | L95: 763.77079 | M95: =2*SQRT(K95/PI()) | N95: =2*SQRT(L95/PI()) | P95: 是 | Q95: auto_pipeline;review_png_green | R95: 样品2
A96: 95 | B96: 2 (9).tif | C96: 2(9)-V03 | D96: 3 | E96: primary | F96: 722.96786 | G96: =2*SQRT(F96/PI()) | H96: 100.85457 | I96: 655 | J96: 449 | K96: 708.50851 | L96: 737.42722 | M96: =2*SQRT(K96/PI()) | N96: =2*SQRT(L96/PI()) | P96: 是 | Q96: auto_pipeline;review_png_green | R96: 样品2
A97: 96 | B97: 2 (9).tif | C97: 2(9)-V04 | D97: 4 | E97: primary | F97: 626.2051 | G97: =2*SQRT(F97/PI()) | H97: 94.069091 | I97: 554 | J97: 347 | K97: 613.681 | L97: 638.72921 | M97: =2*SQRT(K97/PI()) | N97: =2*SQRT(L97/PI()) | O97: 2(9)-P01 | P97: 是 | Q97: auto_pipeline;review_png_green | R97: 样品2
A98: 97 | B98: 2 (9).tif | C98: 2(9)-V05 | D98: 5 | E98: primary | F98: 498.77127 | G98: =2*SQRT(F98/PI()) | H98: 83.550661 | I98: 957 | J98: 103 | K98: 488.79584 | L98: 508.74669 | M98: =2*SQRT(K98/PI()) | N98: =2*SQRT(L98/PI()) | P98: 是 | Q98: auto_pipeline;review_png_green | R98: 样品2
A99: 98 | B99: 2 (9).tif | C99: 2(9)-V06 | D99: 6 | E99: primary | F99: 439.03592 | G99: =2*SQRT(F99/PI()) | H99: 78.737153 | I99: 406 | J99: 382 | K99: 430.2552 | L99: 447.81664 | M99: =2*SQRT(K99/PI()) | N99: =2*SQRT(L99/PI()) | O99: 2(9)-P01 | P99: 是 | Q99: auto_pipeline;review_png_green | R99: 样品2
A100: 99 | B100: 2 (10).tif | C100: 2(10)-V01 | D100: 1 | E100: primary | F100: 994.37618 | G100: =2*SQRT(F100/PI()) | H100: 119.38823 | I100: 200 | J100: 182 | K100: 974.48866 | L100: 1014.2637 | M100: =2*SQRT(K100/PI()) | N100: =2*SQRT(L100/PI()) | P100: 是 | Q100: auto_pipeline;review_png_green | R100: 样品2
A101: 100 | B101: 2 (10).tif | C101: 2(10)-V02 | D101: 2 | E101: primary | F101: 889.24858 | G101: =2*SQRT(F101/PI()) | H101: 111.98787 | I101: 647 | J101: 379 | K101: 871.46361 | L101: 907.03355 | M101: =2*SQRT(K101/PI()) | N101: =2*SQRT(L101/PI()) | P101: 是 | Q101: auto_pipeline;review_png_green | R101: 样品2
A102: 101 | B102: 2 (10).tif | C102: 2(10)-V03 | D102: 3 | E102: primary | F102: 775.94518 | G102: =2*SQRT(F102/PI()) | H102: 105.56258 | I102: 413 | J102: 385 | K102: 760.42628 | L102: 791.46408 | M102: =2*SQRT(K102/PI()) | N102: =2*SQRT(L102/PI()) | P102: 是 | Q102: auto_pipeline;review_png_green | R102: 样品2
A103: 102 | B103: 2 (10).tif | C103: 2(10)-V04 | D103: 4 | E103: primary | F103: 251.2051 | G103: =2*SQRT(F103/PI()) | H103: 62.069969 | I103: 67 | J103: 606 | K103: 246.181 | L103: 256.22921 | M103: =2*SQRT(K103/PI()) | N103: =2*SQRT(L103/PI()) | P103: 是 | Q103: auto_pipeline;review_png_green | R103: 样品2
A104: 103 | B104: 2 (11).tif | C104: 2(11)-V01 | D104: 1 | E104: primary | F104: 1145.1796 | G104: =2*SQRT(F104/PI()) | H104: 126.81043 | I104: 392 | J104: 357 | K104: 1122.276 | L104: 1168.0832 | M104: =2*SQRT(K104/PI()) | N104: =2*SQRT(L104/PI()) | P104: 是 | Q104: auto_pipeline;review_png_green | R104: 样品2
A105: 104 | B105: 2 (11).tif | C105: 2(11)-V02 | D105: 2 | E105: primary | F105: 1022.8261 | G105: =2*SQRT(F105/PI()) | H105: 119.89761 | I105: 617 | J105: 347 | K105: 1002.3696 | L105: 1043.2826 | M105: =2*SQRT(K105/PI()) | N105: =2*SQRT(L105/PI()) | P105: 是 | Q105: auto_pipeline;review_png_green | R105: 样品2
A106: 105 | B106: 2 (11).tif | C106: 2(11)-V03 | D106: 3 | E106: primary | F106: 662.54726 | G106: =2*SQRT(F106/PI()) | H106: 97.652847 | I106: 861 | J106: 377 | K106: 649.29631 | L106: 675.7982 | M106: =2*SQRT(K106/PI()) | N106: =2*SQRT(L106/PI()) | P106: 是 | Q106: auto_pipeline;review_png_green | R106: 样品2
A107: 106 | B107: 2 (12).tif | C107: 2(12)-V01 | D107: 1 | E107: primary | F107: 765.99716 | G107: =2*SQRT(F107/PI()) | H107: 103.9508 | I107: 684 | J107: 270 | K107: 750.67722 | L107: 781.31711 | M107: =2*SQRT(K107/PI()) | N107: =2*SQRT(L107/PI()) | P107: 是 | Q107: auto_pipeline;review_png_green | R107: 样品2
A108: 107 | B108: 2 (12).tif | C108: 2(12)-V02 | D108: 2 | E108: primary | F108: 690.59546 | G108: =2*SQRT(F108/PI()) | H108: 99.115439 | I108: 295 | J108: 424 | K108: 676.78355 | L108: 704.40737 | M108: =2*SQRT(K108/PI()) | N108: =2*SQRT(L108/PI()) | P108: 是 | Q108: auto_pipeline;review_png_green | R108: 样品2
A109: 108 | B109: 2 (12).tif | C109: 2(12)-V03 | D109: 3 | E109: primary | F109: 662.5 | G109: =2*SQRT(F109/PI()) | H109: 97.292662 | I109: 526 | J109: 210 | K109: 649.25 | L109: 675.75 | M109: =2*SQRT(K109/PI()) | N109: =2*SQRT(L109/PI()) | P109: 是 | Q109: auto_pipeline;review_png_green | R109: 样品2
A110: 109 | B110: 2 (12).tif | C110: 2(12)-V04 | D110: 4 | E110: primary | F110: 249.43289 | G110: =2*SQRT(F110/PI()) | H110: 61.073059 | I110: 429 | J110: 540 | K110: 244.44423 | L110: 254.42155 | M110: =2*SQRT(K110/PI()) | N110: =2*SQRT(L110/PI()) | P110: 是 | Q110: auto_pipeline;review_png_green | R110: 样品2
A111: 110 | B111: 2 (12).tif | C111: 2(12)-V05 | D111: 5 | E111: primary | F111: 124.71645 | G111: =2*SQRT(F111/PI()) | H111: 45.719273 | I111: 682 | J111: 167 | K111: 122.22212 | L111: 127.21078 | M111: =2*SQRT(K111/PI()) | N111: =2*SQRT(L111/PI()) | P111: 是 | Q111: auto_pipeline;review_png_green | R111: 样品2
...

Sheet 候选导管审计
A1: Candidate_ID | B1: 图像文件 | C1: 中心X | D1: 中心Y | E1: 边界框 (xmin,ymin,xmax,ymax) | F1: 距最近视野边界 (px) | G1: 状态 | H1: reason_code | I1: 可可靠测量Ai/Di | J1: 主分析判定 | K1: Ai (μm²) | L1: Di (μm) | M1: 边界类别 | N1: 处理 | O1: 判定依据 | P1: 审计来源 | Q1: Pair_ID | R1: 样品
A2: 1(1)-V01 | B2: 1 (1).tif | C2: 450 | D2: 490 | E2: 384,420,517,561 | F2: 207 | G2: primary | H2: AUTO_VESSEL | I2: 是 | J2: 纳入 | K2: 685.53875 | L2: =导管母表_1781!G2 | M2: 视野内部 | N2: 纳入A/D/Dh；若有Pair_ID则纳入CWR | O2: 自动管线检出的合格导管腔。 | P2: auto_pipeline;review_png_green | R2: 样品1
A3: 1(1)-V02 | B3: 1 (1).tif | C3: 889 | D3: 143 | E3: 836,78,943,209 | F3: 78 | G3: primary | H3: AUTO_VESSEL | I3: 是 | J3: 纳入 | K3: 509.07372 | L3: =导管母表_1781!G3 | M3: 视野内部 | N3: 纳入A/D/Dh；若有Pair_ID则纳入CWR | O3: 自动管线检出的合格导管腔。 | P3: auto_pipeline;review_png_green | Q3: 1(1)-P01 | R3: 样品1
A4: 1(1)-V03 | B4: 1 (1).tif | C4: 930 | D4: 298 | E4: 874,238,987,359 | F4: 37 | G4: primary | H4: AUTO_VESSEL | I4: 是 | J4: 纳入 | K4: 498.18053 | L4: =导管母表_1781!G4 | M4: 视野内部 | N4: 纳入A/D/Dh；若有Pair_ID则纳入CWR | O4: 自动管线检出的合格导管腔。 | P4: auto_pipeline;review_png_green | Q4: 1(1)-P01 | R4: 样品1
A5: 1(1)-V04 | B5: 1 (1).tif | C5: 169 | D5: 255 | E5: 118,199,221,312 | F5: 118 | G5: primary | H5: AUTO_VESSEL | I5: 是 | J5: 纳入 | K5: 424.10208 | L5: =导管母表_1781!G5 | M5: 视野内部 | N5: 纳入A/D/Dh；若有Pair_ID则纳入CWR | O5: 自动管线检出的合格导管腔。 | P5: auto_pipeline;review_png_green | R5: 样品1
A6: 1(1)-V05 | B6: 1 (1).tif | C6: 457 | D6: 325 | E6: 408,272,507,379 | F6: 272 | G6: primary | H6: AUTO_VESSEL | I6: 是 | J6: 纳入 | K6: 373.9603 | L6: =导管母表_1781!G6 | M6: 视野内部 | N6: 纳入A/D/Dh；若有Pair_ID则纳入CWR | O6: 自动管线检出的合格导管腔。 | P6: auto_pipeline;review_png_green | R6: 样品1
A7: 1(1)-V06 | B7: 1 (1).tif | C7: 138 | D7: 384 | E7: 90,339,187,430 | F7: 90 | G7: primary | H7: AUTO_VESSEL | I7: 是 | J7: 纳入 | K7: 320.95936 | L7: =导管母表_1781!G7 | M7: 视野内部 | N7: 纳入A/D/Dh；若有Pair_ID则纳入CWR | O7: 自动管线检出的合格导管腔。 | P7: auto_pipeline;review_png_green | R7: 样品1
A8: 1(1)-V07 | B8: 1 (1).tif | C8: 554 | D8: 85 | E8: 516,29,593,142 | F8: 29 | G8: primary | H8: AUTO_VESSEL | I8: 是 | J8: 纳入 | K8: 315.97353 | L8: =导管母表_1781!G8 | M8: 视野内部 | N8: 纳入A/D/Dh；若有Pair_ID则纳入CWR | O8: 自动管线检出的合格导管腔。 | P8: auto_pipeline;review_png_green | R8: 样品1
A9: 1(1)-V08 | B9: 1 (1).tif | C9: 44 | D9: 312 | E9: 22,264,67,361 | F9: 22 | G9: primary | H9: AUTO_VESSEL | I9: 是 | J9: 纳入 | K9: 111.43667 | L9: =导管母表_1781!G9 | M9: 近边缘（<25 px） | N9: 纳入A/D/Dh；若有Pair_ID则纳入CWR | O9: 自动管线检出的合格导管腔。 | P9: auto_pipeline;review_png_green | R9: 样品1
A10: 1(2)-V01 | B10: 1 (2).tif | C10: 405 | D10: 164 | E10: 331,110,480,219 | F10: 110 | G10: primary | H10: AUTO_VESSEL | I10: 是 | J10: 纳入 | K10: 579.34783 | L10: =导管母表_1781!G10 | M10: 视野内部 | N10: 纳入A/D/Dh；若有Pair_ID则纳入CWR | O10: 自动管线检出的合格导管腔。 | P10: auto_pipeline;review_png_green | R10: 样品1
A11: 1(2)-V02 | B11: 1 (2).tif | C11: 421 | D11: 331 | E11: 358,271,485,392 | F11: 271 | G11: primary | H11: AUTO_VESSEL | I11: 是 | J11: 纳入 | K11: 561.2949 | L11: =导管母表_1781!G11 | M11: 视野内部 | N11: 纳入A/D/Dh；若有Pair_ID则纳入CWR | O11: 自动管线检出的合格导管腔。 | P11: auto_pipeline;review_png_green | Q11: 1(2)-P01 | R11: 样品1
A12: 1(2)-V03 | B12: 1 (2).tif | C12: 794 | D12: 608 | E12: 734,558,855,659 | F12: 109 | G12: primary | H12: AUTO_VESSEL | I12: 是 | J12: 纳入 | K12: 444.51796 | L12: =导管母表_1781!G12 | M12: 视野内部 | N12: 纳入A/D/Dh；若有Pair_ID则纳入CWR | O12: 自动管线检出的合格导管腔。 | P12: auto_pipeline;review_png_green | R12: 样品1
A13: 1(2)-V04 | B13: 1 (2).tif | C13: 531 | D13: 390 | E13: 486,345,577,436 | F13: 332 | G13: primary | H13: AUTO_VESSEL | I13: 是 | J13: 纳入 | K13: 299.38563 | L13: =导管母表_1781!G13 | M13: 视野内部 | N13: 纳入A/D/Dh；若有Pair_ID则纳入CWR | O13: 自动管线检出的合格导管腔。 | P13: auto_pipeline;review_png_green | Q13: 1(2)-P01 | R13: 样品1
A14: 1(2)-V05 | B14: 1 (2).tif | C14: 484 | D14: 77 | E14: 437,39,532,116 | F14: 39 | G14: primary | H14: AUTO_VESSEL | I14: 是 | J14: 纳入 | K14: 242.27316 | L14: =导管母表_1781!G14 | M14: 视野内部 | N14: 纳入A/D/Dh；若有Pair_ID则纳入CWR | O14: 自动管线检出的合格导管腔。 | P14: auto_pipeline;review_png_green | R14: 样品1
A15: 1(2)-V06 | B15: 1 (2).tif | C15: 122 | D15: 288 | E15: 84,253,161,324 | F15: 84 | G15: primary | H15: AUTO_VESSEL | I15: 是 | J15: 纳入 | K15: 184.68809 | L15: =导管母表_1781!G15 | M15: 视野内部 | N15: 纳入A/D/Dh；若有Pair_ID则纳入CWR | O15: 自动管线检出的合格导管腔。 | P15: auto_pipeline;review_png_green | R15: 样品1
A16: 1(2)-V07 | B16: 1 (2).tif | C16: 84 | D16: 116 | E16: 46,83,123,150 | F16: 46 | G16: primary | H16: AUTO_VESSEL | I16: 是 | J16: 纳入 | K16: 183.97921 | L16: =导管母表_1781!G16 | M16: 视野内部 | N16: 纳入A/D/Dh；若有Pair_ID则纳入CWR | O16: 自动管线检出的合格导管腔。 | P16: auto_pipeline;review_png_green | R16: 样品1
A17: 1(2)-V08 | B17: 1 (2).tif | C17: 804 | D17: 310 | E17: 754,279,855,342 | F17: 169 | G17: primary | H17: AUTO_VESSEL | I17: 是 | J17: 纳入 | K17: 118.54915 | L17: =导管母表_1781!G17 | M17: 视野内部 | N17: 纳入A/D/Dh；若有Pair_ID则纳入CWR | O17: 自动管线检出的合格导管腔。 | P17: auto_pipeline;review_png_green | R17: 样品1
A18: 1(3)-V01 | B18: 1 (3).tif | C18: 594 | D18: 427 | E18: 510,368,679,487 | F18: 281 | G18: primary | H18: AUTO_VESSEL | I18: 是 | J18: 纳入 | K18: 735.51512 | L18: =导管母表_1781!G18 | M18: 视野内部 | N18: 纳入A/D/Dh；若有Pair_ID则纳入CWR | O18: 自动管线检出的合格导管腔。 | P18: auto_pipeline;review_png_green | Q18: 1(3)-P01 | R18: 样品1
A19: 1(3)-V02 | B19: 1 (3).tif | C19: 462 | D19: 331 | E19: 403,289,522,374 | F19: 289 | G19: primary | H19: AUTO_VESSEL | I19: 是 | J19: 纳入 | K19: 365.33554 | L19: =导管母表_1781!G19 | M19: 视野内部 | N19: 纳入A/D/Dh；若有Pair_ID则纳入CWR | O19: 自动管线检出的合格导管腔。 | P19: auto_pipeline;review_png_green | Q19: 1(3)-P01 | R19: 样品1
A20: 1(3)-V03 | B20: 1 (3).tif | C20: 51 | D20: 583 | E20: 3,558,100,609 | F20: 3 | G20: primary | H20: AUTO_VESSEL | I20: 是 | J20: 纳入 | K20: 177.45747 | L20: =导管母表_1781!G20 | M20: 近边缘（<25 px） | N20: 纳入A/D/Dh；若有Pair_ID则纳入CWR | O20: 自动管线检出的合格导管腔。 | P20: auto_pipeline;review_png_green | R20: 样品1
A21: 1(4)-V01 | B21: 1 (4).tif | C21: 429 | D21: 362 | E21: 354,287,505,438 | F21: 287 | G21: primary | H21: AUTO_VESSEL | I21: 是 | J21: 纳入 | K21: 834.02647 | L21: =导管母表_1781!G21 | M21: 视野内部 | N21: 纳入A/D/Dh；若有Pair_ID则纳入CWR | O21: 自动管线检出的合格导管腔。 | P21: auto_pipeline;review_png_green | Q21: 1(4)-P01 | R21: 样品1
A22: 1(4)-V02 | B22: 1 (4).tif | C22: 585 | D22: 373 | E22: 517,305,654,442 | F22: 305 | G22: primary | H22: AUTO_VESSEL | I22: 是 | J22: 纳入 | K22: 686.48393 | L22: =导管母表_1781!G22 | M22: 视野内部 | N22: 纳入A/D/Dh；若有Pair_ID则纳入CWR | O22: 自动管线检出的合格导管腔。 | P22: auto_pipeline;review_png_green | Q22: 1(4)-P01 | R22: 样品1
A23: 1(4)-V03 | B23: 1 (4).tif | C23: 779 | D23: 360 | E23: 714,302,845,419 | F23: 179 | G23: primary | H23: AUTO_VESSEL | I23: 是 | J23: 纳入 | K23: 560.16068 | L23: =导管母表_1781!G23 | M23: 视野内部 | N23: 纳入A/D/Dh；若有Pair_ID则纳入CWR | O23: 自动管线检出的合格导管腔。 | P23: auto_pipeline;review_png_green | R23: 样品1
A24: 1(4)-V04 | B24: 1 (4).tif | C24: 179 | D24: 359 | E24: 118,304,241,415 | F24: 118 | G24: primary | H24: AUTO_VESSEL | I24: 是 | J24: 纳入 | K24: 493.14745 | L24: =导管母表_1781!G24 | M24: 视野内部 | N24: 纳入A/D/Dh；若有Pair_ID则纳入CWR | O24: 自动管线检出的合格导管腔。 | P24: auto_pipeline;review_png_green | R24: 样品1
A25: 1(4)-V05 | B25: 1 (4).tif | C25: 576 | D25: 521 | E25: 537,492,616,551 | F25: 217 | G25: primary | H25: AUTO_VESSEL | I25: 是 | J25: 纳入 | K25: 158.22306 | L25: =导管母表_1781!G25 | M25: 视野内部 | N25: 纳入A/D/Dh；若有Pair_ID则纳入CWR | O25: 自动管线检出的合格导管腔。 | P25: auto_pipeline;review_png_green | R25: 样品1
A26: 1(4)-V06 | B26: 1 (4).tif | C26: 335 | D26: 212 | E26: 301,184,370,241 | F26: 184 | G26: primary | H26: AUTO_VESSEL | I26: 是 | J26: 纳入 | K26: 124.33837 | L26: =导管母表_1781!G26 | M26: 视野内部 | N26: 纳入A/D/Dh；若有Pair_ID则纳入CWR | O26: 自动管线检出的合格导管腔。 | P26: auto_pipeline;review_png_green | R26: 样品1
A27: 1(4)-V07 | B27: 1 (4).tif | C27: 235 | D27: 503 | E27: 200,482,271,525 | F27: 200 | G27: primary | H27: AUTO_VESSEL | I27: 是 | J27: 纳入 | K27: 108.90832 | L27: =导管母表_1781!G27 | M27: 视野内部 | N27: 纳入A/D/Dh；若有Pair_ID则纳入CWR | O27: 自动管线检出的合格导管腔。 | P27: auto_pipeline;review_png_green | R27: 样品1
A28: 1(5)-V01 | B28: 1 (5).tif | C28: 603 | D28: 346 | E28: 537,284,670,409 | F28: 284 | G28: primary | H28: AUTO_VESSEL | I28: 是 | J28: 纳入 | K28: 607.06522 | L28: =导管母表_1781!G28 | M28: 视野内部 | N28: 纳入A/D/Dh；若有Pair_ID则纳入CWR | O28: 自动管线检出的合格导管腔。 | P28: auto_pipeline;review_png_green | Q28: 1(5)-P01 | R28: 样品1
A29: 1(5)-V02 | B29: 1 (5).tif | C29: 459 | D29: 414 | E29: 397,362,522,467 | F29: 301 | G29: primary | H29: AUTO_VESSEL | I29: 是 | J29: 纳入 | K29: 478.47353 | L29: =导管母表_1781!G29 | M29: 视野内部 | N29: 纳入A/D/Dh；若有Pair_ID则纳入CWR | O29: 自动管线检出的合格导管腔。 | P29: auto_pipeline;review_png_green | Q29: 1(5)-P01 | R29: 样品1
A30: 1(6)-V01 | B30: 1 (6).tif | C30: 438 | D30: 420 | E30: 377,360,500,481 | F30: 287 | G30: primary | H30: AUTO_VESSEL | I30: 是 | J30: 纳入 | K30: 530.86011 | L30: =导管母表_1781!G30 | M30: 视野内部 | N30: 纳入A/D/Dh；若有Pair_ID则纳入CWR | O30: 自动管线检出的合格导管腔。 | P30: auto_pipeline;review_png_green | Q30: 1(6)-P01 | R30: 样品1
A31: 1(6)-V02 | B31: 1 (6).tif | C31: 747 | D31: 176 | E31: 687,125,808,228 | F31: 125 | G31: primary | H31: AUTO_VESSEL | I31: 是 | J31: 纳入 | K31: 449.22023 | L31: =导管母表_1781!G31 | M31: 视野内部 | N31: 纳入A/D/Dh；若有Pair_ID则纳入CWR | O31: 自动管线检出的合格导管腔。 | P31: auto_pipeline;review_png_green | R31: 样品1
A32: 1(6)-V03 | B32: 1 (6).tif | C32: 551 | D32: 343 | E32: 495,299,608,388 | F32: 299 | G32: primary | H32: AUTO_VESSEL | I32: 是 | J32: 纳入 | K32: 365.61909 | L32: =导管母表_1781!G32 | M32: 视野内部 | N32: 纳入A/D/Dh；若有Pair_ID则纳入CWR | O32: 自动管线检出的合格导管腔。 | P32: auto_pipeline;review_png_green | Q32: 1(6)-P01 | R32: 样品1
A33: 1(6)-V04 | B33: 1 (6).tif | C33: 70 | D33: 133 | E33: 18,86,123,181 | F33: 18 | G33: primary | H33: AUTO_VESSEL | I33: 是 | J33: 纳入 | K33: 344.16352 | L33: =导管母表_1781!G33 | M33: 近边缘（<25 px） | N33: 纳入A/D/Dh；若有Pair_ID则纳入CWR | O33: 自动管线检出的合格导管腔。 | P33: auto_pipeline;review_png_green | R33: 样品1
A34: 1(6)-V05 | B34: 1 (6).tif | C34: 950 | D34: 57 | E34: 886,36,1015,79 | F34: 9 | G34: primary | H34: AUTO_VESSEL | I34: 是 | J34: 纳入 | K34: 199.62193 | L34: =导管母表_1781!G34 | M34: 近边缘（<25 px） | N34: 纳入A/D/Dh；若有Pair_ID则纳入CWR | O34: 自动管线检出的合格导管腔。 | P34: auto_pipeline;review_png_green | R34: 样品1
A35: 1(6)-V06 | B35: 1 (6).tif | C35: 565 | D35: 248 | E35: 536,207,595,290 | F35: 207 | G35: primary | H35: AUTO_VESSEL | I35: 是 | J35: 纳入 | K35: 165.59546 | L35: =导管母表_1781!G35 | M35: 视野内部 | N35: 纳入A/D/Dh；若有Pair_ID则纳入CWR | O35: 自动管线检出的合格导管腔。 | P35: auto_pipeline;review_png_green | R35: 样品1
A36: 1(6)-V07 | B36: 1 (6).tif | C36: 267 | D36: 504 | E36: 226,469,309,540 | F36: 226 | G36: primary | H36: AUTO_VESSEL | I36: 是 | J36: 纳入 | K36: 155.88374 | L36: =导管母表_1781!G36 | M36: 视野内部 | N36: 纳入A/D/Dh；若有Pair_ID则纳入CWR | O36: 自动管线检出的合格导管腔。 | P36: auto_pipeline;review_png_green | R36: 样品1
A37: 1(6)-V08 | B37: 1 (6).tif | C37: 983 | D37: 351 | E37: 939,311,1024,390 | F37: 0 | G37: primary | H37: AUTO_VESSEL | I37: 是 | J37: 纳入 | K37: 147.7552 | L37: =导管母表_1781!G37 | M37: 近边缘（<25 px） | N37: 纳入A/D/Dh；若有Pair_ID则纳入CWR | O37: 自动管线检出的合格导管腔。 | P37: auto_pipeline;review_png_green | R37: 样品1
A38: 1(7)-V01 | B38: 1 (7).tif | C38: 352 | D38: 114 | E38: 288,56,417,173 | F38: 56 | G38: primary | H38: AUTO_VESSEL | I38: 是 | J38: 纳入 | K38: 549.14934 | L38: =导管母表_1781!G38 | M38: 视野内部 | N38: 纳入A/D/Dh；若有Pair_ID则纳入CWR | O38: 自动管线检出的合格导管腔。 | P38: auto_pipeline;review_png_green | R38: 样品1
A39: 1(7)-V02 | B39: 1 (7).tif | C39: 434 | D39: 363 | E39: 376,313,493,414 | F39: 313 | G39: primary | H39: AUTO_VESSEL | I39: 是 | J39: 纳入 | K39: 430.22212 | L39: =导管母表_1781!G39 | M39: 视野内部 | N39: 纳入A/D/Dh；若有Pair_ID则纳入CWR | O39: 自动管线检出的合格导管腔。 | P39: auto_pipeline;review_png_green | R39: 样品1
A40: 1(7)-V03 | B40: 1 (7).tif | C40: 676 | D40: 550 | E40: 629,499,724,602 | F40: 166 | G40: primary | H40: AUTO_VESSEL | I40: 是 | J40: 纳入 | K40: 350.51985 | L40: =导管母表_1781!G40 | M40: 视野内部 | N40: 纳入A/D/Dh；若有Pair_ID则纳入CWR | O40: 自动管线检出的合格导管腔。 | P40: auto_pipeline;review_png_green | R40: 样品1
A41: 1(7)-V04 | B41: 1 (7).tif | C41: 754 | D41: 520 | E41: 705,467,804,574 | F41: 194 | G41: primary | H41: AUTO_VESSEL | I41: 是 | J41: 纳入 | K41: 243.2656 | L41: =导管母表_1781!G41 | M41: 视野内部 | N41: 纳入A/D/Dh；若有Pair_ID则纳入CWR | O41: 自动管线检出的合格导管腔。 | P41: auto_pipeline;review_png_green | R41: 样品1
A42: 1(7)-V05 | B42: 1 (7).tif | C42: 201 | D42: 44 | E42: 146,11,257,78 | F42: 11 | G42: primary | H42: AUTO_VESSEL | I42: 是 | J42: 纳入 | K42: 241.16257 | L42: =导管母表_1781!G42 | M42: 近边缘（<25 px） | N42: 纳入A/D/Dh；若有Pair_ID则纳入CWR | O42: 自动管线检出的合格导管腔。 | P42: auto_pipeline;review_png_green | R42: 样品1
A43: 1(8)-V01 | B43: 1 (8).tif | C43: 419 | D43: 411 | E43: 342,340,497,483 | F43: 285 | G43: primary | H43: AUTO_VESSEL | I43: 是 | J43: 纳入 | K43: 805.48204 | L43: =导管母表_1781!G43 | M43: 视野内部 | N43: 纳入A/D/Dh；若有Pair_ID则纳入CWR | O43: 自动管线检出的合格导管腔。 | P43: auto_pipeline;review_png_green | R43: 样品1
A44: 1(8)-V02 | B44: 1 (8).tif | C44: 576 | D44: 337 | E44: 517,274,636,401 | F44: 274 | G44: primary | H44: AUTO_VESSEL | I44: 是 | J44: 纳入 | K44: 550.75614 | L44: =导管母表_1781!G44 | M44: 视野内部 | N44: 纳入A/D/Dh；若有Pair_ID则纳入CWR | O44: 自动管线检出的合格导管腔。 | P44: auto_pipeline;review_png_green | R44: 样品1
... A56: 2(3)-V01 | B56: 2 (3).tif | C56: 239 | D56: 446 | E56: 174,388,305,505 | F56: 174 | G56: primary | H56: AUTO_VESSEL | I56: 是 | J56: 纳入 | K56: 559.40454 | L56: =导管母表_1781!G56 | M56: 视野内部 | N56: 纳入A/D/Dh；若有Pair_ID则纳入CWR | O56: 自动管线检出的合格导管腔。 | P56: auto_pipeline;review_png_green | R56: 样品2
A57: 2(3)-V02 | B57: 2 (3).tif | C57: 459 | D57: 322 | E57: 403,265,516,380 | F57: 265 | G57: primary | H57: AUTO_VESSEL | I57: 是 | J57: 纳入 | K57: 472.54253 | L57: =导管母表_1781!G57 | M57: 视野内部 | N57: 纳入A/D/Dh；若有Pair_ID则纳入CWR | O57: 自动管线检出的合格导管腔。 | P57: auto_pipeline;review_png_green | Q57: 2(3)-P01 | R57: 样品2
A58: 2(3)-V03 | B58: 2 (3).tif | C58: 561 | D58: 397 | E58: 507,348,616,447 | F58: 321 | G58: primary | H58: AUTO_VESSEL | I58: 是 | J58: 纳入 | K58: 393.57278 | L58: =导管母表_1781!G58 | M58: 视野内部 | N58: 纳入A/D/Dh；若有Pair_ID则纳入CWR | O58: 自动管线检出的合格导管腔。 | P58: auto_pipeline;review_png_green | Q58: 2(3)-P01 | R58: 样品2
A59: 2(3)-V04 | B59: 2 (3).tif | C59: 725 | D59: 513 | E59: 681,470,770,557 | F59: 211 | G59: primary | H59: AUTO_VESSEL | I59: 是 | J59: 纳入 | K59: 279.44234 | L59: =导管母表_1781!G59 | M59: 视野内部 | N59: 纳入A/D/Dh；若有Pair_ID则纳入CWR | O59: 自动管线检出的合格导管腔。 | P59: auto_pipeline;review_png_green | R59: 样品2
A60: 2(3)-V05 | B60: 2 (3).tif | C60: 811 | D60: 568 | E60: 770,526,853,611 | F60: 157 | G60: primary | H60: AUTO_VESSEL | I60: 是 | J60: 纳入 | K60: 255.74197 | L60: =导管母表_1781!G60 | M60: 视野内部 | N60: 纳入A/D/Dh；若有Pair_ID则纳入CWR | O60: 自动管线检出的合格导管腔。 | P60: auto_pipeline;review_png_green | R60: 样品2
A61: 2(3)-V06 | B61: 2 (3).tif | C61: 88 | D61: 333 | E61: 53,297,124,370 | F61: 53 | G61: primary | H61: AUTO_VESSEL | I61: 是 | J61: 纳入 | K61: 187.40548 | L61: =导管母表_1781!G61 | M61: 视野内部 | N61: 纳入A/D/Dh；若有Pair_ID则纳入CWR | O61: 自动管线检出的合格导管腔。 | P61: auto_pipeline;review_png_green | R61: 样品2
A62: 2(3)-V07 | B62: 2 (3).tif | C62: 191 | D62: 180 | E62: 131,139,252,222 | F62: 131 | G62: primary | H62: AUTO_VESSEL | I62: 是 | J62: 纳入 | K62: 179.70227 | L62: =导管母表_1781!G62 | M62: 视野内部 | N62: 纳入A/D/Dh；若有Pair_ID则纳入CWR | O62: 自动管线检出的合格导管腔。 | P62: auto_pipeline;review_png_green | R62: 样品2
A63: 2(3)-V08 | B63: 2 (3).tif | C63: 880 | D63: 127 | E63: 851,90,910,165 | F63: 90 | G63: primary | H63: AUTO_VESSEL | I63: 是 | J63: 纳入 | K63: 142.88752 | L63: =导管母表_1781!G63 | M63: 视野内部 | N63: 纳入A/D/Dh；若有Pair_ID则纳入CWR | O63: 自动管线检出的合格导管腔。 | P63: auto_pipeline;review_png_green | R63: 样品2
A64: 2(4)-V01 | B64: 2 (4).tif | C64: 445 | D64: 316 | E64: 372,246,519,387 | F64: 246 | G64: primary | H64: AUTO_VESSEL | I64: 是 | J64: 纳入 | K64: 756.75803 | L64: =导管母表_1781!G64 | M64: 视野内部 | N64: 纳入A/D/Dh；若有Pair_ID则纳入CWR | O64: 自动管线检出的合格导管腔。 | P64: auto_pipeline;review_png_green | Q64: 2(4)-P01 | R64: 样品2
A65: 2(4)-V02 | B65: 2 (4).tif | C65: 597 | D65: 370 | E65: 536,303,659,438 | F65: 303 | G65: primary | H65: AUTO_VESSEL | I65: 是 | J65: 纳入 | K65: 606.66352 | L65: =导管母表_1781!G65 | M65: 视野内部 | N65: 纳入A/D/Dh；若有Pair_ID则纳入CWR | O65: 自动管线检出的合格导管腔。 | P65: auto_pipeline;review_png_green | Q65: 2(4)-P01 | R65: 样品2
A66: 2(4)-V03 | B66: 2 (4).tif | C66: 765 | D66: 432 | E66: 712,384,819,481 | F66: 205 | G66: primary | H66: AUTO_VESSEL | I66: 是 | J66: 纳入 | K66: 378.07183 | L66: =导管母表_1781!G66 | M66: 视野内部 | N66: 纳入A/D/Dh；若有Pair_ID则纳入CWR | O66: 自动管线检出的合格导管腔。 | P66: auto_pipeline;review_png_green | R66: 样品2
A67: 2(4)-V04 | B67: 2 (4).tif | C67: 859 | D67: 462 | E67: 827,432,892,493 | F67: 132 | G67: primary | H67: AUTO_VESSEL | I67: 是 | J67: 纳入 | K67: 142.17864 | L67: =导管母表_1781!G67 | M67: 视野内部 | N67: 纳入A/D/Dh；若有Pair_ID则纳入CWR | O67: 自动管线检出的合格导管腔。 | P67: auto_pipeline;review_png_green | R67: 样品2
A68: 2(4)-V05 | B68: 2 (4).tif | C68: 141 | D68: 474 | E68: 101,453,182,496 | F68: 101 | G68: primary | H68: AUTO_VESSEL | I68: 是 | J68: 纳入 | K68: 100.28355 | L68: =导管母表_1781!G68 | M68: 视野内部 | N68: 纳入A/D/Dh；若有Pair_ID则纳入CWR | O68: 自动管线检出的合格导管腔。 | P68: auto_pipeline;review_png_green | R68: 样品2
A69: 2(5)-V01 | B69: 2 (5).tif | C69: 454 | D69: 340 | E69: 399,280,510,401 | F69: 280 | G69: primary | H69: AUTO_VESSEL | I69: 是 | J69: 纳入 | K69: 489.17769 | L69: =导管母表_1781!G69 | M69: 视野内部 | N69: 纳入A/D/Dh；若有Pair_ID则纳入CWR | O69: 自动管线检出的合格导管腔。 | P69: auto_pipeline;review_png_green | R69: 样品2
A70: 2(5)-V02 | B70: 2 (5).tif | C70: 749 | D70: 112 | E70: 697,57,802,168 | F70: 57 | G70: primary | H70: AUTO_VESSEL | I70: 是 | J70: 纳入 | K70: 423.22779 | L70: =导管母表_1781!G70 | M70: 视野内部 | N70: 纳入A/D/Dh；若有Pair_ID则纳入CWR | O70: 自动管线检出的合格导管腔。 | P70: auto_pipeline;review_png_green | Q70: 2(5)-P01 | R70: 样品2
A71: 2(5)-V03 | B71: 2 (5).tif | C71: 858 | D71: 151 | E71: 807,99,910,204 | F71: 99 | G71: primary | H71: AUTO_VESSEL | I71: 是 | J71: 纳入 | K71: 393.54915 | L71: =导管母表_1781!G71 | M71: 视野内部 | N71: 纳入A/D/Dh；若有Pair_ID则纳入CWR | O71: 自动管线检出的合格导管腔。 | P71: auto_pipeline;review_png_green | R71: 样品2
A72: 2(5)-V04 | B72: 2 (5).tif | C72: 774 | D72: 132 | E72: 748,100,801,165 | F72: 100 | G72: primary | H72: AUTO_VESSEL | I72: 是 | J72: 纳入 | K72: 99.05482 | L72: =导管母表_1781!G72 | M72: 视野内部 | N72: 纳入A/D/Dh；若有Pair_ID则纳入CWR | O72: 自动管线检出的合格导管腔。 | P72: auto_pipeline;review_png_green | Q72: 2(5)-P01 | R72: 样品2
A73: 2(6)-V01 | B73: 2 (6).tif | C73: 563 | D73: 308 | E73: 489,229,638,388 | F73: 229 | G73: primary | H73: AUTO_VESSEL | I73: 是 | J73: 纳入 | K73: 865.57183 | L73: =导管母表_1781!G73 | M73: 视野内部 | N73: 纳入A/D/Dh；若有Pair_ID则纳入CWR | O73: 自动管线检出的合格导管腔。 | P73: auto_pipeline;review_png_green | Q73: 2(6)-P01 | R73: 样品2
A74: 2(6)-V02 | B74: 2 (6).tif | C74: 408 | D74: 360 | E74: 342,289,475,432 | F74: 289 | G74: primary | H74: AUTO_VESSEL | I74: 是 | J74: 纳入 | K74: 693.76181 | L74: =导管母表_1781!G74 | M74: 视野内部 | N74: 纳入A/D/Dh；若有Pair_ID则纳入CWR | O74: 自动管线检出的合格导管腔。 | P74: auto_pipeline;review_png_green | Q74: 2(6)-P01 | R74: 样品2
A75: 2(6)-V03 | B75: 2 (6).tif | C75: 307 | D75: 134 | E75: 233,74,382,195 | F75: 74 | G75: primary | H75: AUTO_VESSEL | I75: 是 | J75: 纳入 | K75: 625.23629 | L75: =导管母表_1781!G75 | M75: 视野内部 | N75: 纳入A/D/Dh；若有Pair_ID则纳入CWR | O75: 自动管线检出的合格导管腔。 | P75: auto_pipeline;review_png_green | R75: 样品2
A76: 2(6)-V04 | B76: 2 (6).tif | C76: 662 | D76: 458 | E76: 571,412,754,505 | F76: 263 | G76: primary | H76: AUTO_VESSEL | I76: 是 | J76: 纳入 | K76: 571.81002 | L76: =导管母表_1781!G76 | M76: 视野内部 | N76: 纳入A/D/Dh；若有Pair_ID则纳入CWR | O76: 自动管线检出的合格导管腔。 | P76: auto_pipeline;review_png_green | R76: 样品2
A77: 2(6)-V05 | B77: 2 (6).tif | C77: 146 | D77: 166 | E77: 91,120,202,213 | F77: 91 | G77: primary | H77: AUTO_VESSEL | I77: 是 | J77: 纳入 | K77: 374.81096 | L77: =导管母表_1781!G77 | M77: 视野内部 | N77: 纳入A/D/Dh；若有Pair_ID则纳入CWR | O77: 自动管线检出的合格导管腔。 | P77: auto_pipeline;review_png_green | R77: 样品2
A78: 2(6)-V06 | B78: 2 (6).tif | C78: 636 | D78: 442 | E78: 579,414,694,471 | F78: 297 | G78: primary | H78: AUTO_VESSEL | I78: 是 | J78: 纳入 | K78: 162.52363 | L78: =导管母表_1781!G78 | M78: 视野内部 | N78: 纳入A/D/Dh；若有Pair_ID则纳入CWR | O78: 自动管线检出的合格导管腔。 | P78: auto_pipeline;review_png_green | R78: 样品2
A79: 2(6)-V07 | B79: 2 (6).tif | C79: 931 | D79: 313 | E79: 893,294,970,333 | F79: 54 | G79: primary | H79: AUTO_VESSEL | I79: 是 | J79: 纳入 | K79: 101.72495 | L79: =导管母表_1781!G79 | M79: 视野内部 | N79: 纳入A/D/Dh；若有Pair_ID则纳入CWR | O79: 自动管线检出的合格导管腔。 | P79: auto_pipeline;review_png_green | R79: 样品2
A80: 2(7)-V01 | B80: 2 (7).tif | C80: 511 | D80: 281 | E80: 425,206,598,357 | F80: 206 | G80: primary | H80: AUTO_VESSEL | I80: 是 | J80: 纳入 | K80: 956.42722 | L80: =导管母表_1781!G80 | M80: 视野内部 | N80: 纳入A/D/Dh；若有Pair_ID则纳入CWR | O80: 自动管线检出的合格导管腔。 | P80: auto_pipeline;review_png_green | Q80: 2(7)-P01 | R80: 样品2
A81: 2(7)-V02 | B81: 2 (7).tif | C81: 749 | D81: 582 | E81: 684,509,815,656 | F81: 112 | G81: primary | H81: AUTO_VESSEL | I81: 是 | J81: 纳入 | K81: 701.01607 | L81: =导管母表_1781!G81 | M81: 视野内部 | N81: 纳入A/D/Dh；若有Pair_ID则纳入CWR | O81: 自动管线检出的合格导管腔。 | P81: auto_pipeline;review_png_green | R81: 样品2
A82: 2(7)-V03 | B82: 2 (7).tif | C82: 748 | D82: 324 | E82: 692,251,805,398 | F82: 219 | G82: primary | H82: AUTO_VESSEL | I82: 是 | J82: 纳入 | K82: 590.19376 | L82: =导管母表_1781!G82 | M82: 视野内部 | N82: 纳入A/D/Dh；若有Pair_ID则纳入CWR | O82: 自动管线检出的合格导管腔。 | P82: auto_pipeline;review_png_green | R82: 样品2
A83: 2(7)-V04 | B83: 2 (7).tif | C83: 350 | D83: 583 | E83: 293,521,408,646 | F83: 122 | G83: primary | H83: AUTO_VESSEL | I83: 是 | J83: 纳入 | K83: 521.19565 | L83: =导管母表_1781!G83 | M83: 视野内部 | N83: 纳入A/D/Dh；若有Pair_ID则纳入CWR | O83: 自动管线检出的合格导管腔。 | P83: auto_pipeline;review_png_green | R83: 样品2
A84: 2(7)-V05 | B84: 2 (7).tif | C84: 884 | D84: 318 | E84: 830,254,939,383 | F84: 85 | G84: primary | H84: AUTO_VESSEL | I84: 是 | J84: 纳入 | K84: 500.56711 | L84: =导管母表_1781!G84 | M84: 视野内部 | N84: 纳入A/D/Dh；若有Pair_ID则纳入CWR | O84: 自动管线检出的合格导管腔。 | P84: auto_pipeline;review_png_green | R84: 样品2
A85: 2(7)-V06 | B85: 2 (7).tif | C85: 639 | D85: 119 | E85: 582,60,697,179 | F85: 60 | G85: primary | H85: AUTO_VESSEL | I85: 是 | J85: 纳入 | K85: 484.49905 | L85: =导管母表_1781!G85 | M85: 视野内部 | N85: 纳入A/D/Dh；若有Pair_ID则纳入CWR | O85: 自动管线检出的合格导管腔。 | P85: auto_pipeline;review_png_green | R85: 样品2
A86: 2(7)-V07 | B86: 2 (7).tif | C86: 466 | D86: 413 | E86: 412,365,521,462 | F86: 306 | G86: primary | H86: AUTO_VESSEL | I86: 是 | J86: 纳入 | K86: 383.90832 | L86: =导管母表_1781!G86 | M86: 视野内部 | N86: 纳入A/D/Dh；若有Pair_ID则纳入CWR | O86: 自动管线检出的合格导管腔。 | P86: auto_pipeline;review_png_green | Q86: 2(7)-P01 | R86: 样品2
A87: 2(8)-V01 | B87: 2 (8).tif | C87: 409 | D87: 346 | E87: 337,270,482,423 | F87: 270 | G87: primary | H87: AUTO_VESSEL | I87: 是 | J87: 纳入 | K87: 812.54726 | L87: =导管母表_1781!G87 | M87: 视野内部 | N87: 纳入A/D/Dh；若有Pair_ID则纳入CWR | O87: 自动管线检出的合格导管腔。 | P87: auto_pipeline;review_png_green | Q87: 2(8)-P01 | R87: 样品2
A88: 2(8)-V02 | B88: 2 (8).tif | C88: 568 | D88: 371 | E88: 503,304,634,439 | F88: 304 | G88: primary | H88: AUTO_VESSEL | I88: 是 | J88: 纳入 | K88: 644.28166 | L88: =导管母表_1781!G88 | M88: 视野内部 | N88: 纳入A/D/Dh；若有Pair_ID则纳入CWR | O88: 自动管线检出的合格导管腔。 | P88: auto_pipeline;review_png_green | Q88: 2(8)-P01 | R88: 样品2
A89: 2(8)-V03 | B89: 2 (8).tif | C89: 814 | D89: 67 | E89: 744,0,885,136 | F89: 0 | G89: primary | H89: AUTO_VESSEL | I89: 是 | J89: 纳入 | K89: 622.37713 | L89: =导管母表_1781!G89 | M89: 近边缘（<25 px） | N89: 纳入A/D/Dh；若有Pair_ID则纳入CWR | O89: 自动管线检出的合格导管腔。 | P89: auto_pipeline;review_png_green | R89: 样品2
A90: 2(8)-V04 | B90: 2 (8).tif | C90: 217 | D90: 211 | E90: 158,154,277,269 | F90: 154 | G90: primary | H90: AUTO_VESSEL | I90: 是 | J90: 纳入 | K90: 499.29112 | L90: =导管母表_1781!G90 | M90: 视野内部 | N90: 纳入A/D/Dh；若有Pair_ID则纳入CWR | O90: 自动管线检出的合格导管腔。 | P90: auto_pipeline;review_png_green | R90: 样品2
A91: 2(8)-V05 | B91: 2 (8).tif | C91: 89 | D91: 152 | E91: 32,102,147,203 | F91: 32 | G91: primary | H91: AUTO_VESSEL | I91: 是 | J91: 纳入 | K91: 423.22779 | L91: =导管母表_1781!G91 | M91: 视野内部 | N91: 纳入A/D/Dh；若有Pair_ID则纳入CWR | O91: 自动管线检出的合格导管腔。 | P91: auto_pipeline;review_png_green | R91: 样品2
A92: 2(8)-V06 | B92: 2 (8).tif | C92: 942 | D92: 515 | E92: 887,467,998,564 | F92: 26 | G92: primary | H92: AUTO_VESSEL | I92: 是 | J92: 纳入 | K92: 392.06049 | L92: =导管母表_1781!G92 | M92: 视野内部 | N92: 纳入A/D/Dh；若有Pair_ID则纳入CWR | O92: 自动管线检出的合格导管腔。 | P92: auto_pipeline;review_png_green | R92: 样品2
A93: 2(8)-V07 | B93: 2 (8).tif | C93: 606 | D93: 53 | E93: 549,27,664,80 | F93: 27 | G93: primary | H93: AUTO_VESSEL | I93: 是 | J93: 纳入 | K93: 135.86957 | L93: =导管母表_1781!G93 | M93: 视野内部 | N93: 纳入A/D/Dh；若有Pair_ID则纳入CWR | O93: 自动管线检出的合格导管腔。 | P93: auto_pipeline;review_png_green | R93: 样品2
A94: 2(9)-V01 | B94: 2 (9).tif | C94: 783 | D94: 149 | E94: 708,81,859,218 | F94: 81 | G94: primary | H94: AUTO_VESSEL | I94: 是 | J94: 纳入 | K94: 755.71834 | L94: =导管母表_1781!G94 | M94: 视野内部 | N94: 纳入A/D/Dh；若有Pair_ID则纳入CWR | O94: 自动管线检出的合格导管腔。 | P94: auto_pipeline;review_png_green | R94: 样品2
A95: 2(9)-V02 | B95: 2 (9).tif | C95: 125 | D95: 239 | E95: 45,176,206,303 | F95: 45 | G95: primary | H95: AUTO_VESSEL | I95: 是 | J95: 纳入 | K95: 748.7949 | L95: =导管母表_1781!G95 | M95: 视野内部 | N95: 纳入A/D/Dh；若有Pair_ID则纳入CWR | O95: 自动管线检出的合格导管腔。 | P95: auto_pipeline;review_png_green | R95: 样品2
A96: 2(9)-V03 | B96: 2 (9).tif | C96: 655 | D96: 449 | E96: 590,374,721,525 | F96: 243 | G96: primary | H96: AUTO_VESSEL | I96: 是 | J96: 纳入 | K96: 722.96786 | L96: =导管母表_1781!G96 | M96: 视野内部 | N96: 纳入A/D/Dh；若有Pair_ID则纳入CWR | O96: 自动管线检出的合格导管腔。 | P96: auto_pipeline;review_png_green | R96: 样品2
A97: 2(9)-V04 | B97: 2 (9).tif | C97: 554 | D97: 347 | E97: 487,284,622,411 | F97: 284 | G97: primary | H97: AUTO_VESSEL | I97: 是 | J97: 纳入 | K97: 626.2051 | L97: =导管母表_1781!G97 | M97: 视野内部 | N97: 纳入A/D/Dh；若有Pair_ID则纳入CWR | O97: 自动管线检出的合格导管腔。 | P97: auto_pipeline;review_png_green | Q97: 2(9)-P01 | R97: 样品2
A98: 2(9)-V05 | B98: 2 (9).tif | C98: 957 | D98: 103 | E98: 900,44,1015,163 | F98: 9 | G98: primary | H98: AUTO_VESSEL | I98: 是 | J98: 纳入 | K98: 498.77127 | L98: =导管母表_1781!G98 | M98: 近边缘（<25 px） | N98: 纳入A/D/Dh；若有Pair_ID则纳入CWR | O98: 自动管线检出的合格导管腔。 | P98: auto_pipeline;review_png_green | R98: 样品2
A99: 2(9)-V06 | B99: 2 (9).tif | C99: 406 | D99: 382 | E99: 350,329,463,436 | F99: 329 | G99: primary | H99: AUTO_VESSEL | I99: 是 | J99: 纳入 | K99: 439.03592 | L99: =导管母表_1781!G99 | M99: 视野内部 | N99: 纳入A/D/Dh；若有Pair_ID则纳入CWR | O99: 自动管线检出的合格导管腔。 | P99: auto_pipeline;review_png_green | Q99: 2(9)-P01 | R99: 样品2
A100: 2(10)-V01 | B100: 2 (10).tif | C100: 200 | D100: 182 | E100: 110,106,291,259 | F100: 106 | G100: primary | H100: AUTO_VESSEL | I100: 是 | J100: 纳入 | K100: 994.37618 | L100: =导管母表_1781!G100 | M100: 视野内部 | N100: 纳入A/D/Dh；若有Pair_ID则纳入CWR | O100: 自动管线检出的合格导管腔。 | P100: auto_pipeline;review_png_green | R100: 样品2
A101: 2(10)-V02 | B101: 2 (10).tif | C101: 647 | D101: 379 | E101: 565,306,730,453 | F101: 294 | G101: primary | H101: AUTO_VESSEL | I101: 是 | J101: 纳入 | K101: 889.24858 | L101: =导管母表_1781!G101 | M101: 视野内部 | N101: 纳入A/D/Dh；若有Pair_ID则纳入CWR | O101: 自动管线检出的合格导管腔。 | P101: auto_pipeline;review_png_green | R101: 样品2
A102: 2(10)-V03 | B102: 2 (10).tif | C102: 413 | D102: 385 | E102: 331,321,496,450 | F102: 318 | G102: primary | H102: AUTO_VESSEL | I102: 是 | J102: 纳入 | K102: 775.94518 | L102: =导管母表_1781!G102 | M102: 视野内部 | N102: 纳入A/D/Dh；若有Pair_ID则纳入CWR | O102: 自动管线检出的合格导管腔。 | P102: auto_pipeline;review_png_green | R102: 样品2
A103: 2(10)-V04 | B103: 2 (10).tif | C103: 67 | D103: 606 | E103: 14,574,121,639 | F103: 14 | G103: primary | H103: AUTO_VESSEL | I103: 是 | J103: 纳入 | K103: 251.2051 | L103: =导管母表_1781!G103 | M103: 近边缘（<25 px） | N103: 纳入A/D/Dh；若有Pair_ID则纳入CWR | O103: 自动管线检出的合格导管腔。 | P103: auto_pipeline;review_png_green | R103: 样品2
A104: 2(11)-V01 | B104: 2 (11).tif | C104: 392 | D104: 357 | E104: 300,273,485,442 | F104: 273 | G104: primary | H104: AUTO_VESSEL | I104: 是 | J104: 纳入 | K104: 1145.1796 | L104: =导管母表_1781!G104 | M104: 视野内部 | N104: 纳入A/D/Dh；若有Pair_ID则纳入CWR | O104: 自动管线检出的合格导管腔。 | P104: auto_pipeline;review_png_green | R104: 样品2
A105: 2(11)-V02 | B105: 2 (11).tif | C105: 617 | D105: 347 | E105: 532,266,703,429 | F105: 266 | G105: primary | H105: AUTO_VESSEL | I105: 是 | J105: 纳入 | K105: 1022.8261 | L105: =导管母表_1781!G105 | M105: 视野内部 | N105: 纳入A/D/Dh；若有Pair_ID则纳入CWR | O105: 自动管线检出的合格导管腔。 | P105: auto_pipeline;review_png_green | R105: 样品2
A106: 2(11)-V03 | B106: 2 (11).tif | C106: 861 | D106: 377 | E106: 787,316,936,439 | F106: 88 | G106: primary | H106: AUTO_VESSEL | I106: 是 | J106: 纳入 | K106: 662.54726 | L106: =导管母表_1781!G106 | M106: 视野内部 | N106: 纳入A/D/Dh；若有Pair_ID则纳入CWR | O106: 自动管线检出的合格导管腔。 | P106: auto_pipeline;review_png_green | R106: 样品2
A107: 2(12)-V01 | B107: 2 (12).tif | C107: 684 | D107: 270 | E107: 609,201,760,340 | F107: 201 | G107: primary | H107: AUTO_VESSEL | I107: 是 | J107: 纳入 | K107: 765.99716 | L107: =导管母表_1781!G107 | M107: 视野内部 | N107: 纳入A/D/Dh；若有Pair_ID则纳入CWR | O107: 自动管线检出的合格导管腔。 | P107: auto_pipeline;review_png_green | R107: 样品2
A108: 2(12)-V02 | B108: 2 (12).tif | C108: 295 | D108: 424 | E108: 226,355,365,494 | F108: 226 | G108: primary | H108: AUTO_VESSEL | I108: 是 | J108: 纳入 | K108: 690.59546 | L108: =导管母表_1781!G108 | M108: 视野内部 | N108: 纳入A/D/Dh；若有Pair_ID则纳入CWR | O108: 自动管线检出的合格导管腔。 | P108: auto_pipeline;review_png_green | R108: 样品2
A109: 2(12)-V03 | B109: 2 (12).tif | C109: 526 | D109: 210 | E109: 462,140,591,281 | F109: 140 | G109: primary | H109: AUTO_VESSEL | I109: 是 | J109: 纳入 | K109: 662.5 | L109: =导管母表_1781!G109 | M109: 视野内部 | N109: 纳入A/D/Dh；若有Pair_ID则纳入CWR | O109: 自动管线检出的合格导管腔。 | P109: auto_pipeline;review_png_green | R109: 样品2
A110: 2(12)-V04 | B110: 2 (12).tif | C110: 429 | D110: 540 | E110: 379,506,480,575 | F110: 193 | G110: primary | H110: AUTO_VESSEL | I110: 是 | J110: 纳入 | K110: 249.43289 | L110: =导管母表_1781!G110 | M110: 视野内部 | N110: 纳入A/D/Dh；若有Pair_ID则纳入CWR | O110: 自动管线检出的合格导管腔。 | P110: auto_pipeline;review_png_green | R110: 样品2
A111: 2(12)-V05 | B111: 2 (12).tif | C111: 682 | D111: 167 | E111: 644,141,721,194 | F111: 141 | G111: primary | H111: AUTO_VESSEL | I111: 是 | J111: 纳入 | K111: 124.71645 | L111: =导管母表_1781!G111 | M111: 视野内部 | N111: 纳入A/D/Dh；若有Pair_ID则纳入CWR | O111: 自动管线检出的合格导管腔。 | P111: auto_pipeline;review_png_green | R111: 样品2
...

Sheet 视野统计
A1: 图像 | B1: primary导管 | C1: borderline候选（含未测） | D1: excluded候选 | E1: edge_truncated筛查候选 | F1: 相贴导管对 | G1: TVW线数 | H1: 像素尺寸 (μm/px) | I1: 组织高 (px) | J1: 视野面积 (mm²) | K1: 说明 | L1: 样品
A2: 1 (1).tif | B2: =COUNTIF(导管母表_1781!B:B,A2) | C2: =COUNTIFS(候选导管审计!B:B,A2,候选导管审计!G:G,"borderline") | D2: =COUNTIFS(候选导管审计!B:B,A2,候选导管审计!G:G,"excluded") | E2: =COUNTIFS(候选导管审计!B:B,A2,候选导管审计!G:G,"edge_truncated") | F2: =COUNTIF(导管对_CWR_172!B:B,A2) | G2: =COUNTIF(TVW线测量明细!B:B,A2) | H2: 0.2173913 | I2: 286 | J2: =1024*I2*H2^2/1000000 | K2: 同一样品的技术视野；不是独立生物学重复 | L2: 样品1
A3: 1 (2).tif | B3: =COUNTIF(导管母表_1781!B:B,A3) | C3: =COUNTIFS(候选导管审计!B:B,A3,候选导管审计!G:G,"borderline") | D3: =COUNTIFS(候选导管审计!B:B,A3,候选导管审计!G:G,"excluded") | E3: =COUNTIFS(候选导管审计!B:B,A3,候选导管审计!G:G,"edge_truncated") | F3: =COUNTIF(导管对_CWR_172!B:B,A3) | G3: =COUNTIF(TVW线测量明细!B:B,A3) | H3: 0.2173913 | I3: 181 | J3: =1024*I3*H3^2/1000000 | K3: 同一样品的技术视野；不是独立生物学重复 | L3: 样品1
A4: 1 (3).tif | B4: =COUNTIF(导管母表_1781!B:B,A4) | C4: =COUNTIFS(候选导管审计!B:B,A4,候选导管审计!G:G,"borderline") | D4: =COUNTIFS(候选导管审计!B:B,A4,候选导管审计!G:G,"excluded") | E4: =COUNTIFS(候选导管审计!B:B,A4,候选导管审计!G:G,"edge_truncated") | F4: =COUNTIF(导管对_CWR_172!B:B,A4) | G4: =COUNTIF(TVW线测量明细!B:B,A4) | H4: 0.2173913 | I4: 208 | J4: =1024*I4*H4^2/1000000 | K4: 同一样品的技术视野；不是独立生物学重复 | L4: 样品1
A5: 1 (4).tif | B5: =COUNTIF(导管母表_1781!B:B,A5) | C5: =COUNTIFS(候选导管审计!B:B,A5,候选导管审计!G:G,"borderline") | D5: =COUNTIFS(候选导管审计!B:B,A5,候选导管审计!G:G,"excluded") | E5: =COUNTIFS(候选导管审计!B:B,A5,候选导管审计!G:G,"edge_truncated") | F5: =COUNTIF(导管对_CWR_172!B:B,A5) | G5: =COUNTIF(TVW线测量明细!B:B,A5) | H5: 0.2173913 | I5: 174 | J5: =1024*I5*H5^2/1000000 | K5: 同一样品的技术视野；不是独立生物学重复 | L5: 样品1
A6: 1 (5).tif | B6: =COUNTIF(导管母表_1781!B:B,A6) | C6: =COUNTIFS(候选导管审计!B:B,A6,候选导管审计!G:G,"borderline") | D6: =COUNTIFS(候选导管审计!B:B,A6,候选导管审计!G:G,"excluded") | E6: =COUNTIFS(候选导管审计!B:B,A6,候选导管审计!G:G,"edge_truncated") | F6: =COUNTIF(导管对_CWR_172!B:B,A6) | G6: =COUNTIF(TVW线测量明细!B:B,A6) | H6: 0.2173913 | I6: 198 | J6: =1024*I6*H6^2/1000000 | K6: 同一样品的技术视野；不是独立生物学重复 | L6: 样品1
A7: 1 (6).tif | B7: =COUNTIF(导管母表_1781!B:B,A7) | C7: =COUNTIFS(候选导管审计!B:B,A7,候选导管审计!G:G,"borderline") | D7: =COUNTIFS(候选导管审计!B:B,A7,候选导管审计!G:G,"excluded") | E7: =COUNTIFS(候选导管审计!B:B,A7,候选导管审计!G:G,"edge_truncated") | F7: =COUNTIF(导管对_CWR_172!B:B,A7) | G7: =COUNTIF(TVW线测量明细!B:B,A7) | H7: 0.2173913 | I7: 197 | J7: =1024*I7*H7^2/1000000 | K7: 同一样品的技术视野；不是独立生物学重复 | L7: 样品1
A8: 1 (7).tif | B8: =COUNTIF(导管母表_1781!B:B,A8) | C8: =COUNTIFS(候选导管审计!B:B,A8,候选导管审计!G:G,"borderline") | D8: =COUNTIFS(候选导管审计!B:B,A8,候选导管审计!G:G,"excluded") | E8: =COUNTIFS(候选导管审计!B:B,A8,候选导管审计!G:G,"edge_truncated") | F8: =COUNTIF(导管对_CWR_172!B:B,A8) | G8: =COUNTIF(TVW线测量明细!B:B,A8) | H8: 0.2173913 | I8: 691 | J8: =1024*I8*H8^2/1000000 | K8: 同一样品的技术视野；不是独立生物学重复 | L8: 样品1
A9: 1 (8).tif | B9: =COUNTIF(导管母表_1781!B:B,A9) | C9: =COUNTIFS(候选导管审计!B:B,A9,候选导管审计!G:G,"borderline") | D9: =COUNTIFS(候选导管审计!B:B,A9,候选导管审计!G:G,"excluded") | E9: =COUNTIFS(候选导管审计!B:B,A9,候选导管审计!G:G,"edge_truncated") | F9: =COUNTIF(导管对_CWR_172!B:B,A9) | G9: =COUNTIF(TVW线测量明细!B:B,A9) | H9: 0.2173913 | I9: 691 | J9: =1024*I9*H9^2/1000000 | K9: 同一样品的技术视野；不是独立生物学重复 | L9: 样品1
A10: 2 (1).tif | B10: =COUNTIF(导管母表_1781!B:B,A10) | C10: =COUNTIFS(候选导管审计!B:B,A10,候选导管审计!G:G,"borderline") | D10: =COUNTIFS(候选导管审计!B:B,A10,候选导管审计!G:G,"excluded") | E10: =COUNTIFS(候选导管审计!B:B,A10,候选导管审计!G:G,"edge_truncated") | F10: =COUNTIF(导管对_CWR_172!B:B,A10) | G10: =COUNTIF(TVW线测量明细!B:B,A10) | H10: 0.2173913 | I10: 691 | J10: =1024*I10*H10^2/1000000 | K10: 同一样品的技术视野；不是独立生物学重复 | L10: 样品2
A11: 2 (2).tif | B11: =COUNTIF(导管母表_1781!B:B,A11) | C11: =COUNTIFS(候选导管审计!B:B,A11,候选导管审计!G:G,"borderline") | D11: =COUNTIFS(候选导管审计!B:B,A11,候选导管审计!G:G,"excluded") | E11: =COUNTIFS(候选导管审计!B:B,A11,候选导管审计!G:G,"edge_truncated") | F11: =COUNTIF(导管对_CWR_172!B:B,A11) | G11: =COUNTIF(TVW线测量明细!B:B,A11) | H11: 0.2173913 | I11: 691 | J11: =1024*I11*H11^2/1000000 | K11: 同一样品的技术视野；不是独立生物学重复 | L11: 样品2
A12: 2 (3).tif | B12: =COUNTIF(导管母表_1781!B:B,A12) | C12: =COUNTIFS(候选导管审计!B:B,A12,候选导管审计!G:G,"borderline") | D12: =COUNTIFS(候选导管审计!B:B,A12,候选导管审计!G:G,"excluded") | E12: =COUNTIFS(候选导管审计!B:B,A12,候选导管审计!G:G,"edge_truncated") | F12: =COUNTIF(导管对_CWR_172!B:B,A12) | G12: =COUNTIF(TVW线测量明细!B:B,A12) | H12: 0.2173913 | I12: 198 | J12: =1024*I12*H12^2/1000000 | K12: 同一样品的技术视野；不是独立生物学重复 | L12: 样品2
A13: 2 (4).tif | B13: =COUNTIF(导管母表_1781!B:B,A13) | C13: =COUNTIFS(候选导管审计!B:B,A13,候选导管审计!G:G,"borderline") | D13: =COUNTIFS(候选导管审计!B:B,A13,候选导管审计!G:G,"excluded") | E13: =COUNTIFS(候选导管审计!B:B,A13,候选导管审计!G:G,"edge_truncated") | F13: =COUNTIF(导管对_CWR_172!B:B,A13) | G13: =COUNTIF(TVW线测量明细!B:B,A13) | H13: 0.2173913 | I13: 206 | J13: =1024*I13*H13^2/1000000 | K13: 同一样品的技术视野；不是独立生物学重复 | L13: 样品2
... A343: 40 (9).tif | B343: =COUNTIF(导管母表_1781!B:B,A343) | C343: =COUNTIFS(候选导管审计!B:B,A343,候选导管审计!G:G,"borderline") | D343: =COUNTIFS(候选导管审计!B:B,A343,候选导管审计!G:G,"excluded") | E343: =COUNTIFS(候选导管审计!B:B,A343,候选导管审计!G:G,"edge_truncated") | F343: =COUNTIF(导管对_CWR_172!B:B,A343) | G343: =COUNTIF(TVW线测量明细!B:B,A343) | H343: 0.2173913 | I343: 300 | J343: =1024*I343*H343^2/1000000 | K343: 同一样品的技术视野；不是独立生物学重复 | L343: 样品40
A344: 合计 | B344: =SUM(B2:B343) | C344: =SUM(C2:C343) | D344: =SUM(D2:D343) | E344: =SUM(E2:E343) | F344: =SUM(F2:F343) | G344: =SUM(G2:G343) | J344: =SUM(J2:J343) | K344: 342个视野在样品层面按样品合并后写入Sheet1

Sheet 导管对_CWR_172
A1: Pair_ID | B1: 图像文件 | C1: 导管1 ROI | D1: Ai1 (μm²) | E1: Di1 (μm) | F1: 导管2 ROI | G1: Ai2 (μm²) | H1: Di2 (μm) | I1: TVW线表范围 | J1: n_line | K1: TVW均值 (μm，主值) | L1: TVW中位数 (μm) | M1: TVW线内SD (μm) | N1: TVW线内CV (%) | O1: 旧单线TVW (μm) | P1: TVW变化 (%) | Q1: CWR1=(TVW/Di1)² | R1: CWR2=(TVW/Di2)² | S1: CWR_pair（主值） | T1: 旧单线CWR_pair | U1: CWR变化 (%) | V1: 线中位数法CWR_pair（敏感性） | W1: Dtarget（仅敏感性） | X1: Dtarget法CWR（仅敏感性） | Y1: 壁级QC | Z1: 对应关系质控 | AA1: 样品
A2: 1(1)-P01 | B2: 1 (1).tif | C2: 1(1)-V02 | D2: =导管母表_1781!F3 | E2: =导管母表_1781!G3 | F2: 1(1)-V03 | G2: =导管母表_1781!F4 | H2: =导管母表_1781!G4 | I2: J2:J2 | J2: =COUNT(TVW线测量明细!J2:J2) | K2: =AVERAGE(TVW线测量明细!J2:J2) | L2: =MEDIAN(TVW线测量明细!J2:J2) | M2: =IF(J2>1,STDEV(TVW线测量明细!J2:J2),0) | N2: =IF(K2=0,"",M2/K2*100) | O2: 7.1210171 | P2: =IF(O2=0,"",(K2/O2-1)*100) | Q2: =(K2/E2)^2 | R2: =(K2/H2)^2 | S2: =AVERAGE(Q2,R2) | T2: =AVERAGE((O2/E2)^2,(O2/H2)^2) | U2: =IF(T2=0,"",(S2/T2-1)*100) | V2: =AVERAGE((L2/E2)^2,(L2/H2)^2) | W2: =IF(ABS(E2-汇总!B25)<=ABS(H2-汇总!B25),E2,H2) | X2: =(K2/W2)^2 | Y2: =IF(N2>10,"HIGH_TVW_CV",IF(J2<3,"SHORT_INTERFACE","PASS")) | Z2: Di1、TVW均值、Di2均来自本Pair_ID；TVW=3–5法线平均 | AA2: 样品1
A3: 1(2)-P01 | B3: 1 (2).tif | C3: 1(2)-V02 | D3: =导管母表_1781!F11 | E3: =导管母表_1781!G11 | F3: 1(2)-V04 | G3: =导管母表_1781!F13 | H3: =导管母表_1781!G13 | I3: J3:J4 | J3: =COUNT(TVW线测量明细!J3:J4) | K3: =AVERAGE(TVW线测量明细!J3:J4) | L3: =MEDIAN(TVW线测量明细!J3:J4) | M3: =IF(J3>1,STDEV(TVW线测量明细!J3:J4),0) | N3: =IF(K3=0,"",M3/K3*100) | O3: 4.1816052 | P3: =IF(O3=0,"",(K3/O3-1)*100) | Q3: =(K3/E3)^2 | R3: =(K3/H3)^2 | S3: =AVERAGE(Q3,R3) | T3: =AVERAGE((O3/E3)^2,(O3/H3)^2) | U3: =IF(T3=0,"",(S3/T3-1)*100) | V3: =AVERAGE((L3/E3)^2,(L3/H3)^2) | W3: =IF(ABS(E3-汇总!B25)<=ABS(H3-汇总!B25),E3,H3) | X3: =(K3/W3)^2 | Y3: =IF(N3>10,"HIGH_TVW_CV",IF(J3<3,"SHORT_INTERFACE","PASS")) | Z3: Di1、TVW均值、Di2均来自本Pair_ID；TVW=3–5法线平均 | AA3: 样品1
A4: 1(3)-P01 | B4: 1 (3).tif | C4: 1(3)-V01 | D4: =导管母表_1781!F18 | E4: =导管母表_1781!G18 | F4: 1(3)-V02 | G4: =导管母表_1781!F19 | H4: =导管母表_1781!G19 | I4: J5:J7 | J4: =COUNT(TVW线测量明细!J5:J7) | K4: =AVERAGE(TVW线测量明细!J5:J7) | L4: =MEDIAN(TVW线测量明细!J5:J7) | M4: =IF(J4>1,STDEV(TVW线测量明细!J5:J7),0) | N4: =IF(K4=0,"",M4/K4*100) | O4: 8.4894018 | P4: =IF(O4=0,"",(K4/O4-1)*100) | Q4: =(K4/E4)^2 | R4: =(K4/H4)^2 | S4: =AVERAGE(Q4,R4) | T4: =AVERAGE((O4/E4)^2,(O4/H4)^2) | U4: =IF(T4=0,"",(S4/T4-1)*100) | V4: =AVERAGE((L4/E4)^2,(L4/H4)^2) | W4: =IF(ABS(E4-汇总!B25)<=ABS(H4-汇总!B25),E4,H4) | X4: =(K4/W4)^2 | Y4: =IF(N4>10,"HIGH_TVW_CV",IF(J4<3,"SHORT_INTERFACE","PASS")) | Z4: Di1、TVW均值、Di2均来自本Pair_ID；TVW=3–5法线平均 | AA4: 样品1
A5: 1(4)-P01 | B5: 1 (4).tif | C5: 1(4)-V01 | D5: =导管母表_1781!F21 | E5: =导管母表_1781!G21 | F5: 1(4)-V02 | G5: =导管母表_1781!F22 | H5: =导管母表_1781!G22 | I5: J8:J9 | J5: =COUNT(TVW线测量明细!J8:J9) | K5: =AVERAGE(TVW线测量明细!J8:J9) | L5: =MEDIAN(TVW线测量明细!J8:J9) | M5: =IF(J5>1,STDEV(TVW线测量明细!J8:J9),0) | N5: =IF(K5=0,"",M5/K5*100) | O5: 3.1652652 | P5: =IF(O5=0,"",(K5/O5-1)*100) | Q5: =(K5/E5)^2 | R5: =(K5/H5)^2 | S5: =AVERAGE(Q5,R5) | T5: =AVERAGE((O5/E5)^2,(O5/H5)^2) | U5: =IF(T5=0,"",(S5/T5-1)*100) | V5: =AVERAGE((L5/E5)^2,(L5/H5)^2) | W5: =IF(ABS(E5-汇总!B25)<=ABS(H5-汇总!B25),E5,H5) | X5: =(K5/W5)^2 | Y5: =IF(N5>10,"HIGH_TVW_CV",IF(J5<3,"SHORT_INTERFACE","PASS")) | Z5: Di1、TVW均值、Di2均来自本Pair_ID；TVW=3–5法线平均 | AA5: 样品1
A6: 1(5)-P01 | B6: 1 (5).tif | C6: 1(5)-V01 | D6: =导管母表_1781!F28 | E6: =导管母表_1781!G28 | F6: 1(5)-V02 | G6: =导管母表_1781!F29 | H6: =导管母表_1781!G29 | I6: J10:J10 | J6: =COUNT(TVW线测量明细!J10:J10) | K6: =AVERAGE(TVW线测量明细!J10:J10) | L6: =MEDIAN(TVW线测量明细!J10:J10) | M6: =IF(J6>1,STDEV(TVW线测量明细!J10:J10),0) | N6: =IF(K6=0,"",M6/K6*100) | O6: 7.0977512 | P6: =IF(O6=0,"",(K6/O6-1)*100) | Q6: =(K6/E6)^2 | R6: =(K6/H6)^2 | S6: =AVERAGE(Q6,R6) | T6: =AVERAGE((O6/E6)^2,(O6/H6)^2) | U6: =IF(T6=0,"",(S6/T6-1)*100) | V6: =AVERAGE((L6/E6)^2,(L6/H6)^2) | W6: =IF(ABS(E6-汇总!B25)<=ABS(H6-汇总!B25),E6,H6) | X6: =(K6/W6)^2 | Y6: =IF(N6>10,"HIGH_TVW_CV",IF(J6<3,"SHORT_INTERFACE","PASS")) | Z6: Di1、TVW均值、Di2均来自本Pair_ID；TVW=3–5法线平均 | AA6: 样品1
A7: 1(6)-P01 | B7: 1 (6).tif | C7: 1(6)-V01 | D7: =导管母表_1781!F30 | E7: =导管母表_1781!G30 | F7: 1(6)-V03 | G7: =导管母表_1781!F32 | H7: =导管母表_1781!G32 | I7: J11:J12 | J7: =COUNT(TVW线测量明细!J11:J12) | K7: =AVERAGE(TVW线测量明细!J11:J12) | L7: =MEDIAN(TVW线测量明细!J11:J12) | M7: =IF(J7>1,STDEV(TVW线测量明细!J11:J12),0) | N7: =IF(K7=0,"",M7/K7*100) | O7: 7.0005401 | P7: =IF(O7=0,"",(K7/O7-1)*100) | Q7: =(K7/E7)^2 | R7: =(K7/H7)^2 | S7: =AVERAGE(Q7,R7) | T7: =AVERAGE((O7/E7)^2,(O7/H7)^2) | U7: =IF(T7=0,"",(S7/T7-1)*100) | V7: =AVERAGE((L7/E7)^2,(L7/H7)^2) | W7: =IF(ABS(E7-汇总!B25)<=ABS(H7-汇总!B25),E7,H7) | X7: =(K7/W7)^2 | Y7: =IF(N7>10,"HIGH_TVW_CV",IF(J7<3,"SHORT_INTERFACE","PASS")) | Z7: Di1、TVW均值、Di2均来自本Pair_ID；TVW=3–5法线平均 | AA7: 样品1
A8: 2(3)-P01 | B8: 2 (3).tif | C8: 2(3)-V02 | D8: =导管母表_1781!F57 | E8: =导管母表_1781!G57 | F8: 2(3)-V03 | G8: =导管母表_1781!F58 | H8: =导管母表_1781!G58 | I8: J13:J16 | J8: =COUNT(TVW线测量明细!J13:J16) | K8: =AVERAGE(TVW线测量明细!J13:J16) | L8: =MEDIAN(TVW线测量明细!J13:J16) | M8: =IF(J8>1,STDEV(TVW线测量明细!J13:J16),0) | N8: =IF(K8=0,"",M8/K8*100) | O8: 8.0434783 | P8: =IF(O8=0,"",(K8/O8-1)*100) | Q8: =(K8/E8)^2 | R8: =(K8/H8)^2 | S8: =AVERAGE(Q8,R8) | T8: =AVERAGE((O8/E8)^2,(O8/H8)^2) | U8: =IF(T8=0,"",(S8/T8-1)*100) | V8: =AVERAGE((L8/E8)^2,(L8/H8)^2) | W8: =IF(ABS(E8-汇总!B25)<=ABS(H8-汇总!B25),E8,H8) | X8: =(K8/W8)^2 | Y8: =IF(N8>10,"HIGH_TVW_CV",IF(J8<3,"SHORT_INTERFACE","PASS")) | Z8: Di1、TVW均值、Di2均来自本Pair_ID；TVW=3–5法线平均 | AA8: 样品2
A9: 2(4)-P01 | B9: 2 (4).tif | C9: 2(4)-V01 | D9: =导管母表_1781!F64 | E9: =导管母表_1781!G64 | F9: 2(4)-V02 | G9: =导管母表_1781!F65 | H9: =导管母表_1781!G65 | I9: J17:J18 | J9: =COUNT(TVW线测量明细!J17:J18) | K9: =AVERAGE(TVW线测量明细!J17:J18) | L9: =MEDIAN(TVW线测量明细!J17:J18) | M9: =IF(J9>1,STDEV(TVW线测量明细!J17:J18),0) | N9: =IF(K9=0,"",M9/K9*100) | O9: 6.0636199 | P9: =IF(O9=0,"",(K9/O9-1)*100) | Q9: =(K9/E9)^2 | R9: =(K9/H9)^2 | S9: =AVERAGE(Q9,R9) | T9: =AVERAGE((O9/E9)^2,(O9/H9)^2) | U9: =IF(T9=0,"",(S9/T9-1)*100) | V9: =AVERAGE((L9/E9)^2,(L9/H9)^2) | W9: =IF(ABS(E9-汇总!B25)<=ABS(H9-汇总!B25),E9,H9) | X9: =(K9/W9)^2 | Y9: =IF(N9>10,"HIGH_TVW_CV",IF(J9<3,"SHORT_INTERFACE","PASS")) | Z9: Di1、TVW均值、Di2均来自本Pair_ID；TVW=3–5法线平均 | AA9: 样品2
A10: 2(5)-P01 | B10: 2 (5).tif | C10: 2(5)-V02 | D10: =导管母表_1781!F70 | E10: =导管母表_1781!G70 | F10: 2(5)-V04 | G10: =导管母表_1781!F72 | H10: =导管母表_1781!G72 | I10: J19:J19 | J10: =COUNT(TVW线测量明细!J19:J19) | K10: =AVERAGE(TVW线测量明细!J19:J19) | L10: =MEDIAN(TVW线测量明细!J19:J19) | M10: =IF(J10>1,STDEV(TVW线测量明细!J19:J19),0) | N10: =IF(K10=0,"",M10/K10*100) | O10: 0 | P10: =IF(O10=0,"",(K10/O10-1)*100) | Q10: =(K10/E10)^2 | R10: =(K10/H10)^2 | S10: =AVERAGE(Q10,R10) | T10: =AVERAGE((O10/E10)^2,(O10/H10)^2) | U10: =IF(T10=0,"",(S10/T10-1)*100) | V10: =AVERAGE((L10/E10)^2,(L10/H10)^2) | W10: =IF(ABS(E10-汇总!B25)<=ABS(H10-汇总!B25),E10,H10) | X10: =(K10/W10)^2 | Y10: =IF(N10>10,"HIGH_TVW_CV",IF(J10<3,"SHORT_INTERFACE","PASS")) | Z10: Di1、TVW均值、Di2均来自本Pair_ID；TVW=3–5法线平均 | AA10: 样品2
A11: 2(6)-P01 | B11: 2 (6).tif | C11: 2(6)-V01 | D11: =导管母表_1781!F73 | E11: =导管母表_1781!G73 | F11: 2(6)-V02 | G11: =导管母表_1781!F74 | H11: =导管母表_1781!G74 | I11: J20:J21 | J11: =COUNT(TVW线测量明细!J20:J21) | K11: =AVERAGE(TVW线测量明细!J20:J21) | L11: =MEDIAN(TVW线测量明细!J20:J21) | M11: =IF(J11>1,STDEV(TVW线测量明细!J20:J21),0) | N11: =IF(K11=0,"",M11/K11*100) | O11: 4.9045714 | P11: =IF(O11=0,"",(K11/O11-1)*100) | Q11: =(K11/E11)^2 | R11: =(K11/H11)^2 | S11: =AVERAGE(Q11,R11) | T11: =AVERAGE((O11/E11)^2,(O11/H11)^2) | U11: =IF(T11=0,"",(S11/T11-1)*100) | V11: =AVERAGE((L11/E11)^2,(L11/H11)^2) | W11: =IF(ABS(E11-汇总!B25)<=ABS(H11-汇总!B25),E11,H11) | X11: =(K11/W11)^2 | Y11: =IF(N11>10,"HIGH_TVW_CV",IF(J11<3,"SHORT_INTERFACE","PASS")) | Z11: Di1、TVW均值、Di2均来自本Pair_ID；TVW=3–5法线平均 | AA11: 样品2
A12: 2(7)-P01 | B12: 2 (7).tif | C12: 2(7)-V01 | D12: =导管母表_1781!F80 | E12: =导管母表_1781!G80 | F12: 2(7)-V07 | G12: =导管母表_1781!F86 | H12: =导管母表_1781!G86 | I12: J22:J23 | J12: =COUNT(TVW线测量明细!J22:J23) | K12: =AVERAGE(TVW线测量明细!J22:J23) | L12: =MEDIAN(TVW线测量明细!J22:J23) | M12: =IF(J12>1,STDEV(TVW线测量明细!J22:J23),0) | N12: =IF(K12=0,"",M12/K12*100) | O12: 13.437878 | P12: =IF(O12=0,"",(K12/O12-1)*100) | Q12: =(K12/E12)^2 | R12: =(K12/H12)^2 | S12: =AVERAGE(Q12,R12) | T12: =AVERAGE((O12/E12)^2,(O12/H12)^2) | U12: =IF(T12=0,"",(S12/T12-1)*100) | V12: =AVERAGE((L12/E12)^2,(L12/H12)^2) | W12: =IF(ABS(E12-汇总!B25)<=ABS(H12-汇总!B25),E12,H12) | X12: =(K12/W12)^2 | Y12: =IF(N12>10,"HIGH_TVW_CV",IF(J12<3,"SHORT_INTERFACE","PASS")) | Z12: Di1、TVW均值、Di2均来自本Pair_ID；TVW=3–5法线平均 | AA12: 样品2
A13: 2(8)-P01 | B13: 2 (8).tif | C13: 2(8)-V01 | D13: =导管母表_1781!F87 | E13: =导管母表_1781!G87 | F13: 2(8)-V02 | G13: =导管母表_1781!F88 | H13: =导管母表_1781!G88 | I13: J24:J25 | J13: =COUNT(TVW线测量明细!J24:J25) | K13: =AVERAGE(TVW线测量明细!J24:J25) | L13: =MEDIAN(TVW线测量明细!J24:J25) | M13: =IF(J13>1,STDEV(TVW线测量明细!J24:J25),0) | N13: =IF(K13=0,"",M13/K13*100) | O13: 5.2354759 | P13: =IF(O13=0,"",(K13/O13-1)*100) | Q13: =(K13/E13)^2 | R13: =(K13/H13)^2 | S13: =AVERAGE(Q13,R13) | T13: =AVERAGE((O13/E13)^2,(O13/H13)^2) | U13: =IF(T13=0,"",(S13/T13-1)*100) | V13: =AVERAGE((L13/E13)^2,(L13/H13)^2) | W13: =IF(ABS(E13-汇总!B25)<=ABS(H13-汇总!B25),E13,H13) | X13: =(K13/W13)^2 | Y13: =IF(N13>10,"HIGH_TVW_CV",IF(J13<3,"SHORT_INTERFACE","PASS")) | Z13: Di1、TVW均值、Di2均来自本Pair_ID；TVW=3–5法线平均 | AA13: 样品2
A14: 2(9)-P01 | B14: 2 (9).tif | C14: 2(9)-V04 | D14: =导管母表_1781!F97 | E14: =导管母表_1781!G97 | F14: 2(9)-V06 | G14: =导管母表_1781!F99 | H14: =导管母表_1781!G99 | I14: J26:J27 | J14: =COUNT(TVW线测量明细!J26:J27) | K14: =AVERAGE(TVW线测量明细!J26:J27) | L14: =MEDIAN(TVW线测量明细!J26:J27) | M14: =IF(J14>1,STDEV(TVW线测量明细!J26:J27),0) | N14: =IF(K14=0,"",M14/K14*100) | O14: 6.2742912 | P14: =IF(O14=0,"",(K14/O14-1)*100) | Q14: =(K14/E14)^2 | R14: =(K14/H14)^2 | S14: =AVERAGE(Q14,R14) | T14: =AVERAGE((O14/E14)^2,(O14/H14)^2) | U14: =IF(T14=0,"",(S14/T14-1)*100) | V14: =AVERAGE((L14/E14)^2,(L14/H14)^2) | W14: =IF(ABS(E14-汇总!B25)<=ABS(H14-汇总!B25),E14,H14) | X14: =(K14/W14)^2 | Y14: =IF(N14>10,"HIGH_TVW_CV",IF(J14<3,"SHORT_INTERFACE","PASS")) | Z14: Di1、TVW均值、Di2均来自本Pair_ID；TVW=3–5法线平均 | AA14: 样品2
A15: 2(13)-P01 | B15: 2 (13).tif | C15: 2(13)-V01 | D15: =导管母表_1781!F113 | E15: =导管母表_1781!G113 | F15: 2(13)-V02 | G15: =导管母表_1781!F114 | H15: =导管母表_1781!G114 | I15: J28:J31 | J15: =COUNT(TVW线测量明细!J28:J31) | K15: =AVERAGE(TVW线测量明细!J28:J31) | L15: =MEDIAN(TVW线测量明细!J28:J31) | M15: =IF(J15>1,STDEV(TVW线测量明细!J28:J31),0) | N15: =IF(K15=0,"",M15/K15*100) | O15: 4.9668085 | P15: =IF(O15=0,"",(K15/O15-1)*100) | Q15: =(K15/E15)^2 | R15: =(K15/H15)^2 | S15: =AVERAGE(Q15,R15) | T15: =AVERAGE((O15/E15)^2,(O15/H15)^2) | U15: =IF(T15=0,"",(S15/T15-1)*100) | V15: =AVERAGE((L15/E15)^2,(L15/H15)^2) | W15: =IF(ABS(E15-汇总!B25)<=ABS(H15-汇总!B25),E15,H15) | X15: =(K15/W15)^2 | Y15: =IF(N15>10,"HIGH_TVW_CV",IF(J15<3,"SHORT_INTERFACE","PASS")) | Z15: Di1、TVW均值、Di2均来自本Pair_ID；TVW=3–5法线平均 | AA15: 样品2
A16: 2(14)-P01 | B16: 2 (14).tif | C16: 2(14)-V01 | D16: =导管母表_1781!F121 | E16: =导管母表_1781!G121 | F16: 2(14)-V03 | G16: =导管母表_1781!F123 | H16: =导管母表_1781!G123 | I16: J32:J33 | J16: =COUNT(TVW线测量明细!J32:J33) | K16: =AVERAGE(TVW线测量明细!J32:J33) | L16: =MEDIAN(TVW线测量明细!J32:J33) | M16: =IF(J16>1,STDEV(TVW线测量明细!J32:J33),0) | N16: =IF(K16=0,"",M16/K16*100) | O16: 3.6441423 | P16: =IF(O16=0,"",(K16/O16-1)*100) | Q16: =(K16/E16)^2 | R16: =(K16/H16)^2 | S16: =AVERAGE(Q16,R16) | T16: =AVERAGE((O16/E16)^2,(O16/H16)^2) | U16: =IF(T16=0,"",(S16/T16-1)*100) | V16: =AVERAGE((L16/E16)^2,(L16/H16)^2) | W16: =IF(ABS(E16-汇总!B25)<=ABS(H16-汇总!B25),E16,H16) | X16: =(K16/W16)^2 | Y16: =IF(N16>10,"HIGH_TVW_CV",IF(J16<3,"SHORT_INTERFACE","PASS")) | Z16: Di1、TVW均值、Di2均来自本Pair_ID；TVW=3–5法线平均 | AA16: 样品2
A17: 3(1)-P01 | B17: 3 (1).tif | C17: 3(1)-V02 | D17: =导管母表_1781!F129 | E17: =导管母表_1781!G129 | F17: 3(1)-V04 | G17: =导管母表_1781!F131 | H17: =导管母表_1781!G131 | I17: J34:J35 | J17: =COUNT(TVW线测量明细!J34:J35) | K17: =AVERAGE(TVW线测量明细!J34:J35) | L17: =MEDIAN(TVW线测量明细!J34:J35) | M17: =IF(J17>1,STDEV(TVW线测量明细!J34:J35),0) | N17: =IF(K17=0,"",M17/K17*100) | O17: 2.8593362 | P17: =IF(O17=0,"",(K17/O17-1)*100) | Q17: =(K17/E17)^2 | R17: =(K17/H17)^2 | S17: =AVERAGE(Q17,R17) | T17: =AVERAGE((O17/E17)^2,(O17/H17)^2) | U17: =IF(T17=0,"",(S17/T17-1)*100) | V17: =AVERAGE((L17/E17)^2,(L17/H17)^2) | W17: =IF(ABS(E17-汇总!B25)<=ABS(H17-汇总!B25),E17,H17) | X17: =(K17/W17)^2 | Y17: =IF(N17>10,"HIGH_TVW_CV",IF(J17<3,"SHORT_INTERFACE","PASS")) | Z17: Di1、TVW均值、Di2均来自本Pair_ID；TVW=3–5法线平均 | AA17: 样品3
A18: 3(2)-P01 | B18: 3 (2).tif | C18: 3(2)-V01 | D18: =导管母表_1781!F133 | E18: =导管母表_1781!G133 | F18: 3(2)-V02 | G18: =导管母表_1781!F134 | H18: =导管母表_1781!G134 | I18: J36:J37 | J18: =COUNT(TVW线测量明细!J36:J37) | K18: =AVERAGE(TVW线测量明细!J36:J37) | L18: =MEDIAN(TVW线测量明细!J36:J37) | M18: =IF(J18>1,STDEV(TVW线测量明细!J36:J37),0) | N18: =IF(K18=0,"",M18/K18*100) | O18: 3.7527558 | P18: =IF(O18=0,"",(K18/O18-1)*100) | Q18: =(K18/E18)^2 | R18: =(K18/H18)^2 | S18: =AVERAGE(Q18,R18) | T18: =AVERAGE((O18/E18)^2,(O18/H18)^2) | U18: =IF(T18=0,"",(S18/T18-1)*100) | V18: =AVERAGE((L18/E18)^2,(L18/H18)^2) | W18: =IF(ABS(E18-汇总!B25)<=ABS(H18-汇总!B25),E18,H18) | X18: =(K18/W18)^2 | Y18: =IF(N18>10,"HIGH_TVW_CV",IF(J18<3,"SHORT_INTERFACE","PASS")) | Z18: Di1、TVW均值、Di2均来自本Pair_ID；TVW=3–5法线平均 | AA18: 样品3
A19: 3(4)-P01 | B19: 3 (4).tif | C19: 3(4)-V01 | D19: =导管母表_1781!F140 | E19: =导管母表_1781!G140 | F19: 3(4)-V02 | G19: =导管母表_1781!F141 | H19: =导管母表_1781!G141 | I19: J38:J39 | J19: =COUNT(TVW线测量明细!J38:J39) | K19: =AVERAGE(TVW线测量明细!J38:J39) | L19: =MEDIAN(TVW线测量明细!J38:J39) | M19: =IF(J19>1,STDEV(TVW线测量明细!J38:J39),0) | N19: =IF(K19=0,"",M19/K19*100) | O19: 4.3314911 | P19: =IF(O19=0,"",(K19/O19-1)*100) | Q19: =(K19/E19)^2 | R19: =(K19/H19)^2 | S19: =AVERAGE(Q19,R19) | T19: =AVERAGE((O19/E19)^2,(O19/H19)^2) | U19: =IF(T19=0,"",(S19/T19-1)*100) | V19: =AVERAGE((L19/E19)^2,(L19/H19)^2) | W19: =IF(ABS(E19-汇总!B25)<=ABS(H19-汇总!B25),E19,H19) | X19: =(K19/W19)^2 | Y19: =IF(N19>10,"HIGH_TVW_CV",IF(J19<3,"SHORT_INTERFACE","PASS")) | Z19: Di1、TVW均值、Di2均来自本Pair_ID；TVW=3–5法线平均 | AA19: 样品3
A20: 3(5)-P01 | B20: 3 (5).tif | C20: 3(5)-V01 | D20: =导管母表_1781!F147 | E20: =导管母表_1781!G147 | F20: 3(5)-V02 | G20: =导管母表_1781!F148 | H20: =导管母表_1781!G148 | I20: J40:J41 | J20: =COUNT(TVW线测量明细!J40:J41) | K20: =AVERAGE(TVW线测量明细!J40:J41) | L20: =MEDIAN(TVW线测量明细!J40:J41) | M20: =IF(J20>1,STDEV(TVW线测量明细!J40:J41),0) | N20: =IF(K20=0,"",M20/K20*100) | O20: 4.4018384 | P20: =IF(O20=0,"",(K20/O20-1)*100) | Q20: =(K20/E20)^2 | R20: =(K20/H20)^2 | S20: =AVERAGE(Q20,R20) | T20: =AVERAGE((O20/E20)^2,(O20/H20)^2) | U20: =IF(T20=0,"",(S20/T20-1)*100) | V20: =AVERAGE((L20/E20)^2,(L20/H20)^2) | W20: =IF(ABS(E20-汇总!B25)<=ABS(H20-汇总!B25),E20,H20) | X20: =(K20/W20)^2 | Y20: =IF(N20>10,"HIGH_TVW_CV",IF(J20<3,"SHORT_INTERFACE","PASS")) | Z20: Di1、TVW均值、Di2均来自本Pair_ID；TVW=3–5法线平均 | AA20: 样品3
A21: 3(8)-P01 | B21: 3 (8).tif | C21: 3(8)-V02 | D21: =导管母表_1781!F163 | E21: =导管母表_1781!G163 | F21: 3(8)-V03 | G21: =导管母表_1781!F164 | H21: =导管母表_1781!G164 | I21: J42:J44 | J21: =COUNT(TVW线测量明细!J42:J44) | K21: =AVERAGE(TVW线测量明细!J42:J44) | L21: =MEDIAN(TVW线测量明细!J42:J44) | M21: =IF(J21>1,STDEV(TVW线测量明细!J42:J44),0) | N21: =IF(K21=0,"",M21/K21*100) | O21: 2.9003618 | P21: =IF(O21=0,"",(K21/O21-1)*100) | Q21: =(K21/E21)^2 | R21: =(K21/H21)^2 | S21: =AVERAGE(Q21,R21) | T21: =AVERAGE((O21/E21)^2,(O21/H21)^2) | U21: =IF(T21=0,"",(S21/T21-1)*100) | V21: =AVERAGE((L21/E21)^2,(L21/H21)^2) | W21: =IF(ABS(E21-汇总!B25)<=ABS(H21-汇总!B25),E21,H21) | X21: =(K21/W21)^2 | Y21: =IF(N21>10,"HIGH_TVW_CV",IF(J21<3,"SHORT_INTERFACE","PASS")) | Z21: Di1、TVW均值、Di2均来自本Pair_ID；TVW=3–5法线平均 | AA21: 样品3
A22: 3(9)-P01 | B22: 3 (9).tif | C22: 3(9)-V01 | D22: =导管母表_1781!F167 | E22: =导管母表_1781!G167 | F22: 3(9)-V02 | G22: =导管母表_1781!F168 | H22: =导管母表_1781!G168 | I22: J45:J47 | J22: =COUNT(TVW线测量明细!J45:J47) | K22: =AVERAGE(TVW线测量明细!J45:J47) | L22: =MEDIAN(TVW线测量明细!J45:J47) | M22: =IF(J22>1,STDEV(TVW线测量明细!J45:J47),0) | N22: =IF(K22=0,"",M22/K22*100) | O22: 4.9045714 | P22: =IF(O22=0,"",(K22/O22-1)*100) | Q22: =(K22/E22)^2 | R22: =(K22/H22)^2 | S22: =AVERAGE(Q22,R22) | T22: =AVERAGE((O22/E22)^2,(O22/H22)^2) | U22: =IF(T22=0,"",(S22/T22-1)*100) | V22: =AVERAGE((L22/E22)^2,(L22/H22)^2) | W22: =IF(ABS(E22-汇总!B25)<=ABS(H22-汇总!B25),E22,H22) | X22: =(K22/W22)^2 | Y22: =IF(N22>10,"HIGH_TVW_CV",IF(J22<3,"SHORT_INTERFACE","PASS")) | Z22: Di1、TVW均值、Di2均来自本Pair_ID；TVW=3–5法线平均 | AA22: 样品3
A23: 4(1)-P01 | B23: 4 (1).tif | C23: 4(1)-V01 | D23: =导管母表_1781!F175 | E23: =导管母表_1781!G175 | F23: 4(1)-V02 | G23: =导管母表_1781!F176 | H23: =导管母表_1781!G176 | I23: J48:J49 | J23: =COUNT(TVW线测量明细!J48:J49) | K23: =AVERAGE(TVW线测量明细!J48:J49) | L23: =MEDIAN(TVW线测量明细!J48:J49) | M23: =IF(J23>1,STDEV(TVW线测量明细!J48:J49),0) | N23: =IF(K23=0,"",M23/K23*100) | O23: 5.0563928 | P23: =IF(O23=0,"",(K23/O23-1)*100) | Q23: =(K23/E23)^2 | R23: =(K23/H23)^2 | S23: =AVERAGE(Q23,R23) | T23: =AVERAGE((O23/E23)^2,(O23/H23)^2) | U23: =IF(T23=0,"",(S23/T23-1)*100) | V23: =AVERAGE((L23/E23)^2,(L23/H23)^2) | W23: =IF(ABS(E23-汇总!B25)<=ABS(H23-汇总!B25),E23,H23) | X23: =(K23/W23)^2 | Y23: =IF(N23>10,"HIGH_TVW_CV",IF(J23<3,"SHORT_INTERFACE","PASS")) | Z23: Di1、TVW均值、Di2均来自本Pair_ID；TVW=3–5法线平均 | AA23: 样品4
A24: 4(2)-P01 | B24: 4 (2).tif | C24: 4(2)-V01 | D24: =导管母表_1781!F180 | E24: =导管母表_1781!G180 | F24: 4(2)-V02 | G24: =导管母表_1781!F181 | H24: =导管母表_1781!G181 | I24: J50:J51 | J24: =COUNT(TVW线测量明细!J50:J51) | K24: =AVERAGE(TVW线测量明细!J50:J51) | L24: =MEDIAN(TVW线测量明细!J50:J51) | M24: =IF(J24>1,STDEV(TVW线测量明细!J50:J51),0) | N24: =IF(K24=0,"",M24/K24*100) | O24: 8.183274 | P24: =IF(O24=0,"",(K24/O24-1)*100) | Q24: =(K24/E24)^2 | R24: =(K24/H24)^2 | S24: =AVERAGE(Q24,R24) | T24: =AVERAGE((O24/E24)^2,(O24/H24)^2) | U24: =IF(T24=0,"",(S24/T24-1)*100) | V24: =AVERAGE((L24/E24)^2,(L24/H24)^2) | W24: =IF(ABS(E24-汇总!B25)<=ABS(H24-汇总!B25),E24,H24) | X24: =(K24/W24)^2 | Y24: =IF(N24>10,"HIGH_TVW_CV",IF(J24<3,"SHORT_INTERFACE","PASS")) | Z24: Di1、TVW均值、Di2均来自本Pair_ID；TVW=3–5法线平均 | AA24: 样品4
A25: 4(4)-P01 | B25: 4 (4).tif | C25: 4(4)-V01 | D25: =导管母表_1781!F187 | E25: =导管母表_1781!G187 | F25: 4(4)-V02 | G25: =导管母表_1781!F188 | H25: =导管母表_1781!G188 | I25: J52:J54 | J25: =COUNT(TVW线测量明细!J52:J54) | K25: =AVERAGE(TVW线测量明细!J52:J54) | L25: =MEDIAN(TVW线测量明细!J52:J54) | M25: =IF(J25>1,STDEV(TVW线测量明细!J52:J54),0) | N25: =IF(K25=0,"",M25/K25*100) | O25: 7.7593775 | P25: =IF(O25=0,"",(K25/O25-1)*100) | Q25: =(K25/E25)^2 | R25: =(K25/H25)^2 | S25: =AVERAGE(Q25,R25) | T25: =AVERAGE((O25/E25)^2,(O25/H25)^2) | U25: =IF(T25=0,"",(S25/T25-1)*100) | V25: =AVERAGE((L25/E25)^2,(L25/H25)^2) | W25: =IF(ABS(E25-汇总!B25)<=ABS(H25-汇总!B25),E25,H25) | X25: =(K25/W25)^2 | Y25: =IF(N25>10,"HIGH_TVW_CV",IF(J25<3,"SHORT_INTERFACE","PASS")) | Z25: Di1、TVW均值、Di2均来自本Pair_ID；TVW=3–5法线平均 | AA25: 样品4
A26: 4(6)-P01 | B26: 4 (6).tif | C26: 4(6)-V01 | D26: =导管母表_1781!F198 | E26: =导管母表_1781!G198 | F26: 4(6)-V02 | G26: =导管母表_1781!F199 | H26: =导管母表_1781!G199 | I26: J55:J57 | J26: =COUNT(TVW线测量明细!J55:J57) | K26: =AVERAGE(TVW线测量明细!J55:J57) | L26: =MEDIAN(TVW线测量明细!J55:J57) | M26: =IF(J26>1,STDEV(TVW线测量明细!J55:J57),0) | N26: =IF(K26=0,"",M26/K26*100) | O26: 5.6396182 | P26: =IF(O26=0,"",(K26/O26-1)*100) | Q26: =(K26/E26)^2 | R26: =(K26/H26)^2 | S26: =AVERAGE(Q26,R26) | T26: =AVERAGE((O26/E26)^2,(O26/H26)^2) | U26: =IF(T26=0,"",(S26/T26-1)*100) | V26: =AVERAGE((L26/E26)^2,(L26/H26)^2) | W26: =IF(ABS(E26-汇总!B25)<=ABS(H26-汇总!B25),E26,H26) | X26: =(K26/W26)^2 | Y26: =IF(N26>10,"HIGH_TVW_CV",IF(J26<3,"SHORT_INTERFACE","PASS")) | Z26: Di1、TVW均值、Di2均来自本Pair_ID；TVW=3–5法线平均 | AA26: 样品4
A27: 5(2)-P01 | B27: 5 (2).tif | C27: 5(2)-V02 | D27: =导管母表_1781!F219 | E27: =导管母表_1781!G219 | F27: 5(2)-V03 | G27: =导管母表_1781!F220 | H27: =导管母表_1781!G220 | I27: J58:J59 | J27: =COUNT(TVW线测量明细!J58:J59) | K27: =AVERAGE(TVW线测量明细!J58:J59) | L27: =MEDIAN(TVW线测量明细!J58:J59) | M27: =IF(J27>1,STDEV(TVW线测量明细!J58:J59),0) | N27: =IF(K27=0,"",M27/K27*100) | O27: 3.2897274 | P27: =IF(O27=0,"",(K27/O27-1)*100) | Q27: =(K27/E27)^2 | R27: =(K27/H27)^2 | S27: =AVERAGE(Q27,R27) | T27: =AVERAGE((O27/E27)^2,(O27/H27)^2) | U27: =IF(T27=0,"",(S27/T27-1)*100) | V27: =AVERAGE((L27/E27)^2,(L27/H27)^2) | W27: =IF(ABS(E27-汇总!B25)<=ABS(H27-汇总!B25),E27,H27) | X27: =(K27/W27)^2 | Y27: =IF(N27>10,"HIGH_TVW_CV",IF(J27<3,"SHORT_INTERFACE","PASS")) | Z27: Di1、TVW均值、Di2均来自本Pair_ID；TVW=3–5法线平均 | AA27: 样品5
A28: 5(3)-P01 | B28: 5 (3).tif | C28: 5(3)-V03 | D28: =导管母表_1781!F227 | E28: =导管母表_1781!G227 | F28: 5(3)-V04 | G28: =导管母表_1781!F228 | H28: =导管母表_1781!G228 | I28: J60:J61 | J28: =COUNT(TVW线测量明细!J60:J61) | K28: =AVERAGE(TVW线测量明细!J60:J61) | L28: =MEDIAN(TVW线测量明细!J60:J61) | M28: =IF(J28>1,STDEV(TVW线测量明细!J60:J61),0) | N28: =IF(K28=0,"",M28/K28*100) | O28: 6.1487546 | P28: =IF(O28=0,"",(K28/O28-1)*100) | Q28: =(K28/E28)^2 | R28: =(K28/H28)^2 | S28: =AVERAGE(Q28,R28) | T28: =AVERAGE((O28/E28)^2,(O28/H28)^2) | U28: =IF(T28=0,"",(S28/T28-1)*100) | V28: =AVERAGE((L28/E28)^2,(L28/H28)^2) | W28: =IF(ABS(E28-汇总!B25)<=ABS(H28-汇总!B25),E28,H28) | X28: =(K28/W28)^2 | Y28: =IF(N28>10,"HIGH_TVW_CV",IF(J28<3,"SHORT_INTERFACE","PASS")) | Z28: Di1、TVW均值、Di2均来自本Pair_ID；TVW=3–5法线平均 | AA28: 样品5
A29: 6(1)-P01 | B29: 6 (1).tif | C29: 6(1)-V02 | D29: =导管母表_1781!F247 | E29: =导管母表_1781!G247 | F29: 6(1)-V03 | G29: =导管母表_1781!F248 | H29: =导管母表_1781!G248 | I29: J62:J63 | J29: =COUNT(TVW线测量明细!J62:J63) | K29: =AVERAGE(TVW线测量明细!J62:J63) | L29: =MEDIAN(TVW线测量明细!J62:J63) | M29: =IF(J29>1,STDEV(TVW线测量明细!J62:J63),0) | N29: =IF(K29=0,"",M29/K29*100) | O29: 2.653599 | P29: =IF(O29=0,"",(K29/O29-1)*100) | Q29: =(K29/E29)^2 | R29: =(K29/H29)^2 | S29: =AVERAGE(Q29,R29) | T29: =AVERAGE((O29/E29)^2,(O29/H29)^2) | U29: =IF(T29=0,"",(S29/T29-1)*100) | V29: =AVERAGE((L29/E29)^2,(L29/H29)^2) | W29: =IF(ABS(E29-汇总!B25)<=ABS(H29-汇总!B25),E29,H29) | X29: =(K29/W29)^2 | Y29: =IF(N29>10,"HIGH_TVW_CV",IF(J29<3,"SHORT_INTERFACE","PASS")) | Z29: Di1、TVW均值、Di2均来自本Pair_ID；TVW=3–5法线平均 | AA29: 样品6
A30: 6(3)-P01 | B30: 6 (3).tif | C30: 6(3)-V01 | D30: =导管母表_1781!F258 | E30: =导管母表_1781!G258 | F30: 6(3)-V02 | G30: =导管母表_1781!F259 | H30: =导管母表_1781!G259 | I30: J64:J65 | J30: =COUNT(TVW线测量明细!J64:J65) | K30: =AVERAGE(TVW线测量明细!J64:J65) | L30: =MEDIAN(TVW线测量明细!J64:J65) | M30: =IF(J30>1,STDEV(TVW线测量明细!J64:J65),0) | N30: =IF(K30=0,"",M30/K30*100) | O30: 5.2579942 | P30: =IF(O30=0,"",(K30/O30-1)*100) | Q30: =(K30/E30)^2 | R30: =(K30/H30)^2 | S30: =AVERAGE(Q30,R30) | T30: =AVERAGE((O30/E30)^2,(O30/H30)^2) | U30: =IF(T30=0,"",(S30/T30-1)*100) | V30: =AVERAGE((L30/E30)^2,(L30/H30)^2) | W30: =IF(ABS(E30-汇总!B25)<=ABS(H30-汇总!B25),E30,H30) | X30: =(K30/W30)^2 | Y30: =IF(N30>10,"HIGH_TVW_CV",IF(J30<3,"SHORT_INTERFACE","PASS")) | Z30: Di1、TVW均值、Di2均来自本Pair_ID；TVW=3–5法线平均 | AA30: 样品6
A31: 6(4)-P01 | B31: 6 (4).tif | C31: 6(4)-V01 | D31: =导管母表_1781!F263 | E31: =导管母表_1781!G263 | F31: 6(4)-V02 | G31: =导管母表_1781!F264 | H31: =导管母表_1781!G264 | I31: J66:J68 | J31: =COUNT(TVW线测量明细!J66:J68) | K31: =AVERAGE(TVW线测量明细!J66:J68) | L31: =MEDIAN(TVW线测量明细!J66:J68) | M31: =IF(J31>1,STDEV(TVW线测量明细!J66:J68),0) | N31: =IF(K31=0,"",M31/K31*100) | O31: 6.6259785 | P31: =IF(O31=0,"",(K31/O31-1)*100) | Q31: =(K31/E31)^2 | R31: =(K31/H31)^2 | S31: =AVERAGE(Q31,R31) | T31: =AVERAGE((O31/E31)^2,(O31/H31)^2) | U31: =IF(T31=0,"",(S31/T31-1)*100) | V31: =AVERAGE((L31/E31)^2,(L31/H31)^2) | W31: =IF(ABS(E31-汇总!B25)<=ABS(H31-汇总!B25),E31,H31) | X31: =(K31/W31)^2 | Y31: =IF(N31>10,"HIGH_TVW_CV",IF(J31<3,"SHORT_INTERFACE","PASS")) | Z31: Di1、TVW均值、Di2均来自本Pair_ID；TVW=3–5法线平均 | AA31: 样品6
A32: 6(7)-P01 | B32: 6 (7).tif | C32: 6(7)-V03 | D32: =导管母表_1781!F284 | E32: =导管母表_1781!G284 | F32: 6(7)-V05 | G32: =导管母表_1781!F286 | H32: =导管母表_1781!G286 | I32: J69:J71 | J32: =COUNT(TVW线测量明细!J69:J71) | K32: =AVERAGE(TVW线测量明细!J69:J71) | L32: =MEDIAN(TVW线测量明细!J69:J71) | M32: =IF(J32>1,STDEV(TVW线测量明细!J69:J71),0) | N32: =IF(K32=0,"",M32/K32*100) | O32: 3.0279105 | P32: =IF(O32=0,"",(K32/O32-1)*100) | Q32: =(K32/E32)^2 | R32: =(K32/H32)^2 | S32: =AVERAGE(Q32,R32) | T32: =AVERAGE((O32/E32)^2,(O32/H32)^2) | U32: =IF(T32=0,"",(S32/T32-1)*100) | V32: =AVERAGE((L32/E32)^2,(L32/H32)^2) | W32: =IF(ABS(E32-汇总!B25)<=ABS(H32-汇总!B25),E32,H32) | X32: =(K32/W32)^2 | Y32: =IF(N32>10,"HIGH_TVW_CV",IF(J32<3,"SHORT_INTERFACE","PASS")) | Z32: Di1、TVW均值、Di2均来自本Pair_ID；TVW=3–5法线平均 | AA32: 样品6
A33: 6(9)-P01 | B33: 6 (9).tif | C33: 6(9)-V03 | D33: =导管母表_1781!F296 | E33: =导管母表_1781!G296 | F33: 6(9)-V05 | G33: =导管母表_1781!F298 | H33: =导管母表_1781!G298 | I33: J72:J74 | J33: =COUNT(TVW线测量明细!J72:J74) | K33: =AVERAGE(TVW线测量明细!J72:J74) | L33: =MEDIAN(TVW线测量明细!J72:J74) | M33: =IF(J33>1,STDEV(TVW线测量明细!J72:J74),0) | N33: =IF(K33=0,"",M33/K33*100) | O33: 13.305342 | P33: =IF(O33=0,"",(K33/O33-1)*100) | Q33: =(K33/E33)^2 | R33: =(K33/H33)^2 | S33: =AVERAGE(Q33,R33) | T33: =AVERAGE((O33/E33)^2,(O33/H33)^2) | U33: =IF(T33=0,"",(S33/T33-1)*100) | V33: =AVERAGE((L33/E33)^2,(L33/H33)^2) | W33: =IF(ABS(E33-汇总!B25)<=ABS(H33-汇总!B25),E33,H33) | X33: =(K33/W33)^2 | Y33: =IF(N33>10,"HIGH_TVW_CV",IF(J33<3,"SHORT_INTERFACE","PASS")) | Z33: Di1、TVW均值、Di2均来自本Pair_ID；TVW=3–5法线平均 | AA33: 样品6
A34: 6(10)-P01 | B34: 6 (10).tif | C34: 6(10)-V01 | D34: =导管母表_1781!F302 | E34: =导管母表_1781!G302 | F34: 6(10)-V02 | G34: =导管母表_1781!F303 | H34: =导管母表_1781!G303 | I34: J75:J77 | J34: =COUNT(TVW线测量明细!J75:J77) | K34: =AVERAGE(TVW线测量明细!J75:J77) | L34: =MEDIAN(TVW线测量明细!J75:J77) | M34: =IF(J34>1,STDEV(TVW线测量明细!J75:J77),0) | N34: =IF(K34=0,"",M34/K34*100) | O34: 6.4231681 | P34: =IF(O34=0,"",(K34/O34-1)*100) | Q34: =(K34/E34)^2 | R34: =(K34/H34)^2 | S34: =AVERAGE(Q34,R34) | T34: =AVERAGE((O34/E34)^2,(O34/H34)^2) | U34: =IF(T34=0,"",(S34/T34-1)*100) | V34: =AVERAGE((L34/E34)^2,(L34/H34)^2) | W34: =IF(ABS(E34-汇总!B25)<=ABS(H34-汇总!B25),E34,H34) | X34: =(K34/W34)^2 | Y34: =IF(N34>10,"HIGH_TVW_CV",IF(J34<3,"SHORT_INTERFACE","PASS")) | Z34: Di1、TVW均值、Di2均来自本Pair_ID；TVW=3–5法线平均 | AA34: 样品6
A35: 6(11)-P01 | B35: 6 (11).tif | C35: 6(11)-V01 | D35: =导管母表_1781!F308 | E35: =导管母表_1781!G308 | F35: 6(11)-V03 | G35: =导管母表_1781!F310 | H35: =导管母表_1781!G310 | I35: J78:J80 | J35: =COUNT(TVW线测量明细!J78:J80) | K35: =AVERAGE(TVW线测量明细!J78:J80) | L35: =MEDIAN(TVW线测量明细!J78:J80) | M35: =IF(J35>1,STDEV(TVW线测量明细!J78:J80),0) | N35: =IF(K35=0,"",M35/K35*100) | O35: 3.9130435 | P35: =IF(O35=0,"",(K35/O35-1)*100) | Q35: =(K35/E35)^2 | R35: =(K35/H35)^2 | S35: =AVERAGE(Q35,R35) | T35: =AVERAGE((O35/E35)^2,(O35/H35)^2) | U35: =IF(T35=0,"",(S35/T35-1)*100) | V35: =AVERAGE((L35/E35)^2,(L35/H35)^2) | W35: =IF(ABS(E35-汇总!B25)<=ABS(H35-汇总!B25),E35,H35) | X35: =(K35/W35)^2 | Y35: =IF(N35>10,"HIGH_TVW_CV",IF(J35<3,"SHORT_INTERFACE","PASS")) | Z35: Di1、TVW均值、Di2均来自本Pair_ID；TVW=3–5法线平均 | AA35: 样品6
A36: 6(12)-P01 | B36: 6 (12).tif | C36: 6(12)-V01 | D36: =导管母表_1781!F315 | E36: =导管母表_1781!G315 | F36: 6(12)-V03 | G36: =导管母表_1781!F317 | H36: =导管母表_1781!G317 | I36: J81:J83 | J36: =COUNT(TVW线测量明细!J81:J83) | K36: =AVERAGE(TVW线测量明细!J81:J83) | L36: =MEDIAN(TVW线测量明细!J81:J83) | M36: =IF(J36>1,STDEV(TVW线测量明细!J81:J83),0) | N36: =IF(K36=0,"",M36/K36*100) | O36: 5.8494018 | P36: =IF(O36=0,"",(K36/O36-1)*100) | Q36: =(K36/E36)^2 | R36: =(K36/H36)^2 | S36: =AVERAGE(Q36,R36) | T36: =AVERAGE((O36/E36)^2,(O36/H36)^2) | U36: =IF(T36=0,"",(S36/T36-1)*100) | V36: =AVERAGE((L36/E36)^2,(L36/H36)^2) | W36: =IF(ABS(E36-汇总!B25)<=ABS(H36-汇总!B25),E36,H36) | X36: =(K36/W36)^2 | Y36: =IF(N36>10,"HIGH_TVW_CV",IF(J36<3,"SHORT_INTERFACE","PASS")) | Z36: Di1、TVW均值、Di2均来自本Pair_ID；TVW=3–5法线平均 | AA36: 样品6
A37: 7(1)-P01 | B37: 7 (1).tif | C37: 7(1)-V01 | D37: =导管母表_1781!F333 | E37: =导管母表_1781!G333 | F37: 7(1)-V02 | G37: =导管母表_1781!F334 | H37: =导管母表_1781!G334 | I37: J84:J85 | J37: =COUNT(TVW线测量明细!J84:J85) | K37: =AVERAGE(TVW线测量明细!J84:J85) | L37: =MEDIAN(TVW线测量明细!J84:J85) | M37: =IF(J37>1,STDEV(TVW线测量明细!J84:J85),0) | N37: =IF(K37=0,"",M37/K37*100) | O37: 4.0084976 | P37: =IF(O37=0,"",(K37/O37-1)*100) | Q37: =(K37/E37)^2 | R37: =(K37/H37)^2 | S37: =AVERAGE(Q37,R37) | T37: =AVERAGE((O37/E37)^2,(O37/H37)^2) | U37: =IF(T37=0,"",(S37/T37-1)*100) | V37: =AVERAGE((L37/E37)^2,(L37/H37)^2) | W37: =IF(ABS(E37-汇总!B25)<=ABS(H37-汇总!B25),E37,H37) | X37: =(K37/W37)^2 | Y37: =IF(N37>10,"HIGH_TVW_CV",IF(J37<3,"SHORT_INTERFACE","PASS")) | Z37: Di1、TVW均值、Di2均来自本Pair_ID；TVW=3–5法线平均 | AA37: 样品7
A38: 7(4)-P01 | B38: 7 (4).tif | C38: 7(4)-V01 | D38: =导管母表_1781!F347 | E38: =导管母表_1781!G347 | F38: 7(4)-V02 | G38: =导管母表_1781!F348 | H38: =导管母表_1781!G348 | I38: J86:J88 | J38: =COUNT(TVW线测量明细!J86:J88) | K38: =AVERAGE(TVW线测量明细!J86:J88) | L38: =MEDIAN(TVW线测量明细!J86:J88) | M38: =IF(J38>1,STDEV(TVW线测量明细!J86:J88),0) | N38: =IF(K38=0,"",M38/K38*100) | O38: 7.993381 | P38: =IF(O38=0,"",(K38/O38-1)*100) | Q38: =(K38/E38)^2 | R38: =(K38/H38)^2 | S38: =AVERAGE(Q38,R38) | T38: =AVERAGE((O38/E38)^2,(O38/H38)^2) | U38: =IF(T38=0,"",(S38/T38-1)*100) | V38: =AVERAGE((L38/E38)^2,(L38/H38)^2) | W38: =IF(ABS(E38-汇总!B25)<=ABS(H38-汇总!B25),E38,H38) | X38: =(K38/W38)^2 | Y38: =IF(N38>10,"HIGH_TVW_CV",IF(J38<3,"SHORT_INTERFACE","PASS")) | Z38: Di1、TVW均值、Di2均来自本Pair_ID；TVW=3–5法线平均 | AA38: 样品7
A39: 7(7)-P01 | B39: 7 (7).tif | C39: 7(7)-V01 | D39: =导管母表_1781!F358 | E39: =导管母表_1781!G358 | F39: 7(7)-V02 | G39: =导管母表_1781!F359 | H39: =导管母表_1781!G359 | I39: J89:J91 | J39: =COUNT(TVW线测量明细!J89:J91) | K39: =AVERAGE(TVW线测量明细!J89:J91) | L39: =MEDIAN(TVW线测量明细!J89:J91) | M39: =IF(J39>1,STDEV(TVW线测量明细!J89:J91),0) | N39: =IF(K39=0,"",M39/K39*100) | O39: 6.822763 | P39: =IF(O39=0,"",(K39/O39-1)*100) | Q39: =(K39/E39)^2 | R39: =(K39/H39)^2 | S39: =AVERAGE(Q39,R39) | T39: =AVERAGE((O39/E39)^2,(O39/H39)^2) | U39: =IF(T39=0,"",(S39/T39-1)*100) | V39: =AVERAGE((L39/E39)^2,(L39/H39)^2) | W39: =IF(ABS(E39-汇总!B25)<=ABS(H39-汇总!B25),E39,H39) | X39: =(K39/W39)^2 | Y39: =IF(N39>10,"HIGH_TVW_CV",IF(J39<3,"SHORT_INTERFACE","PASS")) | Z39: Di1、TVW均值、Di2均来自本Pair_ID；TVW=3–5法线平均 | AA39: 样品7
A40: 8(7)-P01 | B40: 8 (7).tif | C40: 8(7)-V01 | D40: =导管母表_1781!F391 | E40: =导管母表_1781!G391 | F40: 8(7)-V02 | G40: =导管母表_1781!F392 | H40: =导管母表_1781!G392 | I40: J92:J93 | J40: =COUNT(TVW线测量明细!J92:J93) | K40: =AVERAGE(TVW线测量明细!J92:J93) | L40: =MEDIAN(TVW线测量明细!J92:J93) | M40: =IF(J40>1,STDEV(TVW线测量明细!J92:J93),0) | N40: =IF(K40=0,"",M40/K40*100) | O40: 4.8268703 | P40: =IF(O40=0,"",(K40/O40-1)*100) | Q40: =(K40/E40)^2 | R40: =(K40/H40)^2 | S40: =AVERAGE(Q40,R40) | T40: =AVERAGE((O40/E40)^2,(O40/H40)^2) | U40: =IF(T40=0,"",(S40/T40-1)*100) | V40: =AVERAGE((L40/E40)^2,(L40/H40)^2) | W40: =IF(ABS(E40-汇总!B25)<=ABS(H40-汇总!B25),E40,H40) | X40: =(K40/W40)^2 | Y40: =IF(N40>10,"HIGH_TVW_CV",IF(J40<3,"SHORT_INTERFACE","PASS")) | Z40: Di1、TVW均值、Di2均来自本Pair_ID；TVW=3–5法线平均 | AA40: 样品8
A41: 9(3)-P01 | B41: 9 (3).tif | C41: 9(3)-V01 | D41: =导管母表_1781!F405 | E41: =导管母表_1781!G405 | F41: 9(3)-V02 | G41: =导管母表_1781!F406 | H41: =导管母表_1781!G406 | I41: J94:J94 | J41: =COUNT(TVW线测量明细!J94:J94) | K41: =AVERAGE(TVW线测量明细!J94:J94) | L41: =MEDIAN(TVW线测量明细!J94:J94) | M41: =IF(J41>1,STDEV(TVW线测量明细!J94:J94),0) | N41: =IF(K41=0,"",M41/K41*100) | O41: 5.7762305 | P41: =IF(O41=0,"",(K41/O41-1)*100) | Q41: =(K41/E41)^2 | R41: =(K41/H41)^2 | S41: =AVERAGE(Q41,R41) | T41: =AVERAGE((O41/E41)^2,(O41/H41)^2) | U41: =IF(T41=0,"",(S41/T41-1)*100) | V41: =AVERAGE((L41/E41)^2,(L41/H41)^2) | W41: =IF(ABS(E41-汇总!B25)<=ABS(H41-汇总!B25),E41,H41) | X41: =(K41/W41)^2 | Y41: =IF(N41>10,"HIGH_TVW_CV",IF(J41<3,"SHORT_INTERFACE","PASS")) | Z41: Di1、TVW均值、Di2均来自本Pair_ID；TVW=3–5法线平均 | AA41: 样品9
A42: 9(4)-P01 | B42: 9 (4).tif | C42: 9(4)-V02 | D42: =导管母表_1781!F412 | E42: =导管母表_1781!G412 | F42: 9(4)-V05 | G42: =导管母表_1781!F415 | H42: =导管母表_1781!G415 | I42: J95:J97 | J42: =COUNT(TVW线测量明细!J95:J97) | K42: =AVERAGE(TVW线测量明细!J95:J97) | L42: =MEDIAN(TVW线测量明细!J95:J97) | M42: =IF(J42>1,STDEV(TVW线测量明细!J95:J97),0) | N42: =IF(K42=0,"",M42/K42*100) | O42: 12.035314 | P42: =IF(O42=0,"",(K42/O42-1)*100) | Q42: =(K42/E42)^2 | R42: =(K42/H42)^2 | S42: =AVERAGE(Q42,R42) | T42: =AVERAGE((O42/E42)^2,(O42/H42)^2) | U42: =IF(T42=0,"",(S42/T42-1)*100) | V42: =AVERAGE((L42/E42)^2,(L42/H42)^2) | W42: =IF(ABS(E42-汇总!B25)<=ABS(H42-汇总!B25),E42,H42) | X42: =(K42/W42)^2 | Y42: =IF(N42>10,"HIGH_TVW_CV",IF(J42<3,"SHORT_INTERFACE","PASS")) | Z42: Di1、TVW均值、Di2均来自本Pair_ID；TVW=3–5法线平均 | AA42: 样品9
A43: 9(5)-P01 | B43: 9 (5).tif | C43: 9(5)-V01 | D43: =导管母表_1781!F417 | E43: =导管母表_1781!G417 | F43: 9(5)-V02 | G43: =导管母表_1781!F418 | H43: =导管母表_1781!G418 | I43: J98:J100 | J43: =COUNT(TVW线测量明细!J98:J100) | K43: =AVERAGE(TVW线测量明细!J98:J100) | L43: =MEDIAN(TVW线测量明细!J98:J100) | M43: =IF(J43>1,STDEV(TVW线测量明细!J98:J100),0) | N43: =IF(K43=0,"",M43/K43*100) | O43: 6.3193225 | P43: =IF(O43=0,"",(K43/O43-1)*100) | Q43: =(K43/E43)^2 | R43: =(K43/H43)^2 | S43: =AVERAGE(Q43,R43) | T43: =AVERAGE((O43/E43)^2,(O43/H43)^2) | U43: =IF(T43=0,"",(S43/T43-1)*100) | V43: =AVERAGE((L43/E43)^2,(L43/H43)^2) | W43: =IF(ABS(E43-汇总!B25)<=ABS(H43-汇总!B25),E43,H43) | X43: =(K43/W43)^2 | Y43: =IF(N43>10,"HIGH_TVW_CV",IF(J43<3,"SHORT_INTERFACE","PASS")) | Z43: Di1、TVW均值、Di2均来自本Pair_ID；TVW=3–5法线平均 | AA43: 样品9
A44: 9(6)-P01 | B44: 9 (6).tif | C44: 9(6)-V01 | D44: =导管母表_1781!F423 | E44: =导管母表_1781!G423 | F44: 9(6)-V02 | G44: =导管母表_1781!F424 | H44: =导管母表_1781!G424 | I44: J101:J102 | J44: =COUNT(TVW线测量明细!J101:J102) | K44: =AVERAGE(TVW线测量明细!J101:J102) | L44: =MEDIAN(TVW线测量明细!J101:J102) | M44: =IF(J44>1,STDEV(TVW线测量明细!J101:J102),0) | N44: =IF(K44=0,"",M44/K44*100) | O44: 6.8054243 | P44: =IF(O44=0,"",(K44/O44-1)*100) | Q44: =(K44/E44)^2 | R44: =(K44/H44)^2 | S44: =AVERAGE(Q44,R44) | T44: =AVERAGE((O44/E44)^2,(O44/H44)^2) | U44: =IF(T44=0,"",(S44/T44-1)*100) | V44: =AVERAGE((L44/E44)^2,(L44/H44)^2) | W44: =IF(ABS(E44-汇总!B25)<=ABS(H44-汇总!B25),E44,H44) | X44: =(K44/W44)^2 | Y44: =IF(N44>10,"HIGH_TVW_CV",IF(J44<3,"SHORT_INTERFACE","PASS")) | Z44: Di1、TVW均值、Di2均来自本Pair_ID；TVW=3–5法线平均 | AA44: 样品9
A45: 10(3)-P01 | B45: 10 (3).tif | C45: 10(3)-V01 | D45: =导管母表_1781!F457 | E45: =导管母表_1781!G457 | F45: 10(3)-V04 | G45: =导管母表_1781!F460 | H45: =导管母表_1781!G460 | I45: J103:J104 | J45: =COUNT(TVW线测量明细!J103:J104) | K45: =AVERAGE(TVW线测量明细!J103:J104) | L45: =MEDIAN(TVW线测量明细!J103:J104) | M45: =IF(J45>1,STDEV(TVW线测量明细!J103:J104),0) | N45: =IF(K45=0,"",M45/K45*100) | O45: 3.5984664 | P45: =IF(O45=0,"",(K45/O45-1)*100) | Q45: =(K45/E45)^2 | R45: =(K45/H45)^2 | S45: =AVERAGE(Q45,R45) | T45: =AVERAGE((O45/E45)^2,(O45/H45)^2) | U45: =IF(T45=0,"",(S45/T45-1)*100) | V45: =AVERAGE((L45/E45)^2,(L45/H45)^2) | W45: =IF(ABS(E45-汇总!B25)<=ABS(H45-汇总!B25),E45,H45) | X45: =(K45/W45)^2 | Y45: =IF(N45>10,"HIGH_TVW_CV",IF(J45<3,"SHORT_INTERFACE","PASS")) | Z45: Di1、TVW均值、Di2均来自本Pair_ID；TVW=3–5法线平均 | AA45: 样品10
A46: 11(2)-P01 | B46: 11 (2).tif | C46: 11(2)-V01 | D46: =导管母表_1781!F484 | E46: =导管母表_1781!G484 | F46: 11(2)-V02 | G46: =导管母表_1781!F485 | H46: =导管母表_1781!G485 | I46: J105:J107 | J46: =COUNT(TVW线测量明细!J105:J107) | K46: =AVERAGE(TVW线测量明细!J105:J107) | L46: =MEDIAN(TVW线测量明细!J105:J107) | M46: =IF(J46>1,STDEV(TVW线测量明细!J105:J107),0) | N46: =IF(K46=0,"",M46/K46*100) | O46: 5.018868 | P46: =IF(O46=0,"",(K46/O46-1)*100) | Q46: =(K46/E46)^2 | R46: =(K46/H46)^2 | S46: =AVERAGE(Q46,R46) | T46: =AVERAGE((O46/E46)^2,(O46/H46)^2) | U46: =IF(T46=0,"",(S46/T46-1)*100) | V46: =AVERAGE((L46/E46)^2,(L46/H46)^2) | W46: =IF(ABS(E46-汇总!B25)<=ABS(H46-汇总!B25),E46,H46) | X46: =(K46/W46)^2 | Y46: =IF(N46>10,"HIGH_TVW_CV",IF(J46<3,"SHORT_INTERFACE","PASS")) | Z46: Di1、TVW均值、Di2均来自本Pair_ID；TVW=3–5法线平均 | AA46: 样品11
A47: 11(7)-P01 | B47: 11 (7).tif | C47: 11(7)-V02 | D47: =导管母表_1781!F516 | E47: =导管母表_1781!G516 | F47: 11(7)-V03 | G47: =导管母表_1781!F517 | H47: =导管母表_1781!G517 | I47: J108:J110 | J47: =COUNT(TVW线测量明细!J108:J110) | K47: =AVERAGE(TVW线测量明细!J108:J110) | L47: =MEDIAN(TVW线测量明细!J108:J110) | M47: =IF(J47>1,STDEV(TVW线测量明细!J108:J110),0) | N47: =IF(K47=0,"",M47/K47*100) | O47: 5.8695652 | P47: =IF(O47=0,"",(K47/O47-1)*100) | Q47: =(K47/E47)^2 | R47: =(K47/H47)^2 | S47: =AVERAGE(Q47,R47) | T47: =AVERAGE((O47/E47)^2,(O47/H47)^2) | U47: =IF(T47=0,"",(S47/T47-1)*100) | V47: =AVERAGE((L47/E47)^2,(L47/H47)^2) | W47: =IF(ABS(E47-汇总!B25)<=ABS(H47-汇总!B25),E47,H47) | X47: =(K47/W47)^2 | Y47: =IF(N47>10,"HIGH_TVW_CV",IF(J47<3,"SHORT_INTERFACE","PASS")) | Z47: Di1、TVW均值、Di2均来自本Pair_ID；TVW=3–5法线平均 | AA47: 样品11
A48: 11(8)-P01 | B48: 11 (8).tif | C48: 11(8)-V02 | D48: =导管母表_1781!F524 | E48: =导管母表_1781!G524 | F48: 11(8)-V03 | G48: =导管母表_1781!F525 | H48: =导管母表_1781!G525 | I48: J111:J113 | J48: =COUNT(TVW线测量明细!J111:J113) | K48: =AVERAGE(TVW线测量明细!J111:J113) | L48: =MEDIAN(TVW线测量明细!J111:J113) | M48: =IF(J48>1,STDEV(TVW线测量明细!J111:J113),0) | N48: =IF(K48=0,"",M48/K48*100) | O48: 11.044249 | P48: =IF(O48=0,"",(K48/O48-1)*100) | Q48: =(K48/E48)^2 | R48: =(K48/H48)^2 | S48: =AVERAGE(Q48,R48) | T48: =AVERAGE((O48/E48)^2,(O48/H48)^2) | U48: =IF(T48=0,"",(S48/T48-1)*100) | V48: =AVERAGE((L48/E48)^2,(L48/H48)^2) | W48: =IF(ABS(E48-汇总!B25)<=ABS(H48-汇总!B25),E48,H48) | X48: =(K48/W48)^2 | Y48: =IF(N48>10,"HIGH_TVW_CV",IF(J48<3,"SHORT_INTERFACE","PASS")) | Z48: Di1、TVW均值、Di2均来自本Pair_ID；TVW=3–5法线平均 | AA48: 样品11
A49: 12(1)-P01 | B49: 12 (1).tif | C49: 12(1)-V08 | D49: =导管母表_1781!F538 | E49: =导管母表_1781!G538 | F49: 12(1)-V09 | G49: =导管母表_1781!F539 | H49: =导管母表_1781!G539 | I49: J114:J114 | J49: =COUNT(TVW线测量明细!J114:J114) | K49: =AVERAGE(TVW线测量明细!J114:J114) | L49: =MEDIAN(TVW线测量明细!J114:J114) | M49: =IF(J49>1,STDEV(TVW线测量明细!J114:J114),0) | N49: =IF(K49=0,"",M49/K49*100) | O49: 3.8460448 | P49: =IF(O49=0,"",(K49/O49-1)*100) | Q49: =(K49/E49)^2 | R49: =(K49/H49)^2 | S49: =AVERAGE(Q49,R49) | T49: =AVERAGE((O49/E49)^2,(O49/H49)^2) | U49: =IF(T49=0,"",(S49/T49-1)*100) | V49: =AVERAGE((L49/E49)^2,(L49/H49)^2) | W49: =IF(ABS(E49-汇总!B25)<=ABS(H49-汇总!B25),E49,H49) | X49: =(K49/W49)^2 | Y49: =IF(N49>10,"HIGH_TVW_CV",IF(J49<3,"SHORT_INTERFACE","PASS")) | Z49: Di1、TVW均值、Di2均来自本Pair_ID；TVW=3–5法线平均 | AA49: 样品12
A50: 12(4)-P01 | B50: 12 (4).tif | C50: 12(4)-V01 | D50: =导管母表_1781!F551 | E50: =导管母表_1781!G551 | F50: 12(4)-V02 | G50: =导管母表_1781!F552 | H50: =导管母表_1781!G552 | I50: J115:J117 | J50: =COUNT(TVW线测量明细!J115:J117) | K50: =AVERAGE(TVW线测量明细!J115:J117) | L50: =MEDIAN(TVW线测量明细!J115:J117) | M50: =IF(J50>1,STDEV(TVW线测量明细!J115:J117),0) | N50: =IF(K50=0,"",M50/K50*100) | O50: 3.937124 | P50: =IF(O50=0,"",(K50/O50-1)*100) | Q50: =(K50/E50)^2 | R50: =(K50/H50)^2 | S50: =AVERAGE(Q50,R50) | T50: =AVERAGE((O50/E50)^2,(O50/H50)^2) | U50: =IF(T50=0,"",(S50/T50-1)*100) | V50: =AVERAGE((L50/E50)^2,(L50/H50)^2) | W50: =IF(ABS(E50-汇总!B25)<=ABS(H50-汇总!B25),E50,H50) | X50: =(K50/W50)^2 | Y50: =IF(N50>10,"HIGH_TVW_CV",IF(J50<3,"SHORT_INTERFACE","PASS")) | Z50: Di1、TVW均值、Di2均来自本Pair_ID；TVW=3–5法线平均 | AA50: 样品12
A51: 13(5)-P01 | B51: 13 (5).tif | C51: 13(5)-V01 | D51: =导管母表_1781!F583 | E51: =导管母表_1781!G583 | F51: 13(5)-V03 | G51: =导管母表_1781!F585 | H51: =导管母表_1781!G585 | I51: J118:J118 | J51: =COUNT(TVW线测量明细!J118:J118) | K51: =AVERAGE(TVW线测量明细!J118:J118) | L51: =MEDIAN(TVW线测量明细!J118:J118) | M51: =IF(J51>1,STDEV(TVW线测量明细!J118:J118),0) | N51: =IF(K51=0,"",M51/K51*100) | O51: 4.6928333 | P51: =IF(O51=0,"",(K51/O51-1)*100) | Q51: =(K51/E51)^2 | R51: =(K51/H51)^2 | S51: =AVERAGE(Q51,R51) | T51: =AVERAGE((O51/E51)^2,(O51/H51)^2) | U51: =IF(T51=0,"",(S51/T51-1)*100) | V51: =AVERAGE((L51/E51)^2,(L51/H51)^2) | W51: =IF(ABS(E51-汇总!B25)<=ABS(H51-汇总!B25),E51,H51) | X51: =(K51/W51)^2 | Y51: =IF(N51>10,"HIGH_TVW_CV",IF(J51<3,"SHORT_INTERFACE","PASS")) | Z51: Di1、TVW均值、Di2均来自本Pair_ID；TVW=3–5法线平均 | AA51: 样品13
A52: 13(7)-P01 | B52: 13 (7).tif | C52: 13(7)-V02 | D52: =导管母表_1781!F593 | E52: =导管母表_1781!G593 | F52: 13(7)-V07 | G52: =导管母表_1781!F598 | H52: =导管母表_1781!G598 | I52: J119:J119 | J52: =COUNT(TVW线测量明细!J119:J119) | K52: =AVERAGE(TVW线测量明细!J119:J119) | L52: =MEDIAN(TVW线测量明细!J119:J119) | M52: =IF(J52>1,STDEV(TVW线测量明细!J119:J119),0) | N52: =IF(K52=0,"",M52/K52*100) | O52: 2.0042488 | P52: =IF(O52=0,"",(K52/O52-1)*100) | Q52: =(K52/E52)^2 | R52: =(K52/H52)^2 | S52: =AVERAGE(Q52,R52) | T52: =AVERAGE((O52/E52)^2,(O52/H52)^2) | U52: =IF(T52=0,"",(S52/T52-1)*100) | V52: =AVERAGE((L52/E52)^2,(L52/H52)^2) | W52: =IF(ABS(E52-汇总!B25)<=ABS(H52-汇总!B25),E52,H52) | X52: =(K52/W52)^2 | Y52: =IF(N52>10,"HIGH_TVW_CV",IF(J52<3,"SHORT_INTERFACE","PASS")) | Z52: Di1、TVW均值、Di2均来自本Pair_ID；TVW=3–5法线平均 | AA52: 样品13
A53: 14(8)-P01 | B53: 14 (8).tif | C53: 14(8)-V02 | D53: =导管母表_1781!F635 | E53: =导管母表_1781!G635 | F53: 14(8)-V03 | G53: =导管母表_1781!F636 | H53: =导管母表_1781!G636 | I53: J120:J121 | J53: =COUNT(TVW线测量明细!J120:J121) | K53: =AVERAGE(TVW线测量明细!J120:J121) | L53: =MEDIAN(TVW线测量明细!J120:J121) | M53: =IF(J53>1,STDEV(TVW线测量明细!J120:J121),0) | N53: =IF(K53=0,"",M53/K53*100) | O53: 13.409713 | P53: =IF(O53=0,"",(K53/O53-1)*100) | Q53: =(K53/E53)^2 | R53: =(K53/H53)^2 | S53: =AVERAGE(Q53,R53) | T53: =AVERAGE((O53/E53)^2,(O53/H53)^2) | U53: =IF(T53=0,"",(S53/T53-1)*100) | V53: =AVERAGE((L53/E53)^2,(L53/H53)^2) | W53: =IF(ABS(E53-汇总!B25)<=ABS(H53-汇总!B25),E53,H53) | X53: =(K53/W53)^2 | Y53: =IF(N53>10,"HIGH_TVW_CV",IF(J53<3,"SHORT_INTERFACE","PASS")) | Z53: Di1、TVW均值、Di2均来自本Pair_ID；TVW=3–5法线平均 | AA53: 样品14
A54: 15(8)-P01 | B54: 15 (8).tif | C54: 15(8)-V01 | D54: =导管母表_1781!F672 | E54: =导管母表_1781!G672 | F54: 15(8)-V02 | G54: =导管母表_1781!F673 | H54: =导管母表_1781!G673 | I54: J122:J124 | J54: =COUNT(TVW线测量明细!J122:J124) | K54: =AVERAGE(TVW线测量明细!J122:J124) | L54: =MEDIAN(TVW线测量明细!J122:J124) | M54: =IF(J54>1,STDEV(TVW线测量明细!J122:J124),0) | N54: =IF(K54=0,"",M54/K54*100) | O54: 7.1969328 | P54: =IF(O54=0,"",(K54/O54-1)*100) | Q54: =(K54/E54)^2 | R54: =(K54/H54)^2 | S54: =AVERAGE(Q54,R54) | T54: =AVERAGE((O54/E54)^2,(O54/H54)^2) | U54: =IF(T54=0,"",(S54/T54-1)*100) | V54: =AVERAGE((L54/E54)^2,(L54/H54)^2) | W54: =IF(ABS(E54-汇总!B25)<=ABS(H54-汇总!B25),E54,H54) | X54: =(K54/W54)^2 | Y54: =IF(N54>10,"HIGH_TVW_CV",IF(J54<3,"SHORT_INTERFACE","PASS")) | Z54: Di1、TVW均值、Di2均来自本Pair_ID；TVW=3–5法线平均 | AA54: 样品15
A55: 16(3)-P01 | B55: 16 (3).tif | C55: 16(3)-V01 | D55: =导管母表_1781!F689 | E55: =导管母表_1781!G689 | F55: 16(3)-V02 | G55: =导管母表_1781!F690 | H55: =导管母表_1781!G690 | I55: J125:J127 | J55: =COUNT(TVW线测量明细!J125:J127) | K55: =AVERAGE(TVW线测量明细!J125:J127) | L55: =MEDIAN(TVW线测量明细!J125:J127) | M55: =IF(J55>1,STDEV(TVW线测量明细!J125:J127),0) | N55: =IF(K55=0,"",M55/K55*100) | O55: 12.625551 | P55: =IF(O55=0,"",(K55/O55-1)*100) | Q55: =(K55/E55)^2 | R55: =(K55/H55)^2 | S55: =AVERAGE(Q55,R55) | T55: =AVERAGE((O55/E55)^2,(O55/H55)^2) | U55: =IF(T55=0,"",(S55/T55-1)*100) | V55: =AVERAGE((L55/E55)^2,(L55/H55)^2) | W55: =IF(ABS(E55-汇总!B25)<=ABS(H55-汇总!B25),E55,H55) | X55: =(K55/W55)^2 | Y55: =IF(N55>10,"HIGH_TVW_CV",IF(J55<3,"SHORT_INTERFACE","PASS")) | Z55: Di1、TVW均值、Di2均来自本Pair_ID；TVW=3–5法线平均 | AA55: 样品16
A56: 16(4)-P01 | B56: 16 (4).tif | C56: 16(4)-V01 | D56: =导管母表_1781!F697 | E56: =导管母表_1781!G697 | F56: 16(4)-V02 | G56: =导管母表_1781!F698 | H56: =导管母表_1781!G698 | I56: J128:J128 | J56: =COUNT(TVW线测量明细!J128:J128) | K56: =AVERAGE(TVW线测量明细!J128:J128) | L56: =MEDIAN(TVW线测量明细!J128:J128) | M56: =IF(J56>1,STDEV(TVW线测量明细!J128:J128),0) | N56: =IF(K56=0,"",M56/K56*100) | O56: 4.0844118 | P56: =IF(O56=0,"",(K56/O56-1)*100) | Q56: =(K56/E56)^2 | R56: =(K56/H56)^2 | S56: =AVERAGE(Q56,R56) | T56: =AVERAGE((O56/E56)^2,(O56/H56)^2) | U56: =IF(T56=0,"",(S56/T56-1)*100) | V56: =AVERAGE((L56/E56)^2,(L56/H56)^2) | W56: =IF(ABS(E56-汇总!B25)<=ABS(H56-汇总!B25),E56,H56) | X56: =(K56/W56)^2 | Y56: =IF(N56>10,"HIGH_TVW_CV",IF(J56<3,"SHORT_INTERFACE","PASS")) | Z56: Di1、TVW均值、Di2均来自本Pair_ID；TVW=3–5法线平均 | AA56: 样品16
A57: 16(5)-P01 | B57: 16 (5).tif | C57: 16(5)-V01 | D57: =导管母表_1781!F703 | E57: =导管母表_1781!G703 | F57: 16(5)-V02 | G57: =导管母表_1781!F704 | H57: =导管母表_1781!G704 | I57: J129:J131 | J57: =COUNT(TVW线测量明细!J129:J131) | K57: =AVERAGE(TVW线测量明细!J129:J131) | L57: =MEDIAN(TVW线测量明细!J129:J131) | M57: =IF(J57>1,STDEV(TVW线测量明细!J129:J131),0) | N57: =IF(K57=0,"",M57/K57*100) | O57: 6.53983 | P57: =IF(O57=0,"",(K57/O57-1)*100) | Q57: =(K57/E57)^2 | R57: =(K57/H57)^2 | S57: =AVERAGE(Q57,R57) | T57: =AVERAGE((O57/E57)^2,(O57/H57)^2) | U57: =IF(T57=0,"",(S57/T57-1)*100) | V57: =AVERAGE((L57/E57)^2,(L57/H57)^2) | W57: =IF(ABS(E57-汇总!B25)<=ABS(H57-汇总!B25),E57,H57) | X57: =(K57/W57)^2 | Y57: =IF(N57>10,"HIGH_TVW_CV",IF(J57<3,"SHORT_INTERFACE","PASS")) | Z57: Di1、TVW均值、Di2均来自本Pair_ID；TVW=3–5法线平均 | AA57: 样品16
A58: 16(6)-P01 | B58: 16 (6).tif | C58: 16(6)-V01 | D58: =导管母表_1781!F710 | E58: =导管母表_1781!G710 | F58: 16(6)-V03 | G58: =导管母表_1781!F712 | H58: =导管母表_1781!G712 | I58: J132:J133 | J58: =COUNT(TVW线测量明细!J132:J133) | K58: =AVERAGE(TVW线测量明细!J132:J133) | L58: =MEDIAN(TVW线测量明细!J132:J133) | M58: =IF(J58>1,STDEV(TVW线测量明细!J132:J133),0) | N58: =IF(K58=0,"",M58/K58*100) | O58: 8.332073 | P58: =IF(O58=0,"",(K58/O58-1)*100) | Q58: =(K58/E58)^2 | R58: =(K58/H58)^2 | S58: =AVERAGE(Q58,R58) | T58: =AVERAGE((O58/E58)^2,(O58/H58)^2) | U58: =IF(T58=0,"",(S58/T58-1)*100) | V58: =AVERAGE((L58/E58)^2,(L58/H58)^2) | W58: =IF(ABS(E58-汇总!B25)<=ABS(H58-汇总!B25),E58,H58) | X58: =(K58/W58)^2 | Y58: =IF(N58>10,"HIGH_TVW_CV",IF(J58<3,"SHORT_INTERFACE","PASS")) | Z58: Di1、TVW均值、Di2均来自本Pair_ID；TVW=3–5法线平均 | AA58: 样品16
A59: 17(2)-P01 | B59: 17 (2).tif | C59: 17(2)-V01 | D59: =导管母表_1781!F718 | E59: =导管母表_1781!G718 | F59: 17(2)-V02 | G59: =导管母表_1781!F719 | H59: =导管母表_1781!G719 | I59: J134:J136 | J59: =COUNT(TVW线测量明细!J134:J136) | K59: =AVERAGE(TVW线测量明细!J134:J136) | L59: =MEDIAN(TVW线测量明细!J134:J136) | M59: =IF(J59>1,STDEV(TVW线测量明细!J134:J136),0) | N59: =IF(K59=0,"",M59/K59*100) | O59: 18.416778 | P59: =IF(O59=0,"",(K59/O59-1)*100) | Q59: =(K59/E59)^2 | R59: =(K59/H59)^2 | S59: =AVERAGE(Q59,R59) | T59: =AVERAGE((O59/E59)^2,(O59/H59)^2) | U59: =IF(T59=0,"",(S59/T59-1)*100) | V59: =AVERAGE((L59/E59)^2,(L59/H59)^2) | W59: =IF(ABS(E59-汇总!B25)<=ABS(H59-汇总!B25),E59,H59) | X59: =(K59/W59)^2 | Y59: =IF(N59>10,"HIGH_TVW_CV",IF(J59<3,"SHORT_INTERFACE","PASS")) | Z59: Di1、TVW均值、Di2均来自本Pair_ID；TVW=3–5法线平均 | AA59: 样品17
A60: 17(5)-P01 | B60: 17 (5).tif | C60: 17(5)-V01 | D60: =导管母表_1781!F735 | E60: =导管母表_1781!G735 | F60: 17(5)-V02 | G60: =导管母表_1781!F736 | H60: =导管母表_1781!G736 | I60: J137:J138 | J60: =COUNT(TVW线测量明细!J137:J138) | K60: =AVERAGE(TVW线测量明细!J137:J138) | L60: =MEDIAN(TVW线测量明细!J137:J138) | M60: =IF(J60>1,STDEV(TVW线测量明细!J137:J138),0) | N60: =IF(K60=0,"",M60/K60*100) | O60: 6.9700955 | P60: =IF(O60=0,"",(K60/O60-1)*100) | Q60: =(K60/E60)^2 | R60: =(K60/H60)^2 | S60: =AVERAGE(Q60,R60) | T60: =AVERAGE((O60/E60)^2,(O60/H60)^2) | U60: =IF(T60=0,"",(S60/T60-1)*100) | V60: =AVERAGE((L60/E60)^2,(L60/H60)^2) | W60: =IF(ABS(E60-汇总!B25)<=ABS(H60-汇总!B25),E60,H60) | X60: =(K60/W60)^2 | Y60: =IF(N60>10,"HIGH_TVW_CV",IF(J60<3,"SHORT_INTERFACE","PASS")) | Z60: Di1、TVW均值、Di2均来自本Pair_ID；TVW=3–5法线平均 | AA60: 样品17
A61: 17(7)-P01 | B61: 17 (7).tif | C61: 17(7)-V02 | D61: =导管母表_1781!F746 | E61: =导管母表_1781!G746 | F61: 17(7)-V03 | G61: =导管母表_1781!F747 | H61: =导管母表_1781!G747 | I61: J139:J139 | J61: =COUNT(TVW线测量明细!J139:J139) | K61: =AVERAGE(TVW线测量明细!J139:J139) | L61: =MEDIAN(TVW线测量明细!J139:J139) | M61: =IF(J61>1,STDEV(TVW线测量明细!J139:J139),0) | N61: =IF(K61=0,"",M61/K61*100) | O61: 7.0977512 | P61: =IF(O61=0,"",(K61/O61-1)*100) | Q61: =(K61/E61)^2 | R61: =(K61/H61)^2 | S61: =AVERAGE(Q61,R61) | T61: =AVERAGE((O61/E61)^2,(O61/H61)^2) | U61: =IF(T61=0,"",(S61/T61-1)*100) | V61: =AVERAGE((L61/E61)^2,(L61/H61)^2) | W61: =IF(ABS(E61-汇总!B25)<=ABS(H61-汇总!B25),E61,H61) | X61: =(K61/W61)^2 | Y61: =IF(N61>10,"HIGH_TVW_CV",IF(J61<3,"SHORT_INTERFACE","PASS")) | Z61: Di1、TVW均值、Di2均来自本Pair_ID；TVW=3–5法线平均 | AA61: 样品17
A62: 18(3)-P01 | B62: 18 (3).tif | C62: 18(3)-V02 | D62: =导管母表_1781!F763 | E62: =导管母表_1781!G763 | F62: 18(3)-V03 | G62: =导管母表_1781!F764 | H62: =导管母表_1781!G764 | I62: J140:J143 | J62: =COUNT(TVW线测量明细!J140:J143) | K62: =AVERAGE(TVW线测量明细!J140:J143) | L62: =MEDIAN(TVW线测量明细!J140:J143) | M62: =IF(J62>1,STDEV(TVW线测量明细!J140:J143),0) | N62: =IF(K62=0,"",M62/K62*100) | O62: 2.9166104 | P62: =IF(O62=0,"",(K62/O62-1)*100) | Q62: =(K62/E62)^2 | R62: =(K62/H62)^2 | S62: =AVERAGE(Q62,R62) | T62: =AVERAGE((O62/E62)^2,(O62/H62)^2) | U62: =IF(T62=0,"",(S62/T62-1)*100) | V62: =AVERAGE((L62/E62)^2,(L62/H62)^2) | W62: =IF(ABS(E62-汇总!B25)<=ABS(H62-汇总!B25),E62,H62) | X62: =(K62/W62)^2 | Y62: =IF(N62>10,"HIGH_TVW_CV",IF(J62<3,"SHORT_INTERFACE","PASS")) | Z62: Di1、TVW均值、Di2均来自本Pair_ID；TVW=3–5法线平均 | AA62: 样品18
A63: 18(5)-P01 | B63: 18 (5).tif | C63: 18(5)-V03 | D63: =导管母表_1781!F775 | E63: =导管母表_1781!G775 | F63: 18(5)-V04 | G63: =导管母表_1781!F776 | H63: =导管母表_1781!G776 | I63: J144:J147 | J63: =COUNT(TVW线测量明细!J144:J147) | K63: =AVERAGE(TVW线测量明细!J144:J147) | L63: =MEDIAN(TVW线测量明细!J144:J147) | M63: =IF(J63>1,STDEV(TVW线测量明细!J144:J147),0) | N63: =IF(K63=0,"",M63/K63*100) | O63: 5.399888 | P63: =IF(O63=0,"",(K63/O63-1)*100) | Q63: =(K63/E63)^2 | R63: =(K63/H63)^2 | S63: =AVERAGE(Q63,R63) | T63: =AVERAGE((O63/E63)^2,(O63/H63)^2) | U63: =IF(T63=0,"",(S63/T63-1)*100) | V63: =AVERAGE((L63/E63)^2,(L63/H63)^2) | W63: =IF(ABS(E63-汇总!B25)<=ABS(H63-汇总!B25),E63,H63) | X63: =(K63/W63)^2 | Y63: =IF(N63>10,"HIGH_TVW_CV",IF(J63<3,"SHORT_INTERFACE","PASS")) | Z63: Di1、TVW均值、Di2均来自本Pair_ID；TVW=3–5法线平均 | AA63: 样品18
A64: 18(6)-P01 | B64: 18 (6).tif | C64: 18(6)-V01 | D64: =导管母表_1781!F778 | E64: =导管母表_1781!G778 | F64: 18(6)-V02 | G64: =导管母表_1781!F779 | H64: =导管母表_1781!G779 | I64: J148:J151 | J64: =COUNT(TVW线测量明细!J148:J151) | K64: =AVERAGE(TVW线测量明细!J148:J151) | L64: =MEDIAN(TVW线测量明细!J148:J151) | M64: =IF(J64>1,STDEV(TVW线测量明细!J148:J151),0) | N64: =IF(K64=0,"",M64/K64*100) | O64: 6.055821 | P64: =IF(O64=0,"",(K64/O64-1)*100) | Q64: =(K64/E64)^2 | R64: =(K64/H64)^2 | S64: =AVERAGE(Q64,R64) | T64: =AVERAGE((O64/E64)^2,(O64/H64)^2) | U64: =IF(T64=0,"",(S64/T64-1)*100) | V64: =AVERAGE((L64/E64)^2,(L64/H64)^2) | W64: =IF(ABS(E64-汇总!B25)<=ABS(H64-汇总!B25),E64,H64) | X64: =(K64/W64)^2 | Y64: =IF(N64>10,"HIGH_TVW_CV",IF(J64<3,"SHORT_INTERFACE","PASS")) | Z64: Di1、TVW均值、Di2均来自本Pair_ID；TVW=3–5法线平均 | AA64: 样品18
A65: 18(7)-P01 | B65: 18 (7).tif | C65: 18(7)-V01 | D65: =导管母表_1781!F781 | E65: =导管母表_1781!G781 | F65: 18(7)-V03 | G65: =导管母表_1781!F783 | H65: =导管母表_1781!G783 | I65: J152:J154 | J65: =COUNT(TVW线测量明细!J152:J154) | K65: =AVERAGE(TVW线测量明细!J152:J154) | L65: =MEDIAN(TVW线测量明细!J152:J154) | M65: =IF(J65>1,STDEV(TVW线测量明细!J152:J154),0) | N65: =IF(K65=0,"",M65/K65*100) | O65: 11.178226 | P65: =IF(O65=0,"",(K65/O65-1)*100) | Q65: =(K65/E65)^2 | R65: =(K65/H65)^2 | S65: =AVERAGE(Q65,R65) | T65: =AVERAGE((O65/E65)^2,(O65/H65)^2) | U65: =IF(T65=0,"",(S65/T65-1)*100) | V65: =AVERAGE((L65/E65)^2,(L65/H65)^2) | W65: =IF(ABS(E65-汇总!B25)<=ABS(H65-汇总!B25),E65,H65) | X65: =(K65/W65)^2 | Y65: =IF(N65>10,"HIGH_TVW_CV",IF(J65<3,"SHORT_INTERFACE","PASS")) | Z65: Di1、TVW均值、Di2均来自本Pair_ID；TVW=3–5法线平均 | AA65: 样品18
A66: 18(9)-P01 | B66: 18 (9).tif | C66: 18(9)-V01 | D66: =导管母表_1781!F790 | E66: =导管母表_1781!G790 | F66: 18(9)-V05 | G66: =导管母表_1781!F794 | H66: =导管母表_1781!G794 | I66: J155:J156 | J66: =COUNT(TVW线测量明细!J155:J156) | K66: =AVERAGE(TVW线测量明细!J155:J156) | L66: =MEDIAN(TVW线测量明细!J155:J156) | M66: =IF(J66>1,STDEV(TVW线测量明细!J155:J156),0) | N66: =IF(K66=0,"",M66/K66*100) | O66: 9.4708787 | P66: =IF(O66=0,"",(K66/O66-1)*100) | Q66: =(K66/E66)^2 | R66: =(K66/H66)^2 | S66: =AVERAGE(Q66,R66) | T66: =AVERAGE((O66/E66)^2,(O66/H66)^2) | U66: =IF(T66=0,"",(S66/T66-1)*100) | V66: =AVERAGE((L66/E66)^2,(L66/H66)^2) | W66: =IF(ABS(E66-汇总!B25)<=ABS(H66-汇总!B25),E66,H66) | X66: =(K66/W66)^2 | Y66: =IF(N66>10,"HIGH_TVW_CV",IF(J66<3,"SHORT_INTERFACE","PASS")) | Z66: Di1、TVW均值、Di2均来自本Pair_ID；TVW=3–5法线平均 | AA66: 样品18
A67: 18(9)-P02 | B67: 18 (9).tif | C67: 18(9)-V02 | D67: =导管母表_1781!F791 | E67: =导管母表_1781!G791 | F67: 18(9)-V06 | G67: =导管母表_1781!F795 | H67: =导管母表_1781!G795 | I67: J157:J159 | J67: =COUNT(TVW线测量明细!J157:J159) | K67: =AVERAGE(TVW线测量明细!J157:J159) | L67: =MEDIAN(TVW线测量明细!J157:J159) | M67: =IF(J67>1,STDEV(TVW线测量明细!J157:J159),0) | N67: =IF(K67=0,"",M67/K67*100) | O67: 9.2282545 | P67: =IF(O67=0,"",(K67/O67-1)*100) | Q67: =(K67/E67)^2 | R67: =(K67/H67)^2 | S67: =AVERAGE(Q67,R67) | T67: =AVERAGE((O67/E67)^2,(O67/H67)^2) | U67: =IF(T67=0,"",(S67/T67-1)*100) | V67: =AVERAGE((L67/E67)^2,(L67/H67)^2) | W67: =IF(ABS(E67-汇总!B25)<=ABS(H67-汇总!B25),E67,H67) | X67: =(K67/W67)^2 | Y67: =IF(N67>10,"HIGH_TVW_CV",IF(J67<3,"SHORT_INTERFACE","PASS")) | Z67: Di1、TVW均值、Di2均来自本Pair_ID；TVW=3–5法线平均 | AA67: 样品18
A68: 18(10)-P01 | B68: 18 (10).tif | C68: 18(10)-V01 | D68: =导管母表_1781!F796 | E68: =导管母表_1781!G796 | F68: 18(10)-V02 | G68: =导管母表_1781!F797 | H68: =导管母表_1781!G797 | I68: J160:J160 | J68: =COUNT(TVW线测量明细!J160:J160) | K68: =AVERAGE(TVW线测量明细!J160:J160) | L68: =MEDIAN(TVW线测量明细!J160:J160) | M68: =IF(J68>1,STDEV(TVW线测量明细!J160:J160),0) | N68: =IF(K68=0,"",M68/K68*100) | O68: 6.3193225 | P68: =IF(O68=0,"",(K68/O68-1)*100) | Q68: =(K68/E68)^2 | R68: =(K68/H68)^2 | S68: =AVERAGE(Q68,R68) | T68: =AVERAGE((O68/E68)^2,(O68/H68)^2) | U68: =IF(T68=0,"",(S68/T68-1)*100) | V68: =AVERAGE((L68/E68)^2,(L68/H68)^2) | W68: =IF(ABS(E68-汇总!B25)<=ABS(H68-汇总!B25),E68,H68) | X68: =(K68/W68)^2 | Y68: =IF(N68>10,"HIGH_TVW_CV",IF(J68<3,"SHORT_INTERFACE","PASS")) | Z68: Di1、TVW均值、Di2均来自本Pair_ID；TVW=3–5法线平均 | AA68: 样品18
A69: 19(3)-P01 | B69: 19 (3).tif | C69: 19(3)-V01 | D69: =导管母表_1781!F809 | E69: =导管母表_1781!G809 | F69: 19(3)-V02 | G69: =导管母表_1781!F810 | H69: =导管母表_1781!G810 | I69: J161:J163 | J69: =COUNT(TVW线测量明细!J161:J163) | K69: =AVERAGE(TVW线测量明细!J161:J163) | L69: =MEDIAN(TVW线测量明细!J161:J163) | M69: =IF(J69>1,STDEV(TVW线测量明细!J161:J163),0) | N69: =IF(K69=0,"",M69/K69*100) | O69: 15.025184 | P69: =IF(O69=0,"",(K69/O69-1)*100) | Q69: =(K69/E69)^2 | R69: =(K69/H69)^2 | S69: =AVERAGE(Q69,R69) | T69: =AVERAGE((O69/E69)^2,(O69/H69)^2) | U69: =IF(T69=0,"",(S69/T69-1)*100) | V69: =AVERAGE((L69/E69)^2,(L69/H69)^2) | W69: =IF(ABS(E69-汇总!B25)<=ABS(H69-汇总!B25),E69,H69) | X69: =(K69/W69)^2 | Y69: =IF(N69>10,"HIGH_TVW_CV",IF(J69<3,"SHORT_INTERFACE","PASS")) | Z69: Di1、TVW均值、Di2均来自本Pair_ID；TVW=3–5法线平均 | AA69: 样品19
A70: 19(4)-P01 | B70: 19 (4).tif | C70: 19(4)-V01 | D70: =导管母表_1781!F816 | E70: =导管母表_1781!G816 | F70: 19(4)-V03 | G70: =导管母表_1781!F818 | H70: =导管母表_1781!G818 | I70: J164:J166 | J70: =COUNT(TVW线测量明细!J164:J166) | K70: =AVERAGE(TVW线测量明细!J164:J166) | L70: =MEDIAN(TVW线测量明细!J164:J166) | M70: =IF(J70>1,STDEV(TVW线测量明细!J164:J166),0) | N70: =IF(K70=0,"",M70/K70*100) | O70: 3.5853092 | P70: =IF(O70=0,"",(K70/O70-1)*100) | Q70: =(K70/E70)^2 | R70: =(K70/H70)^2 | S70: =AVERAGE(Q70,R70) | T70: =AVERAGE((O70/E70)^2,(O70/H70)^2) | U70: =IF(T70=0,"",(S70/T70-1)*100) | V70: =AVERAGE((L70/E70)^2,(L70/H70)^2) | W70: =IF(ABS(E70-汇总!B25)<=ABS(H70-汇总!B25),E70,H70) | X70: =(K70/W70)^2 | Y70: =IF(N70>10,"HIGH_TVW_CV",IF(J70<3,"SHORT_INTERFACE","PASS")) | Z70: Di1、TVW均值、Di2均来自本Pair_ID；TVW=3–5法线平均 | AA70: 样品19
A71: 19(4)-P02 | B71: 19 (4).tif | C71: 19(4)-V02 | D71: =导管母表_1781!F817 | E71: =导管母表_1781!G817 | F71: 19(4)-V04 | G71: =导管母表_1781!F819 | H71: =导管母表_1781!G819 | I71: J167:J168 | J71: =COUNT(TVW线测量明细!J167:J168) | K71: =AVERAGE(TVW线测量明细!J167:J168) | L71: =MEDIAN(TVW线测量明细!J167:J168) | M71: =IF(J71>1,STDEV(TVW线测量明细!J167:J168),0) | N71: =IF(K71=0,"",M71/K71*100) | O71: 13.267995 | P71: =IF(O71=0,"",(K71/O71-1)*100) | Q71: =(K71/E71)^2 | R71: =(K71/H71)^2 | S71: =AVERAGE(Q71,R71) | T71: =AVERAGE((O71/E71)^2,(O71/H71)^2) | U71: =IF(T71=0,"",(S71/T71-1)*100) | V71: =AVERAGE((L71/E71)^2,(L71/H71)^2) | W71: =IF(ABS(E71-汇总!B25)<=ABS(H71-汇总!B25),E71,H71) | X71: =(K71/W71)^2 | Y71: =IF(N71>10,"HIGH_TVW_CV",IF(J71<3,"SHORT_INTERFACE","PASS")) | Z71: Di1、TVW均值、Di2均来自本Pair_ID；TVW=3–5法线平均 | AA71: 样品19
A72: 19(5)-P01 | B72: 19 (5).tif | C72: 19(5)-V01 | D72: =导管母表_1781!F821 | E72: =导管母表_1781!G821 | F72: 19(5)-V02 | G72: =导管母表_1781!F822 | H72: =导管母表_1781!G822 | I72: J169:J170 | J72: =COUNT(TVW线测量明细!J169:J170) | K72: =AVERAGE(TVW线测量明细!J169:J170) | L72: =MEDIAN(TVW线测量明细!J169:J170) | M72: =IF(J72>1,STDEV(TVW线测量明细!J169:J170),0) | N72: =IF(K72=0,"",M72/K72*100) | O72: 6.9327038 | P72: =IF(O72=0,"",(K72/O72-1)*100) | Q72: =(K72/E72)^2 | R72: =(K72/H72)^2 | S72: =AVERAGE(Q72,R72) | T72: =AVERAGE((O72/E72)^2,(O72/H72)^2) | U72: =IF(T72=0,"",(S72/T72-1)*100) | V72: =AVERAGE((L72/E72)^2,(L72/H72)^2) | W72: =IF(ABS(E72-汇总!B25)<=ABS(H72-汇总!B25),E72,H72) | X72: =(K72/W72)^2 | Y72: =IF(N72>10,"HIGH_TVW_CV",IF(J72<3,"SHORT_INTERFACE","PASS")) | Z72: Di1、TVW均值、Di2均来自本Pair_ID；TVW=3–5法线平均 | AA72: 样品19
A73: 19(6)-P01 | B73: 19 (6).tif | C73: 19(6)-V02 | D73: =导管母表_1781!F830 | E73: =导管母表_1781!G830 | F73: 19(6)-V03 | G73: =导管母表_1781!F831 | H73: =导管母表_1781!G831 | I73: J171:J171 | J73: =COUNT(TVW线测量明细!J171:J171) | K73: =AVERAGE(TVW线测量明细!J171:J171) | L73: =MEDIAN(TVW线测量明细!J171:J171) | M73: =IF(J73>1,STDEV(TVW线测量明细!J171:J171),0) | N73: =IF(K73=0,"",M73/K73*100) | O73: 3.9966905 | P73: =IF(O73=0,"",(K73/O73-1)*100) | Q73: =(K73/E73)^2 | R73: =(K73/H73)^2 | S73: =AVERAGE(Q73,R73) | T73: =AVERAGE((O73/E73)^2,(O73/H73)^2) | U73: =IF(T73=0,"",(S73/T73-1)*100) | V73: =AVERAGE((L73/E73)^2,(L73/H73)^2) | W73: =IF(ABS(E73-汇总!B25)<=ABS(H73-汇总!B25),E73,H73) | X73: =(K73/W73)^2 | Y73: =IF(N73>10,"HIGH_TVW_CV",IF(J73<3,"SHORT_INTERFACE","PASS")) | Z73: Di1、TVW均值、Di2均来自本Pair_ID；TVW=3–5法线平均 | AA73: 样品19
A74: 19(7)-P01 | B74: 19 (7).tif | C74: 19(7)-V01 | D74: =导管母表_1781!F837 | E74: =导管母表_1781!G837 | F74: 19(7)-V03 | G74: =导管母表_1781!F839 | H74: =导管母表_1781!G839 | I74: J172:J174 | J74: =COUNT(TVW线测量明细!J172:J174) | K74: =AVERAGE(TVW线测量明细!J172:J174) | L74: =MEDIAN(TVW线测量明细!J172:J174) | M74: =IF(J74>1,STDEV(TVW线测量明细!J172:J174),0) | N74: =IF(K74=0,"",M74/K74*100) | O74: 15.017318 | P74: =IF(O74=0,"",(K74/O74-1)*100) | Q74: =(K74/E74)^2 | R74: =(K74/H74)^2 | S74: =AVERAGE(Q74,R74) | T74: =AVERAGE((O74/E74)^2,(O74/H74)^2) | U74: =IF(T74=0,"",(S74/T74-1)*100) | V74: =AVERAGE((L74/E74)^2,(L74/H74)^2) | W74: =IF(ABS(E74-汇总!B25)<=ABS(H74-汇总!B25),E74,H74) | X74: =(K74/W74)^2 | Y74: =IF(N74>10,"HIGH_TVW_CV",IF(J74<3,"SHORT_INTERFACE","PASS")) | Z74: Di1、TVW均值、Di2均来自本Pair_ID；TVW=3–5法线平均 | AA74: 样品19
A75: 19(9)-P01 | B75: 19 (9).tif | C75: 19(9)-V01 | D75: =导管母表_1781!F849 | E75: =导管母表_1781!G849 | F75: 19(9)-V02 | G75: =导管母表_1781!F850 | H75: =导管母表_1781!G850 | I75: J175:J175 | J75: =COUNT(TVW线测量明细!J175:J175) | K75: =AVERAGE(TVW线测量明细!J175:J175) | L75: =MEDIAN(TVW线测量明细!J175:J175) | M75: =IF(J75>1,STDEV(TVW线测量明细!J175:J175),0) | N75: =IF(K75=0,"",M75/K75*100) | O75: 1.7926546 | P75: =IF(O75=0,"",(K75/O75-1)*100) | Q75: =(K75/E75)^2 | R75: =(K75/H75)^2 | S75: =AVERAGE(Q75,R75) | T75: =AVERAGE((O75/E75)^2,(O75/H75)^2) | U75: =IF(T75=0,"",(S75/T75-1)*100) | V75: =AVERAGE((L75/E75)^2,(L75/H75)^2) | W75: =IF(ABS(E75-汇总!B25)<=ABS(H75-汇总!B25),E75,H75) | X75: =(K75/W75)^2 | Y75: =IF(N75>10,"HIGH_TVW_CV",IF(J75<3,"SHORT_INTERFACE","PASS")) | Z75: Di1、TVW均值、Di2均来自本Pair_ID；TVW=3–5法线平均 | AA75: 样品19
A76: 19(11)-P01 | B76: 19 (11).tif | C76: 19(11)-V01 | D76: =导管母表_1781!F858 | E76: =导管母表_1781!G858 | F76: 19(11)-V03 | G76: =导管母表_1781!F860 | H76: =导管母表_1781!G860 | I76: J176:J177 | J76: =COUNT(TVW线测量明细!J176:J177) | K76: =AVERAGE(TVW线测量明细!J176:J177) | L76: =MEDIAN(TVW线测量明细!J176:J177) | M76: =IF(J76>1,STDEV(TVW线测量明细!J176:J177),0) | N76: =IF(K76=0,"",M76/K76*100) | O76: 3.5053295 | P76: =IF(O76=0,"",(K76/O76-1)*100) | Q76: =(K76/E76)^2 | R76: =(K76/H76)^2 | S76: =AVERAGE(Q76,R76) | T76: =AVERAGE((O76/E76)^2,(O76/H76)^2) | U76: =IF(T76=0,"",(S76/T76-1)*100) | V76: =AVERAGE((L76/E76)^2,(L76/H76)^2) | W76: =IF(ABS(E76-汇总!B25)<=ABS(H76-汇总!B25),E76,H76) | X76: =(K76/W76)^2 | Y76: =IF(N76>10,"HIGH_TVW_CV",IF(J76<3,"SHORT_INTERFACE","PASS")) | Z76: Di1、TVW均值、Di2均来自本Pair_ID；TVW=3–5法线平均 | AA76: 样品19
A77: 19(14)-P01 | B77: 19 (14).tif | C77: 19(14)-V01 | D77: =导管母表_1781!F873 | E77: =导管母表_1781!G873 | F77: 19(14)-V02 | G77: =导管母表_1781!F874 | H77: =导管母表_1781!G874 | I77: J178:J180 | J77: =COUNT(TVW线测量明细!J178:J180) | K77: =AVERAGE(TVW线测量明细!J178:J180) | L77: =MEDIAN(TVW线测量明细!J178:J180) | M77: =IF(J77>1,STDEV(TVW线测量明细!J178:J180),0) | N77: =IF(K77=0,"",M77/K77*100) | O77: 7.6582239 | P77: =IF(O77=0,"",(K77/O77-1)*100) | Q77: =(K77/E77)^2 | R77: =(K77/H77)^2 | S77: =AVERAGE(Q77,R77) | T77: =AVERAGE((O77/E77)^2,(O77/H77)^2) | U77: =IF(T77=0,"",(S77/T77-1)*100) | V77: =AVERAGE((L77/E77)^2,(L77/H77)^2) | W77: =IF(ABS(E77-汇总!B25)<=ABS(H77-汇总!B25),E77,H77) | X77: =(K77/W77)^2 | Y77: =IF(N77>10,"HIGH_TVW_CV",IF(J77<3,"SHORT_INTERFACE","PASS")) | Z77: Di1、TVW均值、Di2均来自本Pair_ID；TVW=3–5法线平均 | AA77: 样品19
A78: 19(16)-P01 | B78: 19 (16).tif | C78: 19(16)-V01 | D78: =导管母表_1781!F882 | E78: =导管母表_1781!G882 | F78: 19(16)-V02 | G78: =导管母表_1781!F883 | H78: =导管母表_1781!G883 | I78: J181:J182 | J78: =COUNT(TVW线测量明细!J181:J182) | K78: =AVERAGE(TVW线测量明细!J181:J182) | L78: =MEDIAN(TVW线测量明细!J181:J182) | M78: =IF(J78>1,STDEV(TVW线测量明细!J181:J182),0) | N78: =IF(K78=0,"",M78/K78*100) | O78: 4.6064392 | P78: =IF(O78=0,"",(K78/O78-1)*100) | Q78: =(K78/E78)^2 | R78: =(K78/H78)^2 | S78: =AVERAGE(Q78,R78) | T78: =AVERAGE((O78/E78)^2,(O78/H78)^2) | U78: =IF(T78=0,"",(S78/T78-1)*100) | V78: =AVERAGE((L78/E78)^2,(L78/H78)^2) | W78: =IF(ABS(E78-汇总!B25)<=ABS(H78-汇总!B25),E78,H78) | X78: =(K78/W78)^2 | Y78: =IF(N78>10,"HIGH_TVW_CV",IF(J78<3,"SHORT_INTERFACE","PASS")) | Z78: Di1、TVW均值、Di2均来自本Pair_ID；TVW=3–5法线平均 | AA78: 样品19
A79: 19(17)-P01 | B79: 19 (17).tif | C79: 19(17)-V01 | D79: =导管母表_1781!F885 | E79: =导管母表_1781!G885 | F79: 19(17)-V02 | G79: =导管母表_1781!F886 | H79: =导管母表_1781!G886 | I79: J183:J185 | J79: =COUNT(TVW线测量明细!J183:J185) | K79: =AVERAGE(TVW线测量明细!J183:J185) | L79: =MEDIAN(TVW线测量明细!J183:J185) | M79: =IF(J79>1,STDEV(TVW线测量明细!J183:J185),0) | N79: =IF(K79=0,"",M79/K79*100) | O79: 4.3749156 | P79: =IF(O79=0,"",(K79/O79-1)*100) | Q79: =(K79/E79)^2 | R79: =(K79/H79)^2 | S79: =AVERAGE(Q79,R79) | T79: =AVERAGE((O79/E79)^2,(O79/H79)^2) | U79: =IF(T79=0,"",(S79/T79-1)*100) | V79: =AVERAGE((L79/E79)^2,(L79/H79)^2) | W79: =IF(ABS(E79-汇总!B25)<=ABS(H79-汇总!B25),E79,H79) | X79: =(K79/W79)^2 | Y79: =IF(N79>10,"HIGH_TVW_CV",IF(J79<3,"SHORT_INTERFACE","PASS")) | Z79: Di1、TVW均值、Di2均来自本Pair_ID；TVW=3–5法线平均 | AA79: 样品19
A80: 20(4)-P01 | B80: 20 (4).tif | C80: 20(4)-V01 | D80: =导管母表_1781!F904 | E80: =导管母表_1781!G904 | F80: 20(4)-V02 | G80: =导管母表_1781!F905 | H80: =导管母表_1781!G905 | I80: J186:J186 | J80: =COUNT(TVW线测量明细!J186:J186) | K80: =AVERAGE(TVW线测量明细!J186:J186) | L80: =MEDIAN(TVW线测量明细!J186:J186) | M80: =IF(J80>1,STDEV(TVW线测量明细!J186:J186),0) | N80: =IF(K80=0,"",M80/K80*100) | O80: 4.5703904 | P80: =IF(O80=0,"",(K80/O80-1)*100) | Q80: =(K80/E80)^2 | R80: =(K80/H80)^2 | S80: =AVERAGE(Q80,R80) | T80: =AVERAGE((O80/E80)^2,(O80/H80)^2) | U80: =IF(T80=0,"",(S80/T80-1)*100) | V80: =AVERAGE((L80/E80)^2,(L80/H80)^2) | W80: =IF(ABS(E80-汇总!B25)<=ABS(H80-汇总!B25),E80,H80) | X80: =(K80/W80)^2 | Y80: =IF(N80>10,"HIGH_TVW_CV",IF(J80<3,"SHORT_INTERFACE","PASS")) | Z80: Di1、TVW均值、Di2均来自本Pair_ID；TVW=3–5法线平均 | AA80: 样品20
A81: 20(7)-P01 | B81: 20 (7).tif | C81: 20(7)-V01 | D81: =导管母表_1781!F918 | E81: =导管母表_1781!G918 | F81: 20(7)-V02 | G81: =导管母表_1781!F919 | H81: =导管母表_1781!G919 | I81: J187:J187 | J81: =COUNT(TVW线测量明细!J187:J187) | K81: =AVERAGE(TVW线测量明细!J187:J187) | L81: =MEDIAN(TVW线测量明细!J187:J187) | M81: =IF(J81>1,STDEV(TVW线测量明细!J187:J187),0) | N81: =IF(K81=0,"",M81/K81*100) | O81: 4.4018384 | P81: =IF(O81=0,"",(K81/O81-1)*100) | Q81: =(K81/E81)^2 | R81: =(K81/H81)^2 | S81: =AVERAGE(Q81,R81) | T81: =AVERAGE((O81/E81)^2,(O81/H81)^2) | U81: =IF(T81=0,"",(S81/T81-1)*100) | V81: =AVERAGE((L81/E81)^2,(L81/H81)^2) | W81: =IF(ABS(E81-汇总!B25)<=ABS(H81-汇总!B25),E81,H81) | X81: =(K81/W81)^2 | Y81: =IF(N81>10,"HIGH_TVW_CV",IF(J81<3,"SHORT_INTERFACE","PASS")) | Z81: Di1、TVW均值、Di2均来自本Pair_ID；TVW=3–5法线平均 | AA81: 样品20
A82: 21(1)-P01 | B82: 21 (1).tif | C82: 21(1)-V01 | D82: =导管母表_1781!F931 | E82: =导管母表_1781!G931 | F82: 21(1)-V02 | G82: =导管母表_1781!F932 | H82: =导管母表_1781!G932 | I82: J188:J189 | J82: =COUNT(TVW线测量明细!J188:J189) | K82: =AVERAGE(TVW线测量明细!J188:J189) | L82: =MEDIAN(TVW线测量明细!J188:J189) | M82: =IF(J82>1,STDEV(TVW线测量明细!J188:J189),0) | N82: =IF(K82=0,"",M82/K82*100) | O82: 5.3471191 | P82: =IF(O82=0,"",(K82/O82-1)*100) | Q82: =(K82/E82)^2 | R82: =(K82/H82)^2 | S82: =AVERAGE(Q82,R82) | T82: =AVERAGE((O82/E82)^2,(O82/H82)^2) | U82: =IF(T82=0,"",(S82/T82-1)*100) | V82: =AVERAGE((L82/E82)^2,(L82/H82)^2) | W82: =IF(ABS(E82-汇总!B25)<=ABS(H82-汇总!B25),E82,H82) | X82: =(K82/W82)^2 | Y82: =IF(N82>10,"HIGH_TVW_CV",IF(J82<3,"SHORT_INTERFACE","PASS")) | Z82: Di1、TVW均值、Di2均来自本Pair_ID；TVW=3–5法线平均 | AA82: 样品21
A83: 21(2)-P01 | B83: 21 (2).tif | C83: 21(2)-V01 | D83: =导管母表_1781!F935 | E83: =导管母表_1781!G935 | F83: 21(2)-V02 | G83: =导管母表_1781!F936 | H83: =导管母表_1781!G936 | I83: J190:J191 | J83: =COUNT(TVW线测量明细!J190:J191) | K83: =AVERAGE(TVW线测量明细!J190:J191) | L83: =MEDIAN(TVW线测量明细!J190:J191) | M83: =IF(J83>1,STDEV(TVW线测量明细!J190:J191),0) | N83: =IF(K83=0,"",M83/K83*100) | O83: 12.7225 | P83: =IF(O83=0,"",(K83/O83-1)*100) | Q83: =(K83/E83)^2 | R83: =(K83/H83)^2 | S83: =AVERAGE(Q83,R83) | T83: =AVERAGE((O83/E83)^2,(O83/H83)^2) | U83: =IF(T83=0,"",(S83/T83-1)*100) | V83: =AVERAGE((L83/E83)^2,(L83/H83)^2) | W83: =IF(ABS(E83-汇总!B25)<=ABS(H83-汇总!B25),E83,H83) | X83: =(K83/W83)^2 | Y83: =IF(N83>10,"HIGH_TVW_CV",IF(J83<3,"SHORT_INTERFACE","PASS")) | Z83: Di1、TVW均值、Di2均来自本Pair_ID；TVW=3–5法线平均 | AA83: 样品21
A84: 21(3)-P01 | B84: 21 (3).tif | C84: 21(3)-V01 | D84: =导管母表_1781!F941 | E84: =导管母表_1781!G941 | F84: 21(3)-V04 | G84: =导管母表_1781!F944 | H84: =导管母表_1781!G944 | I84: J192:J193 | J84: =COUNT(TVW线测量明细!J192:J193) | K84: =AVERAGE(TVW线测量明细!J192:J193) | L84: =MEDIAN(TVW线测量明细!J192:J193) | M84: =IF(J84>1,STDEV(TVW线测量明细!J192:J193),0) | N84: =IF(K84=0,"",M84/K84*100) | O84: 6.6116984 | P84: =IF(O84=0,"",(K84/O84-1)*100) | Q84: =(K84/E84)^2 | R84: =(K84/H84)^2 | S84: =AVERAGE(Q84,R84) | T84: =AVERAGE((O84/E84)^2,(O84/H84)^2) | U84: =IF(T84=0,"",(S84/T84-1)*100) | V84: =AVERAGE((L84/E84)^2,(L84/H84)^2) | W84: =IF(ABS(E84-汇总!B25)<=ABS(H84-汇总!B25),E84,H84) | X84: =(K84/W84)^2 | Y84: =IF(N84>10,"HIGH_TVW_CV",IF(J84<3,"SHORT_INTERFACE","PASS")) | Z84: Di1、TVW均值、Di2均来自本Pair_ID；TVW=3–5法线平均 | AA84: 样品21
A85: 21(7)-P01 | B85: 21 (7).tif | C85: 21(7)-V02 | D85: =导管母表_1781!F964 | E85: =导管母表_1781!G964 | F85: 21(7)-V03 | G85: =导管母表_1781!F965 | H85: =导管母表_1781!G965 | I85: J194:J196 | J85: =COUNT(TVW线测量明细!J194:J196) | K85: =AVERAGE(TVW线测量明细!J194:J196) | L85: =MEDIAN(TVW线测量明细!J194:J196) | M85: =IF(J85>1,STDEV(TVW线测量明细!J194:J196),0) | N85: =IF(K85=0,"",M85/K85*100) | O85: 8.9236416 | P85: =IF(O85=0,"",(K85/O85-1)*100) | Q85: =(K85/E85)^2 | R85: =(K85/H85)^2 | S85: =AVERAGE(Q85,R85) | T85: =AVERAGE((O85/E85)^2,(O85/H85)^2) | U85: =IF(T85=0,"",(S85/T85-1)*100) | V85: =AVERAGE((L85/E85)^2,(L85/H85)^2) | W85: =IF(ABS(E85-汇总!B25)<=ABS(H85-汇总!B25),E85,H85) | X85: =(K85/W85)^2 | Y85: =IF(N85>10,"HIGH_TVW_CV",IF(J85<3,"SHORT_INTERFACE","PASS")) | Z85: Di1、TVW均值、Di2均来自本Pair_ID；TVW=3–5法线平均 | AA85: 样品21
A86: 22(5)-P01 | B86: 22 (5).tif | C86: 22(5)-V02 | D86: =导管母表_1781!F996 | E86: =导管母表_1781!G996 | F86: 22(5)-V04 | G86: =导管母表_1781!F998 | H86: =导管母表_1781!G998 | I86: J197:J198 | J86: =COUNT(TVW线测量明细!J197:J198) | K86: =AVERAGE(TVW线测量明细!J197:J198) | L86: =MEDIAN(TVW线测量明细!J197:J198) | M86: =IF(J86>1,STDEV(TVW线测量明细!J197:J198),0) | N86: =IF(K86=0,"",M86/K86*100) | O86: 7.9815477 | P86: =IF(O86=0,"",(K86/O86-1)*100) | Q86: =(K86/E86)^2 | R86: =(K86/H86)^2 | S86: =AVERAGE(Q86,R86) | T86: =AVERAGE((O86/E86)^2,(O86/H86)^2) | U86: =IF(T86=0,"",(S86/T86-1)*100) | V86: =AVERAGE((L86/E86)^2,(L86/H86)^2) | W86: =IF(ABS(E86-汇总!B25)<=ABS(H86-汇总!B25),E86,H86) | X86: =(K86/W86)^2 | Y86: =IF(N86>10,"HIGH_TVW_CV",IF(J86<3,"SHORT_INTERFACE","PASS")) | Z86: Di1、TVW均值、Di2均来自本Pair_ID；TVW=3–5法线平均 | AA86: 样品22
A87: 22(7)-P01 | B87: 22 (7).tif | C87: 22(7)-V01 | D87: =导管母表_1781!F1008 | E87: =导管母表_1781!G1008 | F87: 22(7)-V02 | G87: =导管母表_1781!F1009 | H87: =导管母表_1781!G1009 | I87: J199:J202 | J87: =COUNT(TVW线测量明细!J199:J202) | K87: =AVERAGE(TVW线测量明细!J199:J202) | L87: =MEDIAN(TVW线测量明细!J199:J202) | M87: =IF(J87>1,STDEV(TVW线测量明细!J199:J202),0) | N87: =IF(K87=0,"",M87/K87*100) | O87: 9.2282545 | P87: =IF(O87=0,"",(K87/O87-1)*100) | Q87: =(K87/E87)^2 | R87: =(K87/H87)^2 | S87: =AVERAGE(Q87,R87) | T87: =AVERAGE((O87/E87)^2,(O87/H87)^2) | U87: =IF(T87=0,"",(S87/T87-1)*100) | V87: =AVERAGE((L87/E87)^2,(L87/H87)^2) | W87: =IF(ABS(E87-汇总!B25)<=ABS(H87-汇总!B25),E87,H87) | X87: =(K87/W87)^2 | Y87: =IF(N87>10,"HIGH_TVW_CV",IF(J87<3,"SHORT_INTERFACE","PASS")) | Z87: Di1、TVW均值、Di2均来自本Pair_ID；TVW=3–5法线平均 | AA87: 样品22
A88: 22(8)-P01 | B88: 22 (8).tif | C88: 22(8)-V01 | D88: =导管母表_1781!F1014 | E88: =导管母表_1781!G1014 | F88: 22(8)-V04 | G88: =导管母表_1781!F1017 | H88: =导管母表_1781!G1017 | I88: J203:J204 | J88: =COUNT(TVW线测量明细!J203:J204) | K88: =AVERAGE(TVW线测量明细!J203:J204) | L88: =MEDIAN(TVW线测量明细!J203:J204) | M88: =IF(J88>1,STDEV(TVW线测量明细!J203:J204),0) | N88: =IF(K88=0,"",M88/K88*100) | O88: 6.9088037 | P88: =IF(O88=0,"",(K88/O88-1)*100) | Q88: =(K88/E88)^2 | R88: =(K88/H88)^2 | S88: =AVERAGE(Q88,R88) | T88: =AVERAGE((O88/E88)^2,(O88/H88)^2) | U88: =IF(T88=0,"",(S88/T88-1)*100) | V88: =AVERAGE((L88/E88)^2,(L88/H88)^2) | W88: =IF(ABS(E88-汇总!B25)<=ABS(H88-汇总!B25),E88,H88) | X88: =(K88/W88)^2 | Y88: =IF(N88>10,"HIGH_TVW_CV",IF(J88<3,"SHORT_INTERFACE","PASS")) | Z88: Di1、TVW均值、Di2均来自本Pair_ID；TVW=3–5法线平均 | AA88: 样品22
A89: 23(3)-P01 | B89: 23 (3).tif | C89: 23(3)-V02 | D89: =导管母表_1781!F1032 | E89: =导管母表_1781!G1032 | F89: 23(3)-V03 | G89: =导管母表_1781!F1033 | H89: =导管母表_1781!G1033 | I89: J205:J207 | J89: =COUNT(TVW线测量明细!J205:J207) | K89: =AVERAGE(TVW线测量明细!J205:J207) | L89: =MEDIAN(TVW线测量明细!J205:J207) | M89: =IF(J89>1,STDEV(TVW线测量明细!J205:J207),0) | N89: =IF(K89=0,"",M89/K89*100) | O89: 5.4521462 | P89: =IF(O89=0,"",(K89/O89-1)*100) | Q89: =(K89/E89)^2 | R89: =(K89/H89)^2 | S89: =AVERAGE(Q89,R89) | T89: =AVERAGE((O89/E89)^2,(O89/H89)^2) | U89: =IF(T89=0,"",(S89/T89-1)*100) | V89: =AVERAGE((L89/E89)^2,(L89/H89)^2) | W89: =IF(ABS(E89-汇总!B25)<=ABS(H89-汇总!B25),E89,H89) | X89: =(K89/W89)^2 | Y89: =IF(N89>10,"HIGH_TVW_CV",IF(J89<3,"SHORT_INTERFACE","PASS")) | Z89: Di1、TVW均值、Di2均来自本Pair_ID；TVW=3–5法线平均 | AA89: 样品23
A90: 23(5)-P01 | B90: 23 (5).tif | C90: 23(5)-V01 | D90: =导管母表_1781!F1042 | E90: =导管母表_1781!G1042 | F90: 23(5)-V02 | G90: =导管母表_1781!F1043 | H90: =导管母表_1781!G1043 | I90: J208:J210 | J90: =COUNT(TVW线测量明细!J208:J210) | K90: =AVERAGE(TVW线测量明细!J208:J210) | L90: =MEDIAN(TVW线测量明细!J208:J210) | M90: =IF(J90>1,STDEV(TVW线测量明细!J208:J210),0) | N90: =IF(K90=0,"",M90/K90*100) | O90: 6.4525313 | P90: =IF(O90=0,"",(K90/O90-1)*100) | Q90: =(K90/E90)^2 | R90: =(K90/H90)^2 | S90: =AVERAGE(Q90,R90) | T90: =AVERAGE((O90/E90)^2,(O90/H90)^2) | U90: =IF(T90=0,"",(S90/T90-1)*100) | V90: =AVERAGE((L90/E90)^2,(L90/H90)^2) | W90: =IF(ABS(E90-汇总!B25)<=ABS(H90-汇总!B25),E90,H90) | X90: =(K90/W90)^2 | Y90: =IF(N90>10,"HIGH_TVW_CV",IF(J90<3,"SHORT_INTERFACE","PASS")) | Z90: Di1、TVW均值、Di2均来自本Pair_ID；TVW=3–5法线平均 | AA90: 样品23
A91: 23(7)-P01 | B91: 23 (7).tif | C91: 23(7)-V01 | D91: =导管母表_1781!F1051 | E91: =导管母表_1781!G1051 | F91: 23(7)-V02 | G91: =导管母表_1781!F1052 | H91: =导管母表_1781!G1052 | I91: J211:J211 | J91: =COUNT(TVW线测量明细!J211:J211) | K91: =AVERAGE(TVW线测量明细!J211:J211) | L91: =MEDIAN(TVW线测量明细!J211:J211) | M91: =IF(J91>1,STDEV(TVW线测量明细!J211:J211),0) | N91: =IF(K91=0,"",M91/K91*100) | O91: 7.5713369 | P91: =IF(O91=0,"",(K91/O91-1)*100) | Q91: =(K91/E91)^2 | R91: =(K91/H91)^2 | S91: =AVERAGE(Q91,R91) | T91: =AVERAGE((O91/E91)^2,(O91/H91)^2) | U91: =IF(T91=0,"",(S91/T91-1)*100) | V91: =AVERAGE((L91/E91)^2,(L91/H91)^2) | W91: =IF(ABS(E91-汇总!B25)<=ABS(H91-汇总!B25),E91,H91) | X91: =(K91/W91)^2 | Y91: =IF(N91>10,"HIGH_TVW_CV",IF(J91<3,"SHORT_INTERFACE","PASS")) | Z91: Di1、TVW均值、Di2均来自本Pair_ID；TVW=3–5法线平均 | AA91: 样品23
A92: 23(8)-P01 | B92: 23 (8).tif | C92: 23(8)-V01 | D92: =导管母表_1781!F1059 | E92: =导管母表_1781!G1059 | F92: 23(8)-V02 | G92: =导管母表_1781!F1060 | H92: =导管母表_1781!G1060 | I92: J212:J213 | J92: =COUNT(TVW线测量明细!J212:J213) | K92: =AVERAGE(TVW线测量明细!J212:J213) | L92: =MEDIAN(TVW线测量明细!J212:J213) | M92: =IF(J92>1,STDEV(TVW线测量明细!J212:J213),0) | N92: =IF(K92=0,"",M92/K92*100) | O92: 5.2264414 | P92: =IF(O92=0,"",(K92/O92-1)*100) | Q92: =(K92/E92)^2 | R92: =(K92/H92)^2 | S92: =AVERAGE(Q92,R92) | T92: =AVERAGE((O92/E92)^2,(O92/H92)^2) | U92: =IF(T92=0,"",(S92/T92-1)*100) | V92: =AVERAGE((L92/E92)^2,(L92/H92)^2) | W92: =IF(ABS(E92-汇总!B25)<=ABS(H92-汇总!B25),E92,H92) | X92: =(K92/W92)^2 | Y92: =IF(N92>10,"HIGH_TVW_CV",IF(J92<3,"SHORT_INTERFACE","PASS")) | Z92: Di1、TVW均值、Di2均来自本Pair_ID；TVW=3–5法线平均 | AA92: 样品23
A93: 24(1)-P01 | B93: 24 (1).tif | C93: 24(1)-V01 | D93: =导管母表_1781!F1065 | E93: =导管母表_1781!G1065 | F93: 24(1)-V03 | G93: =导管母表_1781!F1067 | H93: =导管母表_1781!G1067 | I93: J214:J215 | J93: =COUNT(TVW线测量明细!J214:J215) | K93: =AVERAGE(TVW线测量明细!J214:J215) | L93: =MEDIAN(TVW线测量明细!J214:J215) | M93: =IF(J93>1,STDEV(TVW线测量明细!J214:J215),0) | N93: =IF(K93=0,"",M93/K93*100) | O93: 8.3065101 | P93: =IF(O93=0,"",(K93/O93-1)*100) | Q93: =(K93/E93)^2 | R93: =(K93/H93)^2 | S93: =AVERAGE(Q93,R93) | T93: =AVERAGE((O93/E93)^2,(O93/H93)^2) | U93: =IF(T93=0,"",(S93/T93-1)*100) | V93: =AVERAGE((L93/E93)^2,(L93/H93)^2) | W93: =IF(ABS(E93-汇总!B25)<=ABS(H93-汇总!B25),E93,H93) | X93: =(K93/W93)^2 | Y93: =IF(N93>10,"HIGH_TVW_CV",IF(J93<3,"SHORT_INTERFACE","PASS")) | Z93: Di1、TVW均值、Di2均来自本Pair_ID；TVW=3–5法线平均 | AA93: 样品24
A94: 24(2)-P01 | B94: 24 (2).tif | C94: 24(2)-V01 | D94: =导管母表_1781!F1069 | E94: =导管母表_1781!G1069 | F94: 24(2)-V02 | G94: =导管母表_1781!F1070 | H94: =导管母表_1781!G1070 | I94: J216:J216 | J94: =COUNT(TVW线测量明细!J216:J216) | K94: =AVERAGE(TVW线测量明细!J216:J216) | L94: =MEDIAN(TVW线测量明细!J216:J216) | M94: =IF(J94>1,STDEV(TVW线测量明细!J216:J216),0) | N94: =IF(K94=0,"",M94/K94*100) | O94: 4.3041282 | P94: =IF(O94=0,"",(K94/O94-1)*100) | Q94: =(K94/E94)^2 | R94: =(K94/H94)^2 | S94: =AVERAGE(Q94,R94) | T94: =AVERAGE((O94/E94)^2,(O94/H94)^2) | U94: =IF(T94=0,"",(S94/T94-1)*100) | V94: =AVERAGE((L94/E94)^2,(L94/H94)^2) | W94: =IF(ABS(E94-汇总!B25)<=ABS(H94-汇总!B25),E94,H94) | X94: =(K94/W94)^2 | Y94: =IF(N94>10,"HIGH_TVW_CV",IF(J94<3,"SHORT_INTERFACE","PASS")) | Z94: Di1、TVW均值、Di2均来自本Pair_ID；TVW=3–5法线平均 | AA94: 样品24
A95: 24(3)-P01 | B95: 24 (3).tif | C95: 24(3)-V01 | D95: =导管母表_1781!F1075 | E95: =导管母表_1781!G1075 | F95: 24(3)-V02 | G95: =导管母表_1781!F1076 | H95: =导管母表_1781!G1076 | I95: J217:J218 | J95: =COUNT(TVW线测量明细!J217:J218) | K95: =AVERAGE(TVW线测量明细!J217:J218) | L95: =MEDIAN(TVW线测量明细!J217:J218) | M95: =IF(J95>1,STDEV(TVW线测量明细!J217:J218),0) | N95: =IF(K95=0,"",M95/K95*100) | O95: 4.043712 | P95: =IF(O95=0,"",(K95/O95-1)*100) | Q95: =(K95/E95)^2 | R95: =(K95/H95)^2 | S95: =AVERAGE(Q95,R95) | T95: =AVERAGE((O95/E95)^2,(O95/H95)^2) | U95: =IF(T95=0,"",(S95/T95-1)*100) | V95: =AVERAGE((L95/E95)^2,(L95/H95)^2) | W95: =IF(ABS(E95-汇总!B25)<=ABS(H95-汇总!B25),E95,H95) | X95: =(K95/W95)^2 | Y95: =IF(N95>10,"HIGH_TVW_CV",IF(J95<3,"SHORT_INTERFACE","PASS")) | Z95: Di1、TVW均值、Di2均来自本Pair_ID；TVW=3–5法线平均 | AA95: 样品24
A96: 24(4)-P01 | B96: 24 (4).tif | C96: 24(4)-V01 | D96: =导管母表_1781!F1083 | E96: =导管母表_1781!G1083 | F96: 24(4)-V07 | G96: =导管母表_1781!F1089 | H96: =导管母表_1781!G1089 | I96: J219:J222 | J96: =COUNT(TVW线测量明细!J219:J222) | K96: =AVERAGE(TVW线测量明细!J219:J222) | L96: =MEDIAN(TVW线测量明细!J219:J222) | M96: =IF(J96>1,STDEV(TVW线测量明细!J219:J222),0) | N96: =IF(K96=0,"",M96/K96*100) | O96: 11.095478 | P96: =IF(O96=0,"",(K96/O96-1)*100) | Q96: =(K96/E96)^2 | R96: =(K96/H96)^2 | S96: =AVERAGE(Q96,R96) | T96: =AVERAGE((O96/E96)^2,(O96/H96)^2) | U96: =IF(T96=0,"",(S96/T96-1)*100) | V96: =AVERAGE((L96/E96)^2,(L96/H96)^2) | W96: =IF(ABS(E96-汇总!B25)<=ABS(H96-汇总!B25),E96,H96) | X96: =(K96/W96)^2 | Y96: =IF(N96>10,"HIGH_TVW_CV",IF(J96<3,"SHORT_INTERFACE","PASS")) | Z96: Di1、TVW均值、Di2均来自本Pair_ID；TVW=3–5法线平均 | AA96: 样品24
A97: 24(5)-P01 | B97: 24 (5).tif | C97: 24(5)-V03 | D97: =导管母表_1781!F1093 | E97: =导管母表_1781!G1093 | F97: 24(5)-V06 | G97: =导管母表_1781!F1096 | H97: =导管母表_1781!G1096 | I97: J223:J224 | J97: =COUNT(TVW线测量明细!J223:J224) | K97: =AVERAGE(TVW线测量明细!J223:J224) | L97: =MEDIAN(TVW线测量明细!J223:J224) | M97: =IF(J97>1,STDEV(TVW线测量明细!J223:J224),0) | N97: =IF(K97=0,"",M97/K97*100) | O97: 11.089088 | P97: =IF(O97=0,"",(K97/O97-1)*100) | Q97: =(K97/E97)^2 | R97: =(K97/H97)^2 | S97: =AVERAGE(Q97,R97) | T97: =AVERAGE((O97/E97)^2,(O97/H97)^2) | U97: =IF(T97=0,"",(S97/T97-1)*100) | V97: =AVERAGE((L97/E97)^2,(L97/H97)^2) | W97: =IF(ABS(E97-汇总!B25)<=ABS(H97-汇总!B25),E97,H97) | X97: =(K97/W97)^2 | Y97: =IF(N97>10,"HIGH_TVW_CV",IF(J97<3,"SHORT_INTERFACE","PASS")) | Z97: Di1、TVW均值、Di2均来自本Pair_ID；TVW=3–5法线平均 | AA97: 样品24
A98: 24(5)-P02 | B98: 24 (5).tif | C98: 24(5)-V01 | D98: =导管母表_1781!F1091 | E98: =导管母表_1781!G1091 | F98: 24(5)-V04 | G98: =导管母表_1781!F1094 | H98: =导管母表_1781!G1094 | I98: J225:J227 | J98: =COUNT(TVW线测量明细!J225:J227) | K98: =AVERAGE(TVW线测量明细!J225:J227) | L98: =MEDIAN(TVW线测量明细!J225:J227) | M98: =IF(J98>1,STDEV(TVW线测量明细!J225:J227),0) | N98: =IF(K98=0,"",M98/K98*100) | O98: 6.5217391 | P98: =IF(O98=0,"",(K98/O98-1)*100) | Q98: =(K98/E98)^2 | R98: =(K98/H98)^2 | S98: =AVERAGE(Q98,R98) | T98: =AVERAGE((O98/E98)^2,(O98/H98)^2) | U98: =IF(T98=0,"",(S98/T98-1)*100) | V98: =AVERAGE((L98/E98)^2,(L98/H98)^2) | W98: =IF(ABS(E98-汇总!B25)<=ABS(H98-汇总!B25),E98,H98) | X98: =(K98/W98)^2 | Y98: =IF(N98>10,"HIGH_TVW_CV",IF(J98<3,"SHORT_INTERFACE","PASS")) | Z98: Di1、TVW均值、Di2均来自本Pair_ID；TVW=3–5法线平均 | AA98: 样品24
A99: 24(7)-P01 | B99: 24 (7).tif | C99: 24(7)-V03 | D99: =导管母表_1781!F1108 | E99: =导管母表_1781!G1108 | F99: 24(7)-V04 | G99: =导管母表_1781!F1109 | H99: =导管母表_1781!G1109 | I99: J228:J228 | J99: =COUNT(TVW线测量明细!J228:J228) | K99: =AVERAGE(TVW线测量明细!J228:J228) | L99: =MEDIAN(TVW线测量明细!J228:J228) | M99: =IF(J99>1,STDEV(TVW线测量明细!J228:J228),0) | N99: =IF(K99=0,"",M99/K99*100) | O99: 15.754496 | P99: =IF(O99=0,"",(K99/O99-1)*100) | Q99: =(K99/E99)^2 | R99: =(K99/H99)^2 | S99: =AVERAGE(Q99,R99) | T99: =AVERAGE((O99/E99)^2,(O99/H99)^2) | U99: =IF(T99=0,"",(S99/T99-1)*100) | V99: =AVERAGE((L99/E99)^2,(L99/H99)^2) | W99: =IF(ABS(E99-汇总!B25)<=ABS(H99-汇总!B25),E99,H99) | X99: =(K99/W99)^2 | Y99: =IF(N99>10,"HIGH_TVW_CV",IF(J99<3,"SHORT_INTERFACE","PASS")) | Z99: Di1、TVW均值、Di2均来自本Pair_ID；TVW=3–5法线平均 | AA99: 样品24
A100: 24(8)-P01 | B100: 24 (8).tif | C100: 24(8)-V01 | D100: =导管母表_1781!F1114 | E100: =导管母表_1781!G1114 | F100: 24(8)-V05 | G100: =导管母表_1781!F1118 | H100: =导管母表_1781!G1118 | I100: J229:J230 | J100: =COUNT(TVW线测量明细!J229:J230) | K100: =AVERAGE(TVW线测量明细!J229:J230) | L100: =MEDIAN(TVW线测量明细!J229:J230) | M100: =IF(J100>1,STDEV(TVW线测量明细!J229:J230),0) | N100: =IF(K100=0,"",M100/K100*100) | O100: 5.3471191 | P100: =IF(O100=0,"",(K100/O100-1)*100) | Q100: =(K100/E100)^2 | R100: =(K100/H100)^2 | S100: =AVERAGE(Q100,R100) | T100: =AVERAGE((O100/E100)^2,(O100/H100)^2) | U100: =IF(T100=0,"",(S100/T100-1)*100) | V100: =AVERAGE((L100/E100)^2,(L100/H100)^2) | W100: =IF(ABS(E100-汇总!B25)<=ABS(H100-汇总!B25),E100,H100) | X100: =(K100/W100)^2 | Y100: =IF(N100>10,"HIGH_TVW_CV",IF(J100<3,"SHORT_INTERFACE","PASS")) | Z100: Di1、TVW均值、Di2均来自本Pair_ID；TVW=3–5法线平均 | AA100: 样品24
...

Sheet TVW线测量明细
A1: Pair_ID | B1: 图像文件 | C1: Line_ID | D1: 起点X (px) | E1: 起点Y (px) | F1: 终点X (px) | G1: 终点Y (px) | H1: 长度 (px) | I1: 标定 (μm/px) | J1: TVW (μm) | K1: 与导管1局部法线偏差 (°) | L1: 与导管2局部法线偏差 (°) | M1: 最大法线偏差 (°) | N1: 共同壁位置分位 | O1: 纳入 | P1: 线级质控 | Q1: 样品
A2: 1(1)-P01 | B2: 1 (1).tif | C2: L1 | D2: 906 | E2: 207 | F2: 913 | G2: 239 | H2: =SQRT((F2-D2)^2+(G2-E2)^2) | I2: 0.2173913 | J2: =H2*I2 | M2: =IF(OR(K2="",L2=""),"",MAX(K2,L2)) | N2: 0.5 | O2: 是 | P2: =IF(OR(M2="",M2<=18),"PASS","ANGLE_ALERT") | Q2: 样品1
A3: 1(2)-P01 | B3: 1 (2).tif | C3: L1 | D3: 483 | E3: 344 | F3: 528 | G3: 346 | H3: =SQRT((F3-D3)^2+(G3-E3)^2) | I3: 0.2173913 | J3: =H3*I3 | M3: =IF(OR(K3="",L3=""),"",MAX(K3,L3)) | N3: 0.5 | O3: 是 | P3: =IF(OR(M3="",M3<=18),"PASS","ANGLE_ALERT") | Q3: 样品1
A4: 1(2)-P01 | B4: 1 (2).tif | C4: L2 | D4: 478 | E4: 358 | F4: 495 | G4: 367 | H4: =SQRT((F4-D4)^2+(G4-E4)^2) | I4: 0.2173913 | J4: =H4*I4 | M4: =IF(OR(K4="",L4=""),"",MAX(K4,L4)) | N4: 0.5 | O4: 是 | P4: =IF(OR(M4="",M4<=18),"PASS","ANGLE_ALERT") | Q4: 样品1
A5: 1(3)-P01 | B5: 1 (3).tif | C5: L1 | D5: 537 | E5: 381 | F5: 516 | G5: 343 | H5: =SQRT((F5-D5)^2+(G5-E5)^2) | I5: 0.2173913 | J5: =H5*I5 | M5: =IF(OR(K5="",L5=""),"",MAX(K5,L5)) | N5: 0.5 | O5: 是 | P5: =IF(OR(M5="",M5<=18),"PASS","ANGLE_ALERT") | Q5: 样品1
A6: 1(3)-P01 | B6: 1 (3).tif | C6: L2 | D6: 529 | E6: 387 | F6: 504 | G6: 357 | H6: =SQRT((F6-D6)^2+(G6-E6)^2) | I6: 0.2173913 | J6: =H6*I6 | M6: =IF(OR(K6="",L6=""),"",MAX(K6,L6)) | N6: 0.5 | O6: 是 | P6: =IF(OR(M6="",M6<=18),"PASS","ANGLE_ALERT") | Q6: 样品1
A7: 1(3)-P01 | B7: 1 (3).tif | C7: L3 | D7: 541 | E7: 379 | F7: 514 | G7: 347 | H7: =SQRT((F7-D7)^2+(G7-E7)^2) | I7: 0.2173913 | J7: =H7*I7 | M7: =IF(OR(K7="",L7=""),"",MAX(K7,L7)) | N7: 0.5 | O7: 是 | P7: =IF(OR(M7="",M7<=18),"PASS","ANGLE_ALERT") | Q7: 样品1
A8: 1(4)-P01 | B8: 1 (4).tif | C8: L1 | D8: 504 | E8: 362 | F8: 517 | G8: 363 | H8: =SQRT((F8-D8)^2+(G8-E8)^2) | I8: 0.2173913 | J8: =H8*I8 | M8: =IF(OR(K8="",L8=""),"",MAX(K8,L8)) | N8: 0.5 | O8: 是 | P8: =IF(OR(M8="",M8<=18),"PASS","ANGLE_ALERT") | Q8: 样品1
A9: 1(4)-P01 | B9: 1 (4).tif | C9: L2 | D9: 503 | E9: 371 | F9: 517 | G9: 375 | H9: =SQRT((F9-D9)^2+(G9-E9)^2) | I9: 0.2173913 | J9: =H9*I9 | M9: =IF(OR(K9="",L9=""),"",MAX(K9,L9)) | N9: 0.5 | O9: 是 | P9: =IF(OR(M9="",M9<=18),"PASS","ANGLE_ALERT") | Q9: 样品1
A10: 1(5)-P01 | B10: 1 (5).tif | C10: L1 | D10: 546 | E10: 379 | F10: 517 | G10: 394 | H10: =SQRT((F10-D10)^2+(G10-E10)^2) | I10: 0.2173913 | J10: =H10*I10 | M10: =IF(OR(K10="",L10=""),"",MAX(K10,L10)) | N10: 0.5 | O10: 是 | P10: =IF(OR(M10="",M10<=18),"PASS","ANGLE_ALERT") | Q10: 样品1
A11: 1(6)-P01 | B11: 1 (6).tif | C11: L1 | D11: 489 | E11: 379 | F11: 505 | G11: 365 | H11: =SQRT((F11-D11)^2+(G11-E11)^2) | I11: 0.2173913 | J11: =H11*I11 | M11: =IF(OR(K11="",L11=""),"",MAX(K11,L11)) | N11: 0.5 | O11: 是 | P11: =IF(OR(M11="",M11<=18),"PASS","ANGLE_ALERT") | Q11: 样品1
A12: 1(6)-P01 | B12: 1 (6).tif | C12: L2 | D12: 482 | E12: 372 | F12: 496 | G12: 343 | H12: =SQRT((F12-D12)^2+(G12-E12)^2) | I12: 0.2173913 | J12: =H12*I12 | M12: =IF(OR(K12="",L12=""),"",MAX(K12,L12)) | N12: 0.5 | O12: 是 | P12: =IF(OR(M12="",M12<=18),"PASS","ANGLE_ALERT") | Q12: 样品1
A13: 2(3)-P01 | B13: 2 (3).tif | C13: L1 | D13: 504 | E13: 352 | F13: 520 | G13: 365 | H13: =SQRT((F13-D13)^2+(G13-E13)^2) | I13: 0.2173913 | J13: =H13*I13 | M13: =IF(OR(K13="",L13=""),"",MAX(K13,L13)) | N13: 0.5 | O13: 是 | P13: =IF(OR(M13="",M13<=18),"PASS","ANGLE_ALERT") | Q13: 样品2
... A388: 40(9)-P01 | B388: 40 (9).tif | C388: L1 | D388: 512 | E388: 382 | F388: 504 | G388: 363 | H388: =SQRT((F388-D388)^2+(G388-E388)^2) | I388: 0.2173913 | J388: =H388*I388 | M388: =IF(OR(K388="",L388=""),"",MAX(K388,L388)) | N388: 0.5 | O388: 是 | P388: =IF(OR(M388="",M388<=18),"PASS","ANGLE_ALERT") | Q388: 样品40

Sheet Sheet1 统计结果
A1: 样品序号 | B1: 导管腔面积 Ai (μm2)（可记录多个） | C1: 最大导管腔面积 Amax (μm2) | D1: 最小导管腔面积 Amin (μm2) | E1: 平均导管腔面积 Amean (μm2) | F1: 等效圆直径 Di (μm)（可记录多个） | G1: 最大等效圆直径 Dmax (μm) | H1: 最小等效圆直径 Dmin (μm) | I1: 平均等效圆直径 Dmean (μm) | J1: 水力加权直径 Dh(μm) | K1: 双导管壁厚 TVW (μm) | L1: 壁强化指数 CWR | N1: 黄色统计 绿色计算
A2: 样品1 | B2: 见“导管母表_1781”F2:F45（全部44个合格导管） | C2: =MAX(导管母表_1781!F2:F45) | D2: =MIN(导管母表_1781!F2:F45) | E2: =AVERAGE(导管母表_1781!F2:F45) | F2: 见“导管母表_1781”G2:G45（44个逐导管Di） | G2: =MAX(导管母表_1781!G2:G45) | H2: =MIN(导管母表_1781!G2:G45) | I2: =AVERAGE(导管母表_1781!G2:G45) | J2: =SUMPRODUCT(导管母表_1781!G2:G45^5)/SUMPRODUCT(导管母表_1781!G2:G45^4) | K2: =AVERAGE(导管对_CWR_172!K2:K7) | L2: =AVERAGE(导管对_CWR_172!S2:S7) | N2: 自动管线：A/D/Dh用全部44个合格导管；CWR用6个相贴导管对。每壁3–5条局部法线TVW取均值为主值，再算CWR_pair；Ai=不规则闭合轮廓。
A3: 样品2 | B3: 见“导管母表_1781”F46:F127（全部82个合格导管） | C3: =MAX(导管母表_1781!F46:F127) | D3: =MIN(导管母表_1781!F46:F127) | E3: =AVERAGE(导管母表_1781!F46:F127) | F3: 见“导管母表_1781”G46:G127（82个逐导管Di） | G3: =MAX(导管母表_1781!G46:G127) | H3: =MIN(导管母表_1781!G46:G127) | I3: =AVERAGE(导管母表_1781!G46:G127) | J3: =SUMPRODUCT(导管母表_1781!G46:G127^5)/SUMPRODUCT(导管母表_1781!G46:G127^4) | K3: =AVERAGE(导管对_CWR_172!K8:K16) | L3: =AVERAGE(导管对_CWR_172!S8:S16) | N3: 自动管线：A/D/Dh用全部82个合格导管；CWR用9个相贴导管对。每壁3–5条局部法线TVW取均值为主值，再算CWR_pair；Ai=不规则闭合轮廓。
A4: 样品3 | B4: 见“导管母表_1781”F128:F174（全部47个合格导管） | C4: =MAX(导管母表_1781!F128:F174) | D4: =MIN(导管母表_1781!F128:F174) | E4: =AVERAGE(导管母表_1781!F128:F174) | F4: 见“导管母表_1781”G128:G174（47个逐导管Di） | G4: =MAX(导管母表_1781!G128:G174) | H4: =MIN(导管母表_1781!G128:G174) | I4: =AVERAGE(导管母表_1781!G128:G174) | J4: =SUMPRODUCT(导管母表_1781!G128:G174^5)/SUMPRODUCT(导管母表_1781!G128:G174^4) | K4: =AVERAGE(导管对_CWR_172!K17:K22) | L4: =AVERAGE(导管对_CWR_172!S17:S22) | N4: 自动管线：A/D/Dh用全部47个合格导管；CWR用6个相贴导管对。每壁3–5条局部法线TVW取均值为主值，再算CWR_pair；Ai=不规则闭合轮廓。
A5: 样品4 | B5: 见“导管母表_1781”F175:F211（全部37个合格导管） | C5: =MAX(导管母表_1781!F175:F211) | D5: =MIN(导管母表_1781!F175:F211) | E5: =AVERAGE(导管母表_1781!F175:F211) | F5: 见“导管母表_1781”G175:G211（37个逐导管Di） | G5: =MAX(导管母表_1781!G175:G211) | H5: =MIN(导管母表_1781!G175:G211) | I5: =AVERAGE(导管母表_1781!G175:G211) | J5: =SUMPRODUCT(导管母表_1781!G175:G211^5)/SUMPRODUCT(导管母表_1781!G175:G211^4) | K5: =AVERAGE(导管对_CWR_172!K23:K26) | L5: =AVERAGE(导管对_CWR_172!S23:S26) | N5: 自动管线：A/D/Dh用全部37个合格导管；CWR用4个相贴导管对。每壁3–5条局部法线TVW取均值为主值，再算CWR_pair；Ai=不规则闭合轮廓。
A6: 样品5 | B6: 见“导管母表_1781”F212:F245（全部34个合格导管） | C6: =MAX(导管母表_1781!F212:F245) | D6: =MIN(导管母表_1781!F212:F245) | E6: =AVERAGE(导管母表_1781!F212:F245) | F6: 见“导管母表_1781”G212:G245（34个逐导管Di） | G6: =MAX(导管母表_1781!G212:G245) | H6: =MIN(导管母表_1781!G212:G245) | I6: =AVERAGE(导管母表_1781!G212:G245) | J6: =SUMPRODUCT(导管母表_1781!G212:G245^5)/SUMPRODUCT(导管母表_1781!G212:G245^4) | K6: =AVERAGE(导管对_CWR_172!K27:K28) | L6: =AVERAGE(导管对_CWR_172!S27:S28) | N6: 自动管线：A/D/Dh用全部34个合格导管；CWR用2个相贴导管对。每壁3–5条局部法线TVW取均值为主值，再算CWR_pair；Ai=不规则闭合轮廓。
A7: 样品6 | B7: 见“导管母表_1781”F246:F332（全部87个合格导管） | C7: =MAX(导管母表_1781!F246:F332) | D7: =MIN(导管母表_1781!F246:F332) | E7: =AVERAGE(导管母表_1781!F246:F332) | F7: 见“导管母表_1781”G246:G332（87个逐导管Di） | G7: =MAX(导管母表_1781!G246:G332) | H7: =MIN(导管母表_1781!G246:G332) | I7: =AVERAGE(导管母表_1781!G246:G332) | J7: =SUMPRODUCT(导管母表_1781!G246:G332^5)/SUMPRODUCT(导管母表_1781!G246:G332^4) | K7: =AVERAGE(导管对_CWR_172!K29:K36) | L7: =AVERAGE(导管对_CWR_172!S29:S36) | N7: 自动管线：A/D/Dh用全部87个合格导管；CWR用8个相贴导管对。每壁3–5条局部法线TVW取均值为主值，再算CWR_pair；Ai=不规则闭合轮廓。
A8: 样品7 | B8: 见“导管母表_1781”F333:F361（全部29个合格导管） | C8: =MAX(导管母表_1781!F333:F361) | D8: =MIN(导管母表_1781!F333:F361) | E8: =AVERAGE(导管母表_1781!F333:F361) | F8: 见“导管母表_1781”G333:G361（29个逐导管Di） | G8: =MAX(导管母表_1781!G333:G361) | H8: =MIN(导管母表_1781!G333:G361) | I8: =AVERAGE(导管母表_1781!G333:G361) | J8: =SUMPRODUCT(导管母表_1781!G333:G361^5)/SUMPRODUCT(导管母表_1781!G333:G361^4) | K8: =AVERAGE(导管对_CWR_172!K37:K39) | L8: =AVERAGE(导管对_CWR_172!S37:S39) | N8: 自动管线：A/D/Dh用全部29个合格导管；CWR用3个相贴导管对。每壁3–5条局部法线TVW取均值为主值，再算CWR_pair；Ai=不规则闭合轮廓。
A9: 样品8 | B9: 见“导管母表_1781”F362:F398（全部37个合格导管） | C9: =MAX(导管母表_1781!F362:F398) | D9: =MIN(导管母表_1781!F362:F398) | E9: =AVERAGE(导管母表_1781!F362:F398) | F9: 见“导管母表_1781”G362:G398（37个逐导管Di） | G9: =MAX(导管母表_1781!G362:G398) | H9: =MIN(导管母表_1781!G362:G398) | I9: =AVERAGE(导管母表_1781!G362:G398) | J9: =SUMPRODUCT(导管母表_1781!G362:G398^5)/SUMPRODUCT(导管母表_1781!G362:G398^4) | K9: =AVERAGE(导管对_CWR_172!K40:K40) | L9: =AVERAGE(导管对_CWR_172!S40:S40) | N9: 自动管线：A/D/Dh用全部37个合格导管；CWR用1个相贴导管对。每壁3–5条局部法线TVW取均值为主值，再算CWR_pair；Ai=不规则闭合轮廓。
A10: 样品9 | B10: 见“导管母表_1781”F399:F445（全部47个合格导管） | C10: =MAX(导管母表_1781!F399:F445) | D10: =MIN(导管母表_1781!F399:F445) | E10: =AVERAGE(导管母表_1781!F399:F445) | F10: 见“导管母表_1781”G399:G445（47个逐导管Di） | G10: =MAX(导管母表_1781!G399:G445) | H10: =MIN(导管母表_1781!G399:G445) | I10: =AVERAGE(导管母表_1781!G399:G445) | J10: =SUMPRODUCT(导管母表_1781!G399:G445^5)/SUMPRODUCT(导管母表_1781!G399:G445^4) | K10: =AVERAGE(导管对_CWR_172!K41:K44) | L10: =AVERAGE(导管对_CWR_172!S41:S44) | N10: 自动管线：A/D/Dh用全部47个合格导管；CWR用4个相贴导管对。每壁3–5条局部法线TVW取均值为主值，再算CWR_pair；Ai=不规则闭合轮廓。
A11: 样品10 | B11: 见“导管母表_1781”F446:F480（全部35个合格导管） | C11: =MAX(导管母表_1781!F446:F480) | D11: =MIN(导管母表_1781!F446:F480) | E11: =AVERAGE(导管母表_1781!F446:F480) | F11: 见“导管母表_1781”G446:G480（35个逐导管Di） | G11: =MAX(导管母表_1781!G446:G480) | H11: =MIN(导管母表_1781!G446:G480) | I11: =AVERAGE(导管母表_1781!G446:G480) | J11: =SUMPRODUCT(导管母表_1781!G446:G480^5)/SUMPRODUCT(导管母表_1781!G446:G480^4) | K11: =AVERAGE(导管对_CWR_172!K45:K45) | L11: =AVERAGE(导管对_CWR_172!S45:S45) | N11: 自动管线：A/D/Dh用全部35个合格导管；CWR用1个相贴导管对。每壁3–5条局部法线TVW取均值为主值，再算CWR_pair；Ai=不规则闭合轮廓。
A12: 样品11 | B12: 见“导管母表_1781”F481:F530（全部50个合格导管） | C12: =MAX(导管母表_1781!F481:F530) | D12: =MIN(导管母表_1781!F481:F530) | E12: =AVERAGE(导管母表_1781!F481:F530) | F12: 见“导管母表_1781”G481:G530（50个逐导管Di） | G12: =MAX(导管母表_1781!G481:G530) | H12: =MIN(导管母表_1781!G481:G530) | I12: =AVERAGE(导管母表_1781!G481:G530) | J12: =SUMPRODUCT(导管母表_1781!G481:G530^5)/SUMPRODUCT(导管母表_1781!G481:G530^4) | K12: =AVERAGE(导管对_CWR_172!K46:K48) | L12: =AVERAGE(导管对_CWR_172!S46:S48) | N12: 自动管线：A/D/Dh用全部50个合格导管；CWR用3个相贴导管对。每壁3–5条局部法线TVW取均值为主值，再算CWR_pair；Ai=不规则闭合轮廓。
A13: 样品12 | B13: 见“导管母表_1781”F531:F566（全部36个合格导管） | C13: =MAX(导管母表_1781!F531:F566) | D13: =MIN(导管母表_1781!F531:F566) | E13: =AVERAGE(导管母表_1781!F531:F566) | F13: 见“导管母表_1781”G531:G566（36个逐导管Di） | G13: =MAX(导管母表_1781!G531:G566) | H13: =MIN(导管母表_1781!G531:G566) | I13: =AVERAGE(导管母表_1781!G531:G566) | J13: =SUMPRODUCT(导管母表_1781!G531:G566^5)/SUMPRODUCT(导管母表_1781!G531:G566^4) | K13: =AVERAGE(导管对_CWR_172!K49:K50) | L13: =AVERAGE(导管对_CWR_172!S49:S50) | N13: 自动管线：A/D/Dh用全部36个合格导管；CWR用2个相贴导管对。每壁3–5条局部法线TVW取均值为主值，再算CWR_pair；Ai=不规则闭合轮廓。
A14: 样品13 | B14: 见“导管母表_1781”F567:F601（全部35个合格导管） | C14: =MAX(导管母表_1781!F567:F601) | D14: =MIN(导管母表_1781!F567:F601) | E14: =AVERAGE(导管母表_1781!F567:F601) | F14: 见“导管母表_1781”G567:G601（35个逐导管Di） | G14: =MAX(导管母表_1781!G567:G601) | H14: =MIN(导管母表_1781!G567:G601) | I14: =AVERAGE(导管母表_1781!G567:G601) | J14: =SUMPRODUCT(导管母表_1781!G567:G601^5)/SUMPRODUCT(导管母表_1781!G567:G601^4) | K14: =AVERAGE(导管对_CWR_172!K51:K52) | L14: =AVERAGE(导管对_CWR_172!S51:S52) | N14: 自动管线：A/D/Dh用全部35个合格导管；CWR用2个相贴导管对。每壁3–5条局部法线TVW取均值为主值，再算CWR_pair；Ai=不规则闭合轮廓。
A15: 样品14 | B15: 见“导管母表_1781”F602:F638（全部37个合格导管） | C15: =MAX(导管母表_1781!F602:F638) | D15: =MIN(导管母表_1781!F602:F638) | E15: =AVERAGE(导管母表_1781!F602:F638) | F15: 见“导管母表_1781”G602:G638（37个逐导管Di） | G15: =MAX(导管母表_1781!G602:G638) | H15: =MIN(导管母表_1781!G602:G638) | I15: =AVERAGE(导管母表_1781!G602:G638) | J15: =SUMPRODUCT(导管母表_1781!G602:G638^5)/SUMPRODUCT(导管母表_1781!G602:G638^4) | K15: =AVERAGE(导管对_CWR_172!K53:K53) | L15: =AVERAGE(导管对_CWR_172!S53:S53) | N15: 自动管线：A/D/Dh用全部37个合格导管；CWR用1个相贴导管对。每壁3–5条局部法线TVW取均值为主值，再算CWR_pair；Ai=不规则闭合轮廓。
A16: 样品15 | B16: 见“导管母表_1781”F639:F677（全部39个合格导管） | C16: =MAX(导管母表_1781!F639:F677) | D16: =MIN(导管母表_1781!F639:F677) | E16: =AVERAGE(导管母表_1781!F639:F677) | F16: 见“导管母表_1781”G639:G677（39个逐导管Di） | G16: =MAX(导管母表_1781!G639:G677) | H16: =MIN(导管母表_1781!G639:G677) | I16: =AVERAGE(导管母表_1781!G639:G677) | J16: =SUMPRODUCT(导管母表_1781!G639:G677^5)/SUMPRODUCT(导管母表_1781!G639:G677^4) | K16: =AVERAGE(导管对_CWR_172!K54:K54) | L16: =AVERAGE(导管对_CWR_172!S54:S54) | N16: 自动管线：A/D/Dh用全部39个合格导管；CWR用1个相贴导管对。每壁3–5条局部法线TVW取均值为主值，再算CWR_pair；Ai=不规则闭合轮廓。
A17: 样品16 | B17: 见“导管母表_1781”F678:F714（全部37个合格导管） | C17: =MAX(导管母表_1781!F678:F714) | D17: =MIN(导管母表_1781!F678:F714) | E17: =AVERAGE(导管母表_1781!F678:F714) | F17: 见“导管母表_1781”G678:G714（37个逐导管Di） | G17: =MAX(导管母表_1781!G678:G714) | H17: =MIN(导管母表_1781!G678:G714) | I17: =AVERAGE(导管母表_1781!G678:G714) | J17: =SUMPRODUCT(导管母表_1781!G678:G714^5)/SUMPRODUCT(导管母表_1781!G678:G714^4) | K17: =AVERAGE(导管对_CWR_172!K55:K58) | L17: =AVERAGE(导管对_CWR_172!S55:S58) | N17: 自动管线：A/D/Dh用全部37个合格导管；CWR用4个相贴导管对。每壁3–5条局部法线TVW取均值为主值，再算CWR_pair；Ai=不规则闭合轮廓。
A18: 样品17 | B18: 见“导管母表_1781”F715:F751（全部37个合格导管） | C18: =MAX(导管母表_1781!F715:F751) | D18: =MIN(导管母表_1781!F715:F751) | E18: =AVERAGE(导管母表_1781!F715:F751) | F18: 见“导管母表_1781”G715:G751（37个逐导管Di） | G18: =MAX(导管母表_1781!G715:G751) | H18: =MIN(导管母表_1781!G715:G751) | I18: =AVERAGE(导管母表_1781!G715:G751) | J18: =SUMPRODUCT(导管母表_1781!G715:G751^5)/SUMPRODUCT(导管母表_1781!G715:G751^4) | K18: =AVERAGE(导管对_CWR_172!K59:K61) | L18: =AVERAGE(导管对_CWR_172!S59:S61) | N18: 自动管线：A/D/Dh用全部37个合格导管；CWR用3个相贴导管对。每壁3–5条局部法线TVW取均值为主值，再算CWR_pair；Ai=不规则闭合轮廓。
A19: 样品18 | B19: 见“导管母表_1781”F752:F797（全部46个合格导管） | C19: =MAX(导管母表_1781!F752:F797) | D19: =MIN(导管母表_1781!F752:F797) | E19: =AVERAGE(导管母表_1781!F752:F797) | F19: 见“导管母表_1781”G752:G797（46个逐导管Di） | G19: =MAX(导管母表_1781!G752:G797) | H19: =MIN(导管母表_1781!G752:G797) | I19: =AVERAGE(导管母表_1781!G752:G797) | J19: =SUMPRODUCT(导管母表_1781!G752:G797^5)/SUMPRODUCT(导管母表_1781!G752:G797^4) | K19: =AVERAGE(导管对_CWR_172!K62:K68) | L19: =AVERAGE(导管对_CWR_172!S62:S68) | N19: 自动管线：A/D/Dh用全部46个合格导管；CWR用7个相贴导管对。每壁3–5条局部法线TVW取均值为主值，再算CWR_pair；Ai=不规则闭合轮廓。
A20: 样品19 | B20: 见“导管母表_1781”F798:F892（全部95个合格导管） | C20: =MAX(导管母表_1781!F798:F892) | D20: =MIN(导管母表_1781!F798:F892) | E20: =AVERAGE(导管母表_1781!F798:F892) | F20: 见“导管母表_1781”G798:G892（95个逐导管Di） | G20: =MAX(导管母表_1781!G798:G892) | H20: =MIN(导管母表_1781!G798:G892) | I20: =AVERAGE(导管母表_1781!G798:G892) | J20: =SUMPRODUCT(导管母表_1781!G798:G892^5)/SUMPRODUCT(导管母表_1781!G798:G892^4) | K20: =AVERAGE(导管对_CWR_172!K69:K79) | L20: =AVERAGE(导管对_CWR_172!S69:S79) | N20: 自动管线：A/D/Dh用全部95个合格导管；CWR用11个相贴导管对。每壁3–5条局部法线TVW取均值为主值，再算CWR_pair；Ai=不规则闭合轮廓。
A21: 样品20 | B21: 见“导管母表_1781”F893:F930（全部38个合格导管） | C21: =MAX(导管母表_1781!F893:F930) | D21: =MIN(导管母表_1781!F893:F930) | E21: =AVERAGE(导管母表_1781!F893:F930) | F21: 见“导管母表_1781”G893:G930（38个逐导管Di） | G21: =MAX(导管母表_1781!G893:G930) | H21: =MIN(导管母表_1781!G893:G930) | I21: =AVERAGE(导管母表_1781!G893:G930) | J21: =SUMPRODUCT(导管母表_1781!G893:G930^5)/SUMPRODUCT(导管母表_1781!G893:G930^4) | K21: =AVERAGE(导管对_CWR_172!K80:K81) | L21: =AVERAGE(导管对_CWR_172!S80:S81) | N21: 自动管线：A/D/Dh用全部38个合格导管；CWR用2个相贴导管对。每壁3–5条局部法线TVW取均值为主值，再算CWR_pair；Ai=不规则闭合轮廓。
A22: 样品21 | B22: 见“导管母表_1781”F931:F972（全部42个合格导管） | C22: =MAX(导管母表_1781!F931:F972) | D22: =MIN(导管母表_1781!F931:F972) | E22: =AVERAGE(导管母表_1781!F931:F972) | F22: 见“导管母表_1781”G931:G972（42个逐导管Di） | G22: =MAX(导管母表_1781!G931:G972) | H22: =MIN(导管母表_1781!G931:G972) | I22: =AVERAGE(导管母表_1781!G931:G972) | J22: =SUMPRODUCT(导管母表_1781!G931:G972^5)/SUMPRODUCT(导管母表_1781!G931:G972^4) | K22: =AVERAGE(导管对_CWR_172!K82:K85) | L22: =AVERAGE(导管对_CWR_172!S82:S85) | N22: 自动管线：A/D/Dh用全部42个合格导管；CWR用4个相贴导管对。每壁3–5条局部法线TVW取均值为主值，再算CWR_pair；Ai=不规则闭合轮廓。
A23: 样品22 | B23: 见“导管母表_1781”F973:F1021（全部49个合格导管） | C23: =MAX(导管母表_1781!F973:F1021) | D23: =MIN(导管母表_1781!F973:F1021) | E23: =AVERAGE(导管母表_1781!F973:F1021) | F23: 见“导管母表_1781”G973:G1021（49个逐导管Di） | G23: =MAX(导管母表_1781!G973:G1021) | H23: =MIN(导管母表_1781!G973:G1021) | I23: =AVERAGE(导管母表_1781!G973:G1021) | J23: =SUMPRODUCT(导管母表_1781!G973:G1021^5)/SUMPRODUCT(导管母表_1781!G973:G1021^4) | K23: =AVERAGE(导管对_CWR_172!K86:K88) | L23: =AVERAGE(导管对_CWR_172!S86:S88) | N23: 自动管线：A/D/Dh用全部49个合格导管；CWR用3个相贴导管对。每壁3–5条局部法线TVW取均值为主值，再算CWR_pair；Ai=不规则闭合轮廓。
A24: 样品23 | B24: 见“导管母表_1781”F1022:F1064（全部43个合格导管） | C24: =MAX(导管母表_1781!F1022:F1064) | D24: =MIN(导管母表_1781!F1022:F1064) | E24: =AVERAGE(导管母表_1781!F1022:F1064) | F24: 见“导管母表_1781”G1022:G1064（43个逐导管Di） | G24: =MAX(导管母表_1781!G1022:G1064) | H24: =MIN(导管母表_1781!G1022:G1064) | I24: =AVERAGE(导管母表_1781!G1022:G1064) | J24: =SUMPRODUCT(导管母表_1781!G1022:G1064^5)/SUMPRODUCT(导管母表_1781!G1022:G1064^4) | K24: =AVERAGE(导管对_CWR_172!K89:K92) | L24: =AVERAGE(导管对_CWR_172!S89:S92) | N24: 自动管线：A/D/Dh用全部43个合格导管；CWR用4个相贴导管对。每壁3–5条局部法线TVW取均值为主值，再算CWR_pair；Ai=不规则闭合轮廓。
A25: 样品24 | B25: 见“导管母表_1781”F1065:F1121（全部57个合格导管） | C25: =MAX(导管母表_1781!F1065:F1121) | D25: =MIN(导管母表_1781!F1065:F1121) | E25: =AVERAGE(导管母表_1781!F1065:F1121) | F25: 见“导管母表_1781”G1065:G1121（57个逐导管Di） | G25: =MAX(导管母表_1781!G1065:G1121) | H25: =MIN(导管母表_1781!G1065:G1121) | I25: =AVERAGE(导管母表_1781!G1065:G1121) | J25: =SUMPRODUCT(导管母表_1781!G1065:G1121^5)/SUMPRODUCT(导管母表_1781!G1065:G1121^4) | K25: =AVERAGE(导管对_CWR_172!K93:K100) | L25: =AVERAGE(导管对_CWR_172!S93:S100) | N25: 自动管线：A/D/Dh用全部57个合格导管；CWR用8个相贴导管对。每壁3–5条局部法线TVW取均值为主值，再算CWR_pair；Ai=不规则闭合轮廓。
A26: 样品25 | B26: 见“导管母表_1781”F1122:F1152（全部31个合格导管） | C26: =MAX(导管母表_1781!F1122:F1152) | D26: =MIN(导管母表_1781!F1122:F1152) | E26: =AVERAGE(导管母表_1781!F1122:F1152) | F26: 见“导管母表_1781”G1122:G1152（31个逐导管Di） | G26: =MAX(导管母表_1781!G1122:G1152) | H26: =MIN(导管母表_1781!G1122:G1152) | I26: =AVERAGE(导管母表_1781!G1122:G1152) | J26: =SUMPRODUCT(导管母表_1781!G1122:G1152^5)/SUMPRODUCT(导管母表_1781!G1122:G1152^4) | K26: =AVERAGE(导管对_CWR_172!K101:K104) | L26: =AVERAGE(导管对_CWR_172!S101:S104) | N26: 自动管线：A/D/Dh用全部31个合格导管；CWR用4个相贴导管对。每壁3–5条局部法线TVW取均值为主值，再算CWR_pair；Ai=不规则闭合轮廓。
A27: 样品26 | B27: 见“导管母表_1781”F1153:F1198（全部46个合格导管） | C27: =MAX(导管母表_1781!F1153:F1198) | D27: =MIN(导管母表_1781!F1153:F1198) | E27: =AVERAGE(导管母表_1781!F1153:F1198) | F27: 见“导管母表_1781”G1153:G1198（46个逐导管Di） | G27: =MAX(导管母表_1781!G1153:G1198) | H27: =MIN(导管母表_1781!G1153:G1198) | I27: =AVERAGE(导管母表_1781!G1153:G1198) | J27: =SUMPRODUCT(导管母表_1781!G1153:G1198^5)/SUMPRODUCT(导管母表_1781!G1153:G1198^4) | K27: =AVERAGE(导管对_CWR_172!K105:K108) | L27: =AVERAGE(导管对_CWR_172!S105:S108) | N27: 自动管线：A/D/Dh用全部46个合格导管；CWR用4个相贴导管对。每壁3–5条局部法线TVW取均值为主值，再算CWR_pair；Ai=不规则闭合轮廓。
A28: 样品27 | B28: 见“导管母表_1781”F1199:F1237（全部39个合格导管） | C28: =MAX(导管母表_1781!F1199:F1237) | D28: =MIN(导管母表_1781!F1199:F1237) | E28: =AVERAGE(导管母表_1781!F1199:F1237) | F28: 见“导管母表_1781”G1199:G1237（39个逐导管Di） | G28: =MAX(导管母表_1781!G1199:G1237) | H28: =MIN(导管母表_1781!G1199:G1237) | I28: =AVERAGE(导管母表_1781!G1199:G1237) | J28: =SUMPRODUCT(导管母表_1781!G1199:G1237^5)/SUMPRODUCT(导管母表_1781!G1199:G1237^4) | K28: =AVERAGE(导管对_CWR_172!K109:K109) | L28: =AVERAGE(导管对_CWR_172!S109:S109) | N28: 自动管线：A/D/Dh用全部39个合格导管；CWR用1个相贴导管对。每壁3–5条局部法线TVW取均值为主值，再算CWR_pair；Ai=不规则闭合轮廓。
A29: 样品28 | B29: 见“导管母表_1781”F1238:F1255（全部18个合格导管） | C29: =MAX(导管母表_1781!F1238:F1255) | D29: =MIN(导管母表_1781!F1238:F1255) | E29: =AVERAGE(导管母表_1781!F1238:F1255) | F29: 见“导管母表_1781”G1238:G1255（18个逐导管Di） | G29: =MAX(导管母表_1781!G1238:G1255) | H29: =MIN(导管母表_1781!G1238:G1255) | I29: =AVERAGE(导管母表_1781!G1238:G1255) | J29: =SUMPRODUCT(导管母表_1781!G1238:G1255^5)/SUMPRODUCT(导管母表_1781!G1238:G1255^4) | K29: =AVERAGE(导管对_CWR_172!K110:K112) | L29: =AVERAGE(导管对_CWR_172!S110:S112) | N29: 自动管线：A/D/Dh用全部18个合格导管；CWR用3个相贴导管对。每壁3–5条局部法线TVW取均值为主值，再算CWR_pair；Ai=不规则闭合轮廓。
A30: 样品29 | B30: 见“导管母表_1781”F1256:F1299（全部44个合格导管） | C30: =MAX(导管母表_1781!F1256:F1299) | D30: =MIN(导管母表_1781!F1256:F1299) | E30: =AVERAGE(导管母表_1781!F1256:F1299) | F30: 见“导管母表_1781”G1256:G1299（44个逐导管Di） | G30: =MAX(导管母表_1781!G1256:G1299) | H30: =MIN(导管母表_1781!G1256:G1299) | I30: =AVERAGE(导管母表_1781!G1256:G1299) | J30: =SUMPRODUCT(导管母表_1781!G1256:G1299^5)/SUMPRODUCT(导管母表_1781!G1256:G1299^4) | K30: =AVERAGE(导管对_CWR_172!K113:K116) | L30: =AVERAGE(导管对_CWR_172!S113:S116) | N30: 自动管线：A/D/Dh用全部44个合格导管；CWR用4个相贴导管对。每壁3–5条局部法线TVW取均值为主值，再算CWR_pair；Ai=不规则闭合轮廓。
A31: 样品30 | B31: 见“导管母表_1781”F1300:F1353（全部54个合格导管） | C31: =MAX(导管母表_1781!F1300:F1353) | D31: =MIN(导管母表_1781!F1300:F1353) | E31: =AVERAGE(导管母表_1781!F1300:F1353) | F31: 见“导管母表_1781”G1300:G1353（54个逐导管Di） | G31: =MAX(导管母表_1781!G1300:G1353) | H31: =MIN(导管母表_1781!G1300:G1353) | I31: =AVERAGE(导管母表_1781!G1300:G1353) | J31: =SUMPRODUCT(导管母表_1781!G1300:G1353^5)/SUMPRODUCT(导管母表_1781!G1300:G1353^4) | K31: =AVERAGE(导管对_CWR_172!K117:K123) | L31: =AVERAGE(导管对_CWR_172!S117:S123) | N31: 自动管线：A/D/Dh用全部54个合格导管；CWR用7个相贴导管对。每壁3–5条局部法线TVW取均值为主值，再算CWR_pair；Ai=不规则闭合轮廓。
A32: 样品31 | B32: 见“导管母表_1781”F1354:F1394（全部41个合格导管） | C32: =MAX(导管母表_1781!F1354:F1394) | D32: =MIN(导管母表_1781!F1354:F1394) | E32: =AVERAGE(导管母表_1781!F1354:F1394) | F32: 见“导管母表_1781”G1354:G1394（41个逐导管Di） | G32: =MAX(导管母表_1781!G1354:G1394) | H32: =MIN(导管母表_1781!G1354:G1394) | I32: =AVERAGE(导管母表_1781!G1354:G1394) | J32: =SUMPRODUCT(导管母表_1781!G1354:G1394^5)/SUMPRODUCT(导管母表_1781!G1354:G1394^4) | K32: =AVERAGE(导管对_CWR_172!K124:K130) | L32: =AVERAGE(导管对_CWR_172!S124:S130) | N32: 自动管线：A/D/Dh用全部41个合格导管；CWR用7个相贴导管对。每壁3–5条局部法线TVW取均值为主值，再算CWR_pair；Ai=不规则闭合轮廓。
A33: 样品32 | B33: 见“导管母表_1781”F1395:F1430（全部36个合格导管） | C33: =MAX(导管母表_1781!F1395:F1430) | D33: =MIN(导管母表_1781!F1395:F1430) | E33: =AVERAGE(导管母表_1781!F1395:F1430) | F33: 见“导管母表_1781”G1395:G1430（36个逐导管Di） | G33: =MAX(导管母表_1781!G1395:G1430) | H33: =MIN(导管母表_1781!G1395:G1430) | I33: =AVERAGE(导管母表_1781!G1395:G1430) | J33: =SUMPRODUCT(导管母表_1781!G1395:G1430^5)/SUMPRODUCT(导管母表_1781!G1395:G1430^4) | K33: =AVERAGE(导管对_CWR_172!K131:K136) | L33: =AVERAGE(导管对_CWR_172!S131:S136) | N33: 自动管线：A/D/Dh用全部36个合格导管；CWR用6个相贴导管对。每壁3–5条局部法线TVW取均值为主值，再算CWR_pair；Ai=不规则闭合轮廓。
A34: 样品33 | B34: 见“导管母表_1781”F1431:F1478（全部48个合格导管） | C34: =MAX(导管母表_1781!F1431:F1478) | D34: =MIN(导管母表_1781!F1431:F1478) | E34: =AVERAGE(导管母表_1781!F1431:F1478) | F34: 见“导管母表_1781”G1431:G1478（48个逐导管Di） | G34: =MAX(导管母表_1781!G1431:G1478) | H34: =MIN(导管母表_1781!G1431:G1478) | I34: =AVERAGE(导管母表_1781!G1431:G1478) | J34: =SUMPRODUCT(导管母表_1781!G1431:G1478^5)/SUMPRODUCT(导管母表_1781!G1431:G1478^4) | K34: =AVERAGE(导管对_CWR_172!K137:K139) | L34: =AVERAGE(导管对_CWR_172!S137:S139) | N34: 自动管线：A/D/Dh用全部48个合格导管；CWR用3个相贴导管对。每壁3–5条局部法线TVW取均值为主值，再算CWR_pair；Ai=不规则闭合轮廓。
A35: 样品34 | B35: 见“导管母表_1781”F1479:F1519（全部41个合格导管） | C35: =MAX(导管母表_1781!F1479:F1519) | D35: =MIN(导管母表_1781!F1479:F1519) | E35: =AVERAGE(导管母表_1781!F1479:F1519) | F35: 见“导管母表_1781”G1479:G1519（41个逐导管Di） | G35: =MAX(导管母表_1781!G1479:G1519) | H35: =MIN(导管母表_1781!G1479:G1519) | I35: =AVERAGE(导管母表_1781!G1479:G1519) | J35: =SUMPRODUCT(导管母表_1781!G1479:G1519^5)/SUMPRODUCT(导管母表_1781!G1479:G1519^4) | K35: =AVERAGE(导管对_CWR_172!K140:K144) | L35: =AVERAGE(导管对_CWR_172!S140:S144) | N35: 自动管线：A/D/Dh用全部41个合格导管；CWR用5个相贴导管对。每壁3–5条局部法线TVW取均值为主值，再算CWR_pair；Ai=不规则闭合轮廓。
A36: 样品35 | B36: 见“导管母表_1781”F1520:F1564（全部45个合格导管） | C36: =MAX(导管母表_1781!F1520:F1564) | D36: =MIN(导管母表_1781!F1520:F1564) | E36: =AVERAGE(导管母表_1781!F1520:F1564) | F36: 见“导管母表_1781”G1520:G1564（45个逐导管Di） | G36: =MAX(导管母表_1781!G1520:G1564) | H36: =MIN(导管母表_1781!G1520:G1564) | I36: =AVERAGE(导管母表_1781!G1520:G1564) | J36: =SUMPRODUCT(导管母表_1781!G1520:G1564^5)/SUMPRODUCT(导管母表_1781!G1520:G1564^4) | K36: =AVERAGE(导管对_CWR_172!K145:K150) | L36: =AVERAGE(导管对_CWR_172!S145:S150) | N36: 自动管线：A/D/Dh用全部45个合格导管；CWR用6个相贴导管对。每壁3–5条局部法线TVW取均值为主值，再算CWR_pair；Ai=不规则闭合轮廓。
A37: 样品36 | B37: 见“导管母表_1781”F1565:F1608（全部44个合格导管） | C37: =MAX(导管母表_1781!F1565:F1608) | D37: =MIN(导管母表_1781!F1565:F1608) | E37: =AVERAGE(导管母表_1781!F1565:F1608) | F37: 见“导管母表_1781”G1565:G1608（44个逐导管Di） | G37: =MAX(导管母表_1781!G1565:G1608) | H37: =MIN(导管母表_1781!G1565:G1608) | I37: =AVERAGE(导管母表_1781!G1565:G1608) | J37: =SUMPRODUCT(导管母表_1781!G1565:G1608^5)/SUMPRODUCT(导管母表_1781!G1565:G1608^4) | K37: =AVERAGE(导管对_CWR_172!K151:K155) | L37: =AVERAGE(导管对_CWR_172!S151:S155) | N37: 自动管线：A/D/Dh用全部44个合格导管；CWR用5个相贴导管对。每壁3–5条局部法线TVW取均值为主值，再算CWR_pair；Ai=不规则闭合轮廓。
A38: 样品37 | B38: 见“导管母表_1781”F1609:F1643（全部35个合格导管） | C38: =MAX(导管母表_1781!F1609:F1643) | D38: =MIN(导管母表_1781!F1609:F1643) | E38: =AVERAGE(导管母表_1781!F1609:F1643) | F38: 见“导管母表_1781”G1609:G1643（35个逐导管Di） | G38: =MAX(导管母表_1781!G1609:G1643) | H38: =MIN(导管母表_1781!G1609:G1643) | I38: =AVERAGE(导管母表_1781!G1609:G1643) | J38: =SUMPRODUCT(导管母表_1781!G1609:G1643^5)/SUMPRODUCT(导管母表_1781!G1609:G1643^4) | K38: =AVERAGE(导管对_CWR_172!K156:K159) | L38: =AVERAGE(导管对_CWR_172!S156:S159) | N38: 自动管线：A/D/Dh用全部35个合格导管；CWR用4个相贴导管对。每壁3–5条局部法线TVW取均值为主值，再算CWR_pair；Ai=不规则闭合轮廓。
A39: 样品38 | B39: 见“导管母表_1781”F1644:F1693（全部50个合格导管） | C39: =MAX(导管母表_1781!F1644:F1693) | D39: =MIN(导管母表_1781!F1644:F1693) | E39: =AVERAGE(导管母表_1781!F1644:F1693) | F39: 见“导管母表_1781”G1644:G1693（50个逐导管Di） | G39: =MAX(导管母表_1781!G1644:G1693) | H39: =MIN(导管母表_1781!G1644:G1693) | I39: =AVERAGE(导管母表_1781!G1644:G1693) | J39: =SUMPRODUCT(导管母表_1781!G1644:G1693^5)/SUMPRODUCT(导管母表_1781!G1644:G1693^4) | K39: =AVERAGE(导管对_CWR_172!K160:K162) | L39: =AVERAGE(导管对_CWR_172!S160:S162) | N39: 自动管线：A/D/Dh用全部50个合格导管；CWR用3个相贴导管对。每壁3–5条局部法线TVW取均值为主值，再算CWR_pair；Ai=不规则闭合轮廓。
A40: 样品39 | B40: 见“导管母表_1781”F1694:F1738（全部45个合格导管） | C40: =MAX(导管母表_1781!F1694:F1738) | D40: =MIN(导管母表_1781!F1694:F1738) | E40: =AVERAGE(导管母表_1781!F1694:F1738) | F40: 见“导管母表_1781”G1694:G1738（45个逐导管Di） | G40: =MAX(导管母表_1781!G1694:G1738) | H40: =MIN(导管母表_1781!G1694:G1738) | I40: =AVERAGE(导管母表_1781!G1694:G1738) | J40: =SUMPRODUCT(导管母表_1781!G1694:G1738^5)/SUMPRODUCT(导管母表_1781!G1694:G1738^4) | K40: =AVERAGE(导管对_CWR_172!K163:K165) | L40: =AVERAGE(导管对_CWR_172!S163:S165) | N40: 自动管线：A/D/Dh用全部45个合格导管；CWR用3个相贴导管对。每壁3–5条局部法线TVW取均值为主值，再算CWR_pair；Ai=不规则闭合轮廓。
A41: 样品40 | B41: 见“导管母表_1781”F1739:F1782（全部44个合格导管） | C41: =MAX(导管母表_1781!F1739:F1782) | D41: =MIN(导管母表_1781!F1739:F1782) | E41: =AVERAGE(导管母表_1781!F1739:F1782) | F41: 见“导管母表_1781”G1739:G1782（44个逐导管Di） | G41: =MAX(导管母表_1781!G1739:G1782) | H41: =MIN(导管母表_1781!G1739:G1782) | I41: =AVERAGE(导管母表_1781!G1739:G1782) | J41: =SUMPRODUCT(导管母表_1781!G1739:G1782^5)/SUMPRODUCT(导管母表_1781!G1739:G1782^4) | K41: =AVERAGE(导管对_CWR_172!K166:K173) | L41: =AVERAGE(导管对_CWR_172!S166:S173) | N41: 自动管线：A/D/Dh用全部44个合格导管；CWR用8个相贴导管对。每壁3–5条局部法线TVW取均值为主值，再算CWR_pair；Ai=不规则闭合轮廓。
