Workbook

Sheet 汇总(均值)
A1: 样本序号 | B1: 相对树皮厚度 | C1: 相对韧皮部厚度 | D1: 相对木质部厚度 | E1: 导管密度 | F1: 平均导管腔面积 | G1: 导管腔面积占木质部比例 | H1: 形成层连续性评分1（坏）-10（好）
A2: 1 | B2: =相对树皮厚度!E2 | C2: =相对韧皮部厚度!E2 | D2: =相对木质部厚度!E2 | E2: =导管密度!E2 | F2: =平均导管腔面积!E2 | G2: =导管腔面积占木质部比例!E2 | H2: ='形成层连续性评分1（坏）-10（好）'!E2
A3: 2 | B3: =相对树皮厚度!E3 | C3: =相对韧皮部厚度!E3 | D3: =相对木质部厚度!E3 | E3: =导管密度!E3 | F3: =平均导管腔面积!E3 | G3: =导管腔面积占木质部比例!E3 | H3: ='形成层连续性评分1（坏）-10（好）'!E3
A4: 3 | B4: =相对树皮厚度!E4 | C4: =相对韧皮部厚度!E4 | D4: =相对木质部厚度!E4 | E4: =导管密度!E4 | F4: =平均导管腔面积!E4 | G4: =导管腔面积占木质部比例!E4 | H4: ='形成层连续性评分1（坏）-10（好）'!E4
A5: 4 | B5: =相对树皮厚度!E5 | C5: =相对韧皮部厚度!E5 | D5: =相对木质部厚度!E5 | E5: =导管密度!E5 | F5: =平均导管腔面积!E5 | G5: =导管腔面积占木质部比例!E5 | H5: ='形成层连续性评分1（坏）-10（好）'!E5
A6: 5 | B6: =相对树皮厚度!E6 | C6: =相对韧皮部厚度!E6 | D6: =相对木质部厚度!E6 | E6: =导管密度!E6 | F6: =平均导管腔面积!E6 | G6: =导管腔面积占木质部比例!E6 | H6: ='形成层连续性评分1（坏）-10（好）'!E6
A7: 6 | B7: =相对树皮厚度!E7 | C7: =相对韧皮部厚度!E7 | D7: =相对木质部厚度!E7 | E7: =导管密度!E7 | F7: =平均导管腔面积!E7 | G7: =导管腔面积占木质部比例!E7 | H7: ='形成层连续性评分1（坏）-10（好）'!E7
A8: 7 | B8: =相对树皮厚度!E8 | C8: =相对韧皮部厚度!E8 | D8: =相对木质部厚度!E8 | E8: =导管密度!E8 | F8: =平均导管腔面积!E8 | G8: =导管腔面积占木质部比例!E8 | H8: ='形成层连续性评分1（坏）-10（好）'!E8
A9: 8 | B9: =相对树皮厚度!E9 | C9: =相对韧皮部厚度!E9 | D9: =相对木质部厚度!E9 | E9: =导管密度!E9 | F9: =平均导管腔面积!E9 | G9: =导管腔面积占木质部比例!E9 | H9: ='形成层连续性评分1（坏）-10（好）'!E9
A10: 9 | B10: =相对树皮厚度!E10 | C10: =相对韧皮部厚度!E10 | D10: =相对木质部厚度!E10 | E10: =导管密度!E10 | F10: =平均导管腔面积!E10 | G10: =导管腔面积占木质部比例!E10 | H10: ='形成层连续性评分1（坏）-10（好）'!E10
A11: 10 | B11: =相对树皮厚度!E11 | C11: =相对韧皮部厚度!E11 | D11: =相对木质部厚度!E11 | E11: =导管密度!E11 | F11: =平均导管腔面积!E11 | G11: =导管腔面积占木质部比例!E11 | H11: ='形成层连续性评分1（坏）-10（好）'!E11
A12: 11 | B12: =相对树皮厚度!E12 | C12: =相对韧皮部厚度!E12 | D12: =相对木质部厚度!E12 | E12: =导管密度!E12 | F12: =平均导管腔面积!E12 | G12: =导管腔面积占木质部比例!E12 | H12: ='形成层连续性评分1（坏）-10（好）'!E12
A13: 12 | B13: =相对树皮厚度!E13 | C13: =相对韧皮部厚度!E13 | D13: =相对木质部厚度!E13 | E13: =导管密度!E13 | F13: =平均导管腔面积!E13 | G13: =导管腔面积占木质部比例!E13 | H13: ='形成层连续性评分1（坏）-10（好）'!E13
... A64: 63 | B64: =相对树皮厚度!E64 | C64: =相对韧皮部厚度!E64 | D64: =相对木质部厚度!E64 | E64: =导管密度!E64 | F64: =平均导管腔面积!E64 | G64: =导管腔面积占木质部比例!E64 | H64: ='形成层连续性评分1（坏）-10（好）'!E64

Sheet 1区域

Sheet 半径长度
A1: 样本序号 | B1: 半径长度1 | C1: 半径长度2 | D1: 半径长度3
A2: 1
A3: 2
A4: 3
A5: 4
A6: 5
A7: 6
A8: 7
A9: 8
A10: 9
A11: 10
A12: 11
A13: 12
... A64: 63

Sheet 木质部长度
A1: 样本序号 | B1: 木质部长度1 | C1: 木质部长度2 | D1: 木质部长度3
A2: 1
A3: 2
A4: 3
A5: 4
A6: 5
A7: 6
A8: 7
A9: 8
A10: 9
A11: 10
A12: 11
A13: 12
... A64: 63

Sheet 韧皮部长度
A1: 样本序号 | B1: 韧皮部长度1 | C1: 韧皮部长度2 | D1: 韧皮部长度3
A2: 1
A3: 2
A4: 3
A5: 4
A6: 5
A7: 6
A8: 7
A9: 8
A10: 9
A11: 10
A12: 11
A13: 12
... A64: 63

Sheet 皮层长度
A1: 样本序号 | B1: 皮层长度1 | C1: 皮层长度2 | D1: 皮层长度3
A2: 1
A3: 2
A4: 3
A5: 4
A6: 5
A7: 6
A8: 7
A9: 8
A10: 9
A11: 10
A12: 11
A13: 12
... A64: 63

Sheet 相对树皮厚度
A1: 样本序号 | B1: 相对树皮厚度1 | C1: 相对树皮厚度2 | D1: 相对树皮厚度3 | E1: 平均
A2: 1 | B2: =IF(OR(半径长度!B2="",半径长度!B2=0),"",(皮层长度!B2+韧皮部长度!B2)/半径长度!B2) | C2: =IF(OR(半径长度!C2="",半径长度!C2=0),"",(皮层长度!C2+韧皮部长度!C2)/半径长度!C2) | D2: =IF(OR(半径长度!D2="",半径长度!D2=0),"",(皮层长度!D2+韧皮部长度!D2)/半径长度!D2) | E2: =IF(COUNT(B2:D2)=0,"",AVERAGE(B2:D2))
A3: 2 | B3: =IF(OR(半径长度!B3="",半径长度!B3=0),"",(皮层长度!B3+韧皮部长度!B3)/半径长度!B3) | C3: =IF(OR(半径长度!C3="",半径长度!C3=0),"",(皮层长度!C3+韧皮部长度!C3)/半径长度!C3) | D3: =IF(OR(半径长度!D3="",半径长度!D3=0),"",(皮层长度!D3+韧皮部长度!D3)/半径长度!D3) | E3: =IF(COUNT(B3:D3)=0,"",AVERAGE(B3:D3))
A4: 3 | B4: =IF(OR(半径长度!B4="",半径长度!B4=0),"",(皮层长度!B4+韧皮部长度!B4)/半径长度!B4) | C4: =IF(OR(半径长度!C4="",半径长度!C4=0),"",(皮层长度!C4+韧皮部长度!C4)/半径长度!C4) | D4: =IF(OR(半径长度!D4="",半径长度!D4=0),"",(皮层长度!D4+韧皮部长度!D4)/半径长度!D4) | E4: =IF(COUNT(B4:D4)=0,"",AVERAGE(B4:D4))
A5: 4 | B5: =IF(OR(半径长度!B5="",半径长度!B5=0),"",(皮层长度!B5+韧皮部长度!B5)/半径长度!B5) | C5: =IF(OR(半径长度!C5="",半径长度!C5=0),"",(皮层长度!C5+韧皮部长度!C5)/半径长度!C5) | D5: =IF(OR(半径长度!D5="",半径长度!D5=0),"",(皮层长度!D5+韧皮部长度!D5)/半径长度!D5) | E5: =IF(COUNT(B5:D5)=0,"",AVERAGE(B5:D5))
A6: 5 | B6: =IF(OR(半径长度!B6="",半径长度!B6=0),"",(皮层长度!B6+韧皮部长度!B6)/半径长度!B6) | C6: =IF(OR(半径长度!C6="",半径长度!C6=0),"",(皮层长度!C6+韧皮部长度!C6)/半径长度!C6) | D6: =IF(OR(半径长度!D6="",半径长度!D6=0),"",(皮层长度!D6+韧皮部长度!D6)/半径长度!D6) | E6: =IF(COUNT(B6:D6)=0,"",AVERAGE(B6:D6))
A7: 6 | B7: =IF(OR(半径长度!B7="",半径长度!B7=0),"",(皮层长度!B7+韧皮部长度!B7)/半径长度!B7) | C7: =IF(OR(半径长度!C7="",半径长度!C7=0),"",(皮层长度!C7+韧皮部长度!C7)/半径长度!C7) | D7: =IF(OR(半径长度!D7="",半径长度!D7=0),"",(皮层长度!D7+韧皮部长度!D7)/半径长度!D7) | E7: =IF(COUNT(B7:D7)=0,"",AVERAGE(B7:D7)) | J7: 相对树皮厚度=（皮层长度+韧皮部长度）/半径长度
A8: 7 | B8: =IF(OR(半径长度!B8="",半径长度!B8=0),"",(皮层长度!B8+韧皮部长度!B8)/半径长度!B8) | C8: =IF(OR(半径长度!C8="",半径长度!C8=0),"",(皮层长度!C8+韧皮部长度!C8)/半径长度!C8) | D8: =IF(OR(半径长度!D8="",半径长度!D8=0),"",(皮层长度!D8+韧皮部长度!D8)/半径长度!D8) | E8: =IF(COUNT(B8:D8)=0,"",AVERAGE(B8:D8))
A9: 8 | B9: =IF(OR(半径长度!B9="",半径长度!B9=0),"",(皮层长度!B9+韧皮部长度!B9)/半径长度!B9) | C9: =IF(OR(半径长度!C9="",半径长度!C9=0),"",(皮层长度!C9+韧皮部长度!C9)/半径长度!C9) | D9: =IF(OR(半径长度!D9="",半径长度!D9=0),"",(皮层长度!D9+韧皮部长度!D9)/半径长度!D9) | E9: =IF(COUNT(B9:D9)=0,"",AVERAGE(B9:D9))
A10: 9 | B10: =IF(OR(半径长度!B10="",半径长度!B10=0),"",(皮层长度!B10+韧皮部长度!B10)/半径长度!B10) | C10: =IF(OR(半径长度!C10="",半径长度!C10=0),"",(皮层长度!C10+韧皮部长度!C10)/半径长度!C10) | D10: =IF(OR(半径长度!D10="",半径长度!D10=0),"",(皮层长度!D10+韧皮部长度!D10)/半径长度!D10) | E10: =IF(COUNT(B10:D10)=0,"",AVERAGE(B10:D10))
A11: 10 | B11: =IF(OR(半径长度!B11="",半径长度!B11=0),"",(皮层长度!B11+韧皮部长度!B11)/半径长度!B11) | C11: =IF(OR(半径长度!C11="",半径长度!C11=0),"",(皮层长度!C11+韧皮部长度!C11)/半径长度!C11) | D11: =IF(OR(半径长度!D11="",半径长度!D11=0),"",(皮层长度!D11+韧皮部长度!D11)/半径长度!D11) | E11: =IF(COUNT(B11:D11)=0,"",AVERAGE(B11:D11))
A12: 11 | B12: =IF(OR(半径长度!B12="",半径长度!B12=0),"",(皮层长度!B12+韧皮部长度!B12)/半径长度!B12) | C12: =IF(OR(半径长度!C12="",半径长度!C12=0),"",(皮层长度!C12+韧皮部长度!C12)/半径长度!C12) | D12: =IF(OR(半径长度!D12="",半径长度!D12=0),"",(皮层长度!D12+韧皮部长度!D12)/半径长度!D12) | E12: =IF(COUNT(B12:D12)=0,"",AVERAGE(B12:D12))
A13: 12 | B13: =IF(OR(半径长度!B13="",半径长度!B13=0),"",(皮层长度!B13+韧皮部长度!B13)/半径长度!B13) | C13: =IF(OR(半径长度!C13="",半径长度!C13=0),"",(皮层长度!C13+韧皮部长度!C13)/半径长度!C13) | D13: =IF(OR(半径长度!D13="",半径长度!D13=0),"",(皮层长度!D13+韧皮部长度!D13)/半径长度!D13) | E13: =IF(COUNT(B13:D13)=0,"",AVERAGE(B13:D13))
A14: 13 | B14: =IF(OR(半径长度!B14="",半径长度!B14=0),"",(皮层长度!B14+韧皮部长度!B14)/半径长度!B14) | C14: =IF(OR(半径长度!C14="",半径长度!C14=0),"",(皮层长度!C14+韧皮部长度!C14)/半径长度!C14) | D14: =IF(OR(半径长度!D14="",半径长度!D14=0),"",(皮层长度!D14+韧皮部长度!D14)/半径长度!D14) | E14: =IF(COUNT(B14:D14)=0,"",AVERAGE(B14:D14))
A15: 14 | B15: =IF(OR(半径长度!B15="",半径长度!B15=0),"",(皮层长度!B15+韧皮部长度!B15)/半径长度!B15) | C15: =IF(OR(半径长度!C15="",半径长度!C15=0),"",(皮层长度!C15+韧皮部长度!C15)/半径长度!C15) | D15: =IF(OR(半径长度!D15="",半径长度!D15=0),"",(皮层长度!D15+韧皮部长度!D15)/半径长度!D15) | E15: =IF(COUNT(B15:D15)=0,"",AVERAGE(B15:D15))
A16: 15 | B16: =IF(OR(半径长度!B16="",半径长度!B16=0),"",(皮层长度!B16+韧皮部长度!B16)/半径长度!B16) | C16: =IF(OR(半径长度!C16="",半径长度!C16=0),"",(皮层长度!C16+韧皮部长度!C16)/半径长度!C16) | D16: =IF(OR(半径长度!D16="",半径长度!D16=0),"",(皮层长度!D16+韧皮部长度!D16)/半径长度!D16) | E16: =IF(COUNT(B16:D16)=0,"",AVERAGE(B16:D16))
A17: 16 | B17: =IF(OR(半径长度!B17="",半径长度!B17=0),"",(皮层长度!B17+韧皮部长度!B17)/半径长度!B17) | C17: =IF(OR(半径长度!C17="",半径长度!C17=0),"",(皮层长度!C17+韧皮部长度!C17)/半径长度!C17) | D17: =IF(OR(半径长度!D17="",半径长度!D17=0),"",(皮层长度!D17+韧皮部长度!D17)/半径长度!D17) | E17: =IF(COUNT(B17:D17)=0,"",AVERAGE(B17:D17))
A18: 17 | B18: =IF(OR(半径长度!B18="",半径长度!B18=0),"",(皮层长度!B18+韧皮部长度!B18)/半径长度!B18) | C18: =IF(OR(半径长度!C18="",半径长度!C18=0),"",(皮层长度!C18+韧皮部长度!C18)/半径长度!C18) | D18: =IF(OR(半径长度!D18="",半径长度!D18=0),"",(皮层长度!D18+韧皮部长度!D18)/半径长度!D18) | E18: =IF(COUNT(B18:D18)=0,"",AVERAGE(B18:D18))
A19: 18 | B19: =IF(OR(半径长度!B19="",半径长度!B19=0),"",(皮层长度!B19+韧皮部长度!B19)/半径长度!B19) | C19: =IF(OR(半径长度!C19="",半径长度!C19=0),"",(皮层长度!C19+韧皮部长度!C19)/半径长度!C19) | D19: =IF(OR(半径长度!D19="",半径长度!D19=0),"",(皮层长度!D19+韧皮部长度!D19)/半径长度!D19) | E19: =IF(COUNT(B19:D19)=0,"",AVERAGE(B19:D19))
... A64: 63 | B64: =IF(OR(半径长度!B64="",半径长度!B64=0),"",(皮层长度!B64+韧皮部长度!B64)/半径长度!B64) | C64: =IF(OR(半径长度!C64="",半径长度!C64=0),"",(皮层长度!C64+韧皮部长度!C64)/半径长度!C64) | D64: =IF(OR(半径长度!D64="",半径长度!D64=0),"",(皮层长度!D64+韧皮部长度!D64)/半径长度!D64) | E64: =IF(COUNT(B64:D64)=0,"",AVERAGE(B64:D64))

Sheet 相对韧皮部厚度
A1: 样本序号 | B1: 相对韧皮部厚度1 | C1: 相对韧皮部厚度2 | D1: 相对韧皮部厚度3 | E1: 平均
A2: 1 | B2: =IF(OR(半径长度!B2="",半径长度!B2=0),"",(韧皮部长度!B2)/半径长度!B2) | C2: =IF(OR(半径长度!C2="",半径长度!C2=0),"",(韧皮部长度!C2)/半径长度!C2) | D2: =IF(OR(半径长度!D2="",半径长度!D2=0),"",(韧皮部长度!D2)/半径长度!D2) | E2: =IF(COUNT(B2:D2)=0,"",AVERAGE(B2:D2))
A3: 2 | B3: =IF(OR(半径长度!B3="",半径长度!B3=0),"",(韧皮部长度!B3)/半径长度!B3) | C3: =IF(OR(半径长度!C3="",半径长度!C3=0),"",(韧皮部长度!C3)/半径长度!C3) | D3: =IF(OR(半径长度!D3="",半径长度!D3=0),"",(韧皮部长度!D3)/半径长度!D3) | E3: =IF(COUNT(B3:D3)=0,"",AVERAGE(B3:D3))
A4: 3 | B4: =IF(OR(半径长度!B4="",半径长度!B4=0),"",(韧皮部长度!B4)/半径长度!B4) | C4: =IF(OR(半径长度!C4="",半径长度!C4=0),"",(韧皮部长度!C4)/半径长度!C4) | D4: =IF(OR(半径长度!D4="",半径长度!D4=0),"",(韧皮部长度!D4)/半径长度!D4) | E4: =IF(COUNT(B4:D4)=0,"",AVERAGE(B4:D4))
A5: 4 | B5: =IF(OR(半径长度!B5="",半径长度!B5=0),"",(韧皮部长度!B5)/半径长度!B5) | C5: =IF(OR(半径长度!C5="",半径长度!C5=0),"",(韧皮部长度!C5)/半径长度!C5) | D5: =IF(OR(半径长度!D5="",半径长度!D5=0),"",(韧皮部长度!D5)/半径长度!D5) | E5: =IF(COUNT(B5:D5)=0,"",AVERAGE(B5:D5))
A6: 5 | B6: =IF(OR(半径长度!B6="",半径长度!B6=0),"",(韧皮部长度!B6)/半径长度!B6) | C6: =IF(OR(半径长度!C6="",半径长度!C6=0),"",(韧皮部长度!C6)/半径长度!C6) | D6: =IF(OR(半径长度!D6="",半径长度!D6=0),"",(韧皮部长度!D6)/半径长度!D6) | E6: =IF(COUNT(B6:D6)=0,"",AVERAGE(B6:D6))
A7: 6 | B7: =IF(OR(半径长度!B7="",半径长度!B7=0),"",(韧皮部长度!B7)/半径长度!B7) | C7: =IF(OR(半径长度!C7="",半径长度!C7=0),"",(韧皮部长度!C7)/半径长度!C7) | D7: =IF(OR(半径长度!D7="",半径长度!D7=0),"",(韧皮部长度!D7)/半径长度!D7) | E7: =IF(COUNT(B7:D7)=0,"",AVERAGE(B7:D7)) | J7: 相对韧皮部厚度=韧皮部长度/半径长度
A8: 7 | B8: =IF(OR(半径长度!B8="",半径长度!B8=0),"",(韧皮部长度!B8)/半径长度!B8) | C8: =IF(OR(半径长度!C8="",半径长度!C8=0),"",(韧皮部长度!C8)/半径长度!C8) | D8: =IF(OR(半径长度!D8="",半径长度!D8=0),"",(韧皮部长度!D8)/半径长度!D8) | E8: =IF(COUNT(B8:D8)=0,"",AVERAGE(B8:D8))
A9: 8 | B9: =IF(OR(半径长度!B9="",半径长度!B9=0),"",(韧皮部长度!B9)/半径长度!B9) | C9: =IF(OR(半径长度!C9="",半径长度!C9=0),"",(韧皮部长度!C9)/半径长度!C9) | D9: =IF(OR(半径长度!D9="",半径长度!D9=0),"",(韧皮部长度!D9)/半径长度!D9) | E9: =IF(COUNT(B9:D9)=0,"",AVERAGE(B9:D9))
A10: 9 | B10: =IF(OR(半径长度!B10="",半径长度!B10=0),"",(韧皮部长度!B10)/半径长度!B10) | C10: =IF(OR(半径长度!C10="",半径长度!C10=0),"",(韧皮部长度!C10)/半径长度!C10) | D10: =IF(OR(半径长度!D10="",半径长度!D10=0),"",(韧皮部长度!D10)/半径长度!D10) | E10: =IF(COUNT(B10:D10)=0,"",AVERAGE(B10:D10))
A11: 10 | B11: =IF(OR(半径长度!B11="",半径长度!B11=0),"",(韧皮部长度!B11)/半径长度!B11) | C11: =IF(OR(半径长度!C11="",半径长度!C11=0),"",(韧皮部长度!C11)/半径长度!C11) | D11: =IF(OR(半径长度!D11="",半径长度!D11=0),"",(韧皮部长度!D11)/半径长度!D11) | E11: =IF(COUNT(B11:D11)=0,"",AVERAGE(B11:D11))
A12: 11 | B12: =IF(OR(半径长度!B12="",半径长度!B12=0),"",(韧皮部长度!B12)/半径长度!B12) | C12: =IF(OR(半径长度!C12="",半径长度!C12=0),"",(韧皮部长度!C12)/半径长度!C12) | D12: =IF(OR(半径长度!D12="",半径长度!D12=0),"",(韧皮部长度!D12)/半径长度!D12) | E12: =IF(COUNT(B12:D12)=0,"",AVERAGE(B12:D12))
A13: 12 | B13: =IF(OR(半径长度!B13="",半径长度!B13=0),"",(韧皮部长度!B13)/半径长度!B13) | C13: =IF(OR(半径长度!C13="",半径长度!C13=0),"",(韧皮部长度!C13)/半径长度!C13) | D13: =IF(OR(半径长度!D13="",半径长度!D13=0),"",(韧皮部长度!D13)/半径长度!D13) | E13: =IF(COUNT(B13:D13)=0,"",AVERAGE(B13:D13))
A14: 13 | B14: =IF(OR(半径长度!B14="",半径长度!B14=0),"",(韧皮部长度!B14)/半径长度!B14) | C14: =IF(OR(半径长度!C14="",半径长度!C14=0),"",(韧皮部长度!C14)/半径长度!C14) | D14: =IF(OR(半径长度!D14="",半径长度!D14=0),"",(韧皮部长度!D14)/半径长度!D14) | E14: =IF(COUNT(B14:D14)=0,"",AVERAGE(B14:D14))
A15: 14 | B15: =IF(OR(半径长度!B15="",半径长度!B15=0),"",(韧皮部长度!B15)/半径长度!B15) | C15: =IF(OR(半径长度!C15="",半径长度!C15=0),"",(韧皮部长度!C15)/半径长度!C15) | D15: =IF(OR(半径长度!D15="",半径长度!D15=0),"",(韧皮部长度!D15)/半径长度!D15) | E15: =IF(COUNT(B15:D15)=0,"",AVERAGE(B15:D15))
A16: 15 | B16: =IF(OR(半径长度!B16="",半径长度!B16=0),"",(韧皮部长度!B16)/半径长度!B16) | C16: =IF(OR(半径长度!C16="",半径长度!C16=0),"",(韧皮部长度!C16)/半径长度!C16) | D16: =IF(OR(半径长度!D16="",半径长度!D16=0),"",(韧皮部长度!D16)/半径长度!D16) | E16: =IF(COUNT(B16:D16)=0,"",AVERAGE(B16:D16))
A17: 16 | B17: =IF(OR(半径长度!B17="",半径长度!B17=0),"",(韧皮部长度!B17)/半径长度!B17) | C17: =IF(OR(半径长度!C17="",半径长度!C17=0),"",(韧皮部长度!C17)/半径长度!C17) | D17: =IF(OR(半径长度!D17="",半径长度!D17=0),"",(韧皮部长度!D17)/半径长度!D17) | E17: =IF(COUNT(B17:D17)=0,"",AVERAGE(B17:D17))
A18: 17 | B18: =IF(OR(半径长度!B18="",半径长度!B18=0),"",(韧皮部长度!B18)/半径长度!B18) | C18: =IF(OR(半径长度!C18="",半径长度!C18=0),"",(韧皮部长度!C18)/半径长度!C18) | D18: =IF(OR(半径长度!D18="",半径长度!D18=0),"",(韧皮部长度!D18)/半径长度!D18) | E18: =IF(COUNT(B18:D18)=0,"",AVERAGE(B18:D18))
A19: 18 | B19: =IF(OR(半径长度!B19="",半径长度!B19=0),"",(韧皮部长度!B19)/半径长度!B19) | C19: =IF(OR(半径长度!C19="",半径长度!C19=0),"",(韧皮部长度!C19)/半径长度!C19) | D19: =IF(OR(半径长度!D19="",半径长度!D19=0),"",(韧皮部长度!D19)/半径长度!D19) | E19: =IF(COUNT(B19:D19)=0,"",AVERAGE(B19:D19))
... A64: 63 | B64: =IF(OR(半径长度!B64="",半径长度!B64=0),"",(韧皮部长度!B64)/半径长度!B64) | C64: =IF(OR(半径长度!C64="",半径长度!C64=0),"",(韧皮部长度!C64)/半径长度!C64) | D64: =IF(OR(半径长度!D64="",半径长度!D64=0),"",(韧皮部长度!D64)/半径长度!D64) | E64: =IF(COUNT(B64:D64)=0,"",AVERAGE(B64:D64))

Sheet 相对木质部厚度
A1: 样本序号 | B1: 相对木质部厚度1 | C1: 相对木质部厚度2 | D1: 相对木质部厚度3 | E1: 平均
A2: 1 | B2: =IF(OR(半径长度!B2="",半径长度!B2=0),"",(木质部长度!B2)/半径长度!B2) | C2: =IF(OR(半径长度!C2="",半径长度!C2=0),"",(木质部长度!C2)/半径长度!C2) | D2: =IF(OR(半径长度!D2="",半径长度!D2=0),"",(木质部长度!D2)/半径长度!D2) | E2: =IF(COUNT(B2:D2)=0,"",AVERAGE(B2:D2))
A3: 2 | B3: =IF(OR(半径长度!B3="",半径长度!B3=0),"",(木质部长度!B3)/半径长度!B3) | C3: =IF(OR(半径长度!C3="",半径长度!C3=0),"",(木质部长度!C3)/半径长度!C3) | D3: =IF(OR(半径长度!D3="",半径长度!D3=0),"",(木质部长度!D3)/半径长度!D3) | E3: =IF(COUNT(B3:D3)=0,"",AVERAGE(B3:D3))
A4: 3 | B4: =IF(OR(半径长度!B4="",半径长度!B4=0),"",(木质部长度!B4)/半径长度!B4) | C4: =IF(OR(半径长度!C4="",半径长度!C4=0),"",(木质部长度!C4)/半径长度!C4) | D4: =IF(OR(半径长度!D4="",半径长度!D4=0),"",(木质部长度!D4)/半径长度!D4) | E4: =IF(COUNT(B4:D4)=0,"",AVERAGE(B4:D4))
A5: 4 | B5: =IF(OR(半径长度!B5="",半径长度!B5=0),"",(木质部长度!B5)/半径长度!B5) | C5: =IF(OR(半径长度!C5="",半径长度!C5=0),"",(木质部长度!C5)/半径长度!C5) | D5: =IF(OR(半径长度!D5="",半径长度!D5=0),"",(木质部长度!D5)/半径长度!D5) | E5: =IF(COUNT(B5:D5)=0,"",AVERAGE(B5:D5))
A6: 5 | B6: =IF(OR(半径长度!B6="",半径长度!B6=0),"",(木质部长度!B6)/半径长度!B6) | C6: =IF(OR(半径长度!C6="",半径长度!C6=0),"",(木质部长度!C6)/半径长度!C6) | D6: =IF(OR(半径长度!D6="",半径长度!D6=0),"",(木质部长度!D6)/半径长度!D6) | E6: =IF(COUNT(B6:D6)=0,"",AVERAGE(B6:D6))
A7: 6 | B7: =IF(OR(半径长度!B7="",半径长度!B7=0),"",(木质部长度!B7)/半径长度!B7) | C7: =IF(OR(半径长度!C7="",半径长度!C7=0),"",(木质部长度!C7)/半径长度!C7) | D7: =IF(OR(半径长度!D7="",半径长度!D7=0),"",(木质部长度!D7)/半径长度!D7) | E7: =IF(COUNT(B7:D7)=0,"",AVERAGE(B7:D7)) | J7: 相对木质部厚度=木质部长度/半径长度
A8: 7 | B8: =IF(OR(半径长度!B8="",半径长度!B8=0),"",(木质部长度!B8)/半径长度!B8) | C8: =IF(OR(半径长度!C8="",半径长度!C8=0),"",(木质部长度!C8)/半径长度!C8) | D8: =IF(OR(半径长度!D8="",半径长度!D8=0),"",(木质部长度!D8)/半径长度!D8) | E8: =IF(COUNT(B8:D8)=0,"",AVERAGE(B8:D8))
A9: 8 | B9: =IF(OR(半径长度!B9="",半径长度!B9=0),"",(木质部长度!B9)/半径长度!B9) | C9: =IF(OR(半径长度!C9="",半径长度!C9=0),"",(木质部长度!C9)/半径长度!C9) | D9: =IF(OR(半径长度!D9="",半径长度!D9=0),"",(木质部长度!D9)/半径长度!D9) | E9: =IF(COUNT(B9:D9)=0,"",AVERAGE(B9:D9))
A10: 9 | B10: =IF(OR(半径长度!B10="",半径长度!B10=0),"",(木质部长度!B10)/半径长度!B10) | C10: =IF(OR(半径长度!C10="",半径长度!C10=0),"",(木质部长度!C10)/半径长度!C10) | D10: =IF(OR(半径长度!D10="",半径长度!D10=0),"",(木质部长度!D10)/半径长度!D10) | E10: =IF(COUNT(B10:D10)=0,"",AVERAGE(B10:D10))
A11: 10 | B11: =IF(OR(半径长度!B11="",半径长度!B11=0),"",(木质部长度!B11)/半径长度!B11) | C11: =IF(OR(半径长度!C11="",半径长度!C11=0),"",(木质部长度!C11)/半径长度!C11) | D11: =IF(OR(半径长度!D11="",半径长度!D11=0),"",(木质部长度!D11)/半径长度!D11) | E11: =IF(COUNT(B11:D11)=0,"",AVERAGE(B11:D11))
A12: 11 | B12: =IF(OR(半径长度!B12="",半径长度!B12=0),"",(木质部长度!B12)/半径长度!B12) | C12: =IF(OR(半径长度!C12="",半径长度!C12=0),"",(木质部长度!C12)/半径长度!C12) | D12: =IF(OR(半径长度!D12="",半径长度!D12=0),"",(木质部长度!D12)/半径长度!D12) | E12: =IF(COUNT(B12:D12)=0,"",AVERAGE(B12:D12))
A13: 12 | B13: =IF(OR(半径长度!B13="",半径长度!B13=0),"",(木质部长度!B13)/半径长度!B13) | C13: =IF(OR(半径长度!C13="",半径长度!C13=0),"",(木质部长度!C13)/半径长度!C13) | D13: =IF(OR(半径长度!D13="",半径长度!D13=0),"",(木质部长度!D13)/半径长度!D13) | E13: =IF(COUNT(B13:D13)=0,"",AVERAGE(B13:D13))
A14: 13 | B14: =IF(OR(半径长度!B14="",半径长度!B14=0),"",(木质部长度!B14)/半径长度!B14) | C14: =IF(OR(半径长度!C14="",半径长度!C14=0),"",(木质部长度!C14)/半径长度!C14) | D14: =IF(OR(半径长度!D14="",半径长度!D14=0),"",(木质部长度!D14)/半径长度!D14) | E14: =IF(COUNT(B14:D14)=0,"",AVERAGE(B14:D14))
A15: 14 | B15: =IF(OR(半径长度!B15="",半径长度!B15=0),"",(木质部长度!B15)/半径长度!B15) | C15: =IF(OR(半径长度!C15="",半径长度!C15=0),"",(木质部长度!C15)/半径长度!C15) | D15: =IF(OR(半径长度!D15="",半径长度!D15=0),"",(木质部长度!D15)/半径长度!D15) | E15: =IF(COUNT(B15:D15)=0,"",AVERAGE(B15:D15))
A16: 15 | B16: =IF(OR(半径长度!B16="",半径长度!B16=0),"",(木质部长度!B16)/半径长度!B16) | C16: =IF(OR(半径长度!C16="",半径长度!C16=0),"",(木质部长度!C16)/半径长度!C16) | D16: =IF(OR(半径长度!D16="",半径长度!D16=0),"",(木质部长度!D16)/半径长度!D16) | E16: =IF(COUNT(B16:D16)=0,"",AVERAGE(B16:D16))
A17: 16 | B17: =IF(OR(半径长度!B17="",半径长度!B17=0),"",(木质部长度!B17)/半径长度!B17) | C17: =IF(OR(半径长度!C17="",半径长度!C17=0),"",(木质部长度!C17)/半径长度!C17) | D17: =IF(OR(半径长度!D17="",半径长度!D17=0),"",(木质部长度!D17)/半径长度!D17) | E17: =IF(COUNT(B17:D17)=0,"",AVERAGE(B17:D17))
A18: 17 | B18: =IF(OR(半径长度!B18="",半径长度!B18=0),"",(木质部长度!B18)/半径长度!B18) | C18: =IF(OR(半径长度!C18="",半径长度!C18=0),"",(木质部长度!C18)/半径长度!C18) | D18: =IF(OR(半径长度!D18="",半径长度!D18=0),"",(木质部长度!D18)/半径长度!D18) | E18: =IF(COUNT(B18:D18)=0,"",AVERAGE(B18:D18))
A19: 18 | B19: =IF(OR(半径长度!B19="",半径长度!B19=0),"",(木质部长度!B19)/半径长度!B19) | C19: =IF(OR(半径长度!C19="",半径长度!C19=0),"",(木质部长度!C19)/半径长度!C19) | D19: =IF(OR(半径长度!D19="",半径长度!D19=0),"",(木质部长度!D19)/半径长度!D19) | E19: =IF(COUNT(B19:D19)=0,"",AVERAGE(B19:D19))
... A64: 63 | B64: =IF(OR(半径长度!B64="",半径长度!B64=0),"",(木质部长度!B64)/半径长度!B64) | C64: =IF(OR(半径长度!C64="",半径长度!C64=0),"",(木质部长度!C64)/半径长度!C64) | D64: =IF(OR(半径长度!D64="",半径长度!D64=0),"",(木质部长度!D64)/半径长度!D64) | E64: =IF(COUNT(B64:D64)=0,"",AVERAGE(B64:D64))

Sheet 2区域 

Sheet 导管总数量
A1: 样本序号 | B1: 导管总数量1 | C1: 导管总数量2 | D1: 导管总数量3
A2: 1
A3: 2
A4: 3
A5: 4
A6: 5
A7: 6
A8: 7
A9: 8
A10: 9
A11: 10
A12: 11
A13: 12
... A64: 63

Sheet 导管（腔）总面积
A1: 样本序号 | B1: 导管（腔）总面积1 | C1: 导管（腔）总面积2 | D1: 导管（腔）总面积3
A2: 1
A3: 2
A4: 3
A5: 4
A6: 5
A7: 6
A8: 7
A9: 8
A10: 9
A11: 10
A12: 11
A13: 12
... A64: 63

Sheet 局部韧皮部面积
A1: 样本序号 | B1: 局部韧皮部面积1 | C1: 局部韧皮部面积2 | D1: 局部韧皮部面积3
A2: 1
A3: 2
A4: 3
A5: 4
A6: 5
A7: 6
A8: 7
A9: 8
A10: 9
A11: 10
A12: 11
A13: 12
... A64: 63

Sheet 局部髓面积
A1: 样本序号 | B1: 局部髓面积1 | C1: 局部髓面积2 | D1: 局部髓面积3
A2: 1
A3: 2
A4: 3
A5: 4
A6: 5
A7: 6
A8: 7
A9: 8
A10: 9
A11: 10
A12: 11
A13: 12
... A64: 63

Sheet 局部木质部面积
A1: 样本序号 | B1: 局部木质部面积1 | C1: 局部木质部面积2 | D1: 局部木质部面积3
A2: 1
A3: 2
A4: 3
A5: 4
A6: 5
A7: 6
A8: 7
A9: 8 | I9: 1.当图内没有 韧皮部、髓 时，木质部面积＝整张图面积 2.当图内有 韧皮部、髓（两者都有或有任意一个）时，木质部面积＝整张图面积-多余的两个（韧皮部、髓） 或 木质部面积＝整张图面积-多余的二者之一（韧皮部 或 髓）
A10: 9
A11: 10
A12: 11
A13: 12
A14: 13
A15: 14
A16: 15
A17: 16
A18: 17
A19: 18
A20: 19
A21: 20
... A64: 63

Sheet 导管密度
A1: 样本序号 | B1: 导管密度1 | C1: 导管密度2 | D1: 导管密度3 | E1: 平均
A2: 1 | B2: =IF(OR(局部木质部面积!B2="",局部木质部面积!B2=0),"",(导管总数量!B2*1000000)/局部木质部面积!B2) | C2: =IF(OR(局部木质部面积!C2="",局部木质部面积!C2=0),"",(导管总数量!C2*1000000)/局部木质部面积!C2) | D2: =IF(OR(局部木质部面积!D2="",局部木质部面积!D2=0),"",(导管总数量!D2*1000000)/局部木质部面积!D2) | E2: =IF(COUNT(B2:D2)=0,"",AVERAGE(B2:D2))
A3: 2 | B3: =IF(OR(局部木质部面积!B3="",局部木质部面积!B3=0),"",(导管总数量!B3*1000000)/局部木质部面积!B3) | C3: =IF(OR(局部木质部面积!C3="",局部木质部面积!C3=0),"",(导管总数量!C3*1000000)/局部木质部面积!C3) | D3: =IF(OR(局部木质部面积!D3="",局部木质部面积!D3=0),"",(导管总数量!D3*1000000)/局部木质部面积!D3) | E3: =IF(COUNT(B3:D3)=0,"",AVERAGE(B3:D3))
A4: 3 | B4: =IF(OR(局部木质部面积!B4="",局部木质部面积!B4=0),"",(导管总数量!B4*1000000)/局部木质部面积!B4) | C4: =IF(OR(局部木质部面积!C4="",局部木质部面积!C4=0),"",(导管总数量!C4*1000000)/局部木质部面积!C4) | D4: =IF(OR(局部木质部面积!D4="",局部木质部面积!D4=0),"",(导管总数量!D4*1000000)/局部木质部面积!D4) | E4: =IF(COUNT(B4:D4)=0,"",AVERAGE(B4:D4))
A5: 4 | B5: =IF(OR(局部木质部面积!B5="",局部木质部面积!B5=0),"",(导管总数量!B5*1000000)/局部木质部面积!B5) | C5: =IF(OR(局部木质部面积!C5="",局部木质部面积!C5=0),"",(导管总数量!C5*1000000)/局部木质部面积!C5) | D5: =IF(OR(局部木质部面积!D5="",局部木质部面积!D5=0),"",(导管总数量!D5*1000000)/局部木质部面积!D5) | E5: =IF(COUNT(B5:D5)=0,"",AVERAGE(B5:D5))
A6: 5 | B6: =IF(OR(局部木质部面积!B6="",局部木质部面积!B6=0),"",(导管总数量!B6*1000000)/局部木质部面积!B6) | C6: =IF(OR(局部木质部面积!C6="",局部木质部面积!C6=0),"",(导管总数量!C6*1000000)/局部木质部面积!C6) | D6: =IF(OR(局部木质部面积!D6="",局部木质部面积!D6=0),"",(导管总数量!D6*1000000)/局部木质部面积!D6) | E6: =IF(COUNT(B6:D6)=0,"",AVERAGE(B6:D6))
A7: 6 | B7: =IF(OR(局部木质部面积!B7="",局部木质部面积!B7=0),"",(导管总数量!B7*1000000)/局部木质部面积!B7) | C7: =IF(OR(局部木质部面积!C7="",局部木质部面积!C7=0),"",(导管总数量!C7*1000000)/局部木质部面积!C7) | D7: =IF(OR(局部木质部面积!D7="",局部木质部面积!D7=0),"",(导管总数量!D7*1000000)/局部木质部面积!D7) | E7: =IF(COUNT(B7:D7)=0,"",AVERAGE(B7:D7)) | J7: 导管密度=导管总数量/局部木质部面积
A8: 7 | B8: =IF(OR(局部木质部面积!B8="",局部木质部面积!B8=0),"",(导管总数量!B8*1000000)/局部木质部面积!B8) | C8: =IF(OR(局部木质部面积!C8="",局部木质部面积!C8=0),"",(导管总数量!C8*1000000)/局部木质部面积!C8) | D8: =IF(OR(局部木质部面积!D8="",局部木质部面积!D8=0),"",(导管总数量!D8*1000000)/局部木质部面积!D8) | E8: =IF(COUNT(B8:D8)=0,"",AVERAGE(B8:D8))
A9: 8 | B9: =IF(OR(局部木质部面积!B9="",局部木质部面积!B9=0),"",(导管总数量!B9*1000000)/局部木质部面积!B9) | C9: =IF(OR(局部木质部面积!C9="",局部木质部面积!C9=0),"",(导管总数量!C9*1000000)/局部木质部面积!C9) | D9: =IF(OR(局部木质部面积!D9="",局部木质部面积!D9=0),"",(导管总数量!D9*1000000)/局部木质部面积!D9) | E9: =IF(COUNT(B9:D9)=0,"",AVERAGE(B9:D9))
A10: 9 | B10: =IF(OR(局部木质部面积!B10="",局部木质部面积!B10=0),"",(导管总数量!B10*1000000)/局部木质部面积!B10) | C10: =IF(OR(局部木质部面积!C10="",局部木质部面积!C10=0),"",(导管总数量!C10*1000000)/局部木质部面积!C10) | D10: =IF(OR(局部木质部面积!D10="",局部木质部面积!D10=0),"",(导管总数量!D10*1000000)/局部木质部面积!D10) | E10: =IF(COUNT(B10:D10)=0,"",AVERAGE(B10:D10))
A11: 10 | B11: =IF(OR(局部木质部面积!B11="",局部木质部面积!B11=0),"",(导管总数量!B11*1000000)/局部木质部面积!B11) | C11: =IF(OR(局部木质部面积!C11="",局部木质部面积!C11=0),"",(导管总数量!C11*1000000)/局部木质部面积!C11) | D11: =IF(OR(局部木质部面积!D11="",局部木质部面积!D11=0),"",(导管总数量!D11*1000000)/局部木质部面积!D11) | E11: =IF(COUNT(B11:D11)=0,"",AVERAGE(B11:D11))
A12: 11 | B12: =IF(OR(局部木质部面积!B12="",局部木质部面积!B12=0),"",(导管总数量!B12*1000000)/局部木质部面积!B12) | C12: =IF(OR(局部木质部面积!C12="",局部木质部面积!C12=0),"",(导管总数量!C12*1000000)/局部木质部面积!C12) | D12: =IF(OR(局部木质部面积!D12="",局部木质部面积!D12=0),"",(导管总数量!D12*1000000)/局部木质部面积!D12) | E12: =IF(COUNT(B12:D12)=0,"",AVERAGE(B12:D12))
A13: 12 | B13: =IF(OR(局部木质部面积!B13="",局部木质部面积!B13=0),"",(导管总数量!B13*1000000)/局部木质部面积!B13) | C13: =IF(OR(局部木质部面积!C13="",局部木质部面积!C13=0),"",(导管总数量!C13*1000000)/局部木质部面积!C13) | D13: =IF(OR(局部木质部面积!D13="",局部木质部面积!D13=0),"",(导管总数量!D13*1000000)/局部木质部面积!D13) | E13: =IF(COUNT(B13:D13)=0,"",AVERAGE(B13:D13))
A14: 13 | B14: =IF(OR(局部木质部面积!B14="",局部木质部面积!B14=0),"",(导管总数量!B14*1000000)/局部木质部面积!B14) | C14: =IF(OR(局部木质部面积!C14="",局部木质部面积!C14=0),"",(导管总数量!C14*1000000)/局部木质部面积!C14) | D14: =IF(OR(局部木质部面积!D14="",局部木质部面积!D14=0),"",(导管总数量!D14*1000000)/局部木质部面积!D14) | E14: =IF(COUNT(B14:D14)=0,"",AVERAGE(B14:D14))
A15: 14 | B15: =IF(OR(局部木质部面积!B15="",局部木质部面积!B15=0),"",(导管总数量!B15*1000000)/局部木质部面积!B15) | C15: =IF(OR(局部木质部面积!C15="",局部木质部面积!C15=0),"",(导管总数量!C15*1000000)/局部木质部面积!C15) | D15: =IF(OR(局部木质部面积!D15="",局部木质部面积!D15=0),"",(导管总数量!D15*1000000)/局部木质部面积!D15) | E15: =IF(COUNT(B15:D15)=0,"",AVERAGE(B15:D15))
A16: 15 | B16: =IF(OR(局部木质部面积!B16="",局部木质部面积!B16=0),"",(导管总数量!B16*1000000)/局部木质部面积!B16) | C16: =IF(OR(局部木质部面积!C16="",局部木质部面积!C16=0),"",(导管总数量!C16*1000000)/局部木质部面积!C16) | D16: =IF(OR(局部木质部面积!D16="",局部木质部面积!D16=0),"",(导管总数量!D16*1000000)/局部木质部面积!D16) | E16: =IF(COUNT(B16:D16)=0,"",AVERAGE(B16:D16))
A17: 16 | B17: =IF(OR(局部木质部面积!B17="",局部木质部面积!B17=0),"",(导管总数量!B17*1000000)/局部木质部面积!B17) | C17: =IF(OR(局部木质部面积!C17="",局部木质部面积!C17=0),"",(导管总数量!C17*1000000)/局部木质部面积!C17) | D17: =IF(OR(局部木质部面积!D17="",局部木质部面积!D17=0),"",(导管总数量!D17*1000000)/局部木质部面积!D17) | E17: =IF(COUNT(B17:D17)=0,"",AVERAGE(B17:D17))
A18: 17 | B18: =IF(OR(局部木质部面积!B18="",局部木质部面积!B18=0),"",(导管总数量!B18*1000000)/局部木质部面积!B18) | C18: =IF(OR(局部木质部面积!C18="",局部木质部面积!C18=0),"",(导管总数量!C18*1000000)/局部木质部面积!C18) | D18: =IF(OR(局部木质部面积!D18="",局部木质部面积!D18=0),"",(导管总数量!D18*1000000)/局部木质部面积!D18) | E18: =IF(COUNT(B18:D18)=0,"",AVERAGE(B18:D18))
A19: 18 | B19: =IF(OR(局部木质部面积!B19="",局部木质部面积!B19=0),"",(导管总数量!B19*1000000)/局部木质部面积!B19) | C19: =IF(OR(局部木质部面积!C19="",局部木质部面积!C19=0),"",(导管总数量!C19*1000000)/局部木质部面积!C19) | D19: =IF(OR(局部木质部面积!D19="",局部木质部面积!D19=0),"",(导管总数量!D19*1000000)/局部木质部面积!D19) | E19: =IF(COUNT(B19:D19)=0,"",AVERAGE(B19:D19)) | J19: 单位 vessels·mm⁻²
A20: 19 | B20: =IF(OR(局部木质部面积!B20="",局部木质部面积!B20=0),"",(导管总数量!B20*1000000)/局部木质部面积!B20) | C20: =IF(OR(局部木质部面积!C20="",局部木质部面积!C20=0),"",(导管总数量!C20*1000000)/局部木质部面积!C20) | D20: =IF(OR(局部木质部面积!D20="",局部木质部面积!D20=0),"",(导管总数量!D20*1000000)/局部木质部面积!D20) | E20: =IF(COUNT(B20:D20)=0,"",AVERAGE(B20:D20))
A21: 20 | B21: =IF(OR(局部木质部面积!B21="",局部木质部面积!B21=0),"",(导管总数量!B21*1000000)/局部木质部面积!B21) | C21: =IF(OR(局部木质部面积!C21="",局部木质部面积!C21=0),"",(导管总数量!C21*1000000)/局部木质部面积!C21) | D21: =IF(OR(局部木质部面积!D21="",局部木质部面积!D21=0),"",(导管总数量!D21*1000000)/局部木质部面积!D21) | E21: =IF(COUNT(B21:D21)=0,"",AVERAGE(B21:D21))
A22: 21 | B22: =IF(OR(局部木质部面积!B22="",局部木质部面积!B22=0),"",(导管总数量!B22*1000000)/局部木质部面积!B22) | C22: =IF(OR(局部木质部面积!C22="",局部木质部面积!C22=0),"",(导管总数量!C22*1000000)/局部木质部面积!C22) | D22: =IF(OR(局部木质部面积!D22="",局部木质部面积!D22=0),"",(导管总数量!D22*1000000)/局部木质部面积!D22) | E22: =IF(COUNT(B22:D22)=0,"",AVERAGE(B22:D22))
A23: 22 | B23: =IF(OR(局部木质部面积!B23="",局部木质部面积!B23=0),"",(导管总数量!B23*1000000)/局部木质部面积!B23) | C23: =IF(OR(局部木质部面积!C23="",局部木质部面积!C23=0),"",(导管总数量!C23*1000000)/局部木质部面积!C23) | D23: =IF(OR(局部木质部面积!D23="",局部木质部面积!D23=0),"",(导管总数量!D23*1000000)/局部木质部面积!D23) | E23: =IF(COUNT(B23:D23)=0,"",AVERAGE(B23:D23)) | J23: 需要换算一下单位，因为前面的“局部木质部面积”单位是μm2，换算成mm2，再算
A24: 23 | B24: =IF(OR(局部木质部面积!B24="",局部木质部面积!B24=0),"",(导管总数量!B24*1000000)/局部木质部面积!B24) | C24: =IF(OR(局部木质部面积!C24="",局部木质部面积!C24=0),"",(导管总数量!C24*1000000)/局部木质部面积!C24) | D24: =IF(OR(局部木质部面积!D24="",局部木质部面积!D24=0),"",(导管总数量!D24*1000000)/局部木质部面积!D24) | E24: =IF(COUNT(B24:D24)=0,"",AVERAGE(B24:D24))
A25: 24 | B25: =IF(OR(局部木质部面积!B25="",局部木质部面积!B25=0),"",(导管总数量!B25*1000000)/局部木质部面积!B25) | C25: =IF(OR(局部木质部面积!C25="",局部木质部面积!C25=0),"",(导管总数量!C25*1000000)/局部木质部面积!C25) | D25: =IF(OR(局部木质部面积!D25="",局部木质部面积!D25=0),"",(导管总数量!D25*1000000)/局部木质部面积!D25) | E25: =IF(COUNT(B25:D25)=0,"",AVERAGE(B25:D25))
A26: 25 | B26: =IF(OR(局部木质部面积!B26="",局部木质部面积!B26=0),"",(导管总数量!B26*1000000)/局部木质部面积!B26) | C26: =IF(OR(局部木质部面积!C26="",局部木质部面积!C26=0),"",(导管总数量!C26*1000000)/局部木质部面积!C26) | D26: =IF(OR(局部木质部面积!D26="",局部木质部面积!D26=0),"",(导管总数量!D26*1000000)/局部木质部面积!D26) | E26: =IF(COUNT(B26:D26)=0,"",AVERAGE(B26:D26))
A27: 26 | B27: =IF(OR(局部木质部面积!B27="",局部木质部面积!B27=0),"",(导管总数量!B27*1000000)/局部木质部面积!B27) | C27: =IF(OR(局部木质部面积!C27="",局部木质部面积!C27=0),"",(导管总数量!C27*1000000)/局部木质部面积!C27) | D27: =IF(OR(局部木质部面积!D27="",局部木质部面积!D27=0),"",(导管总数量!D27*1000000)/局部木质部面积!D27) | E27: =IF(COUNT(B27:D27)=0,"",AVERAGE(B27:D27))
A28: 27 | B28: =IF(OR(局部木质部面积!B28="",局部木质部面积!B28=0),"",(导管总数量!B28*1000000)/局部木质部面积!B28) | C28: =IF(OR(局部木质部面积!C28="",局部木质部面积!C28=0),"",(导管总数量!C28*1000000)/局部木质部面积!C28) | D28: =IF(OR(局部木质部面积!D28="",局部木质部面积!D28=0),"",(导管总数量!D28*1000000)/局部木质部面积!D28) | E28: =IF(COUNT(B28:D28)=0,"",AVERAGE(B28:D28))
A29: 28 | B29: =IF(OR(局部木质部面积!B29="",局部木质部面积!B29=0),"",(导管总数量!B29*1000000)/局部木质部面积!B29) | C29: =IF(OR(局部木质部面积!C29="",局部木质部面积!C29=0),"",(导管总数量!C29*1000000)/局部木质部面积!C29) | D29: =IF(OR(局部木质部面积!D29="",局部木质部面积!D29=0),"",(导管总数量!D29*1000000)/局部木质部面积!D29) | E29: =IF(COUNT(B29:D29)=0,"",AVERAGE(B29:D29))
A30: 29 | B30: =IF(OR(局部木质部面积!B30="",局部木质部面积!B30=0),"",(导管总数量!B30*1000000)/局部木质部面积!B30) | C30: =IF(OR(局部木质部面积!C30="",局部木质部面积!C30=0),"",(导管总数量!C30*1000000)/局部木质部面积!C30) | D30: =IF(OR(局部木质部面积!D30="",局部木质部面积!D30=0),"",(导管总数量!D30*1000000)/局部木质部面积!D30) | E30: =IF(COUNT(B30:D30)=0,"",AVERAGE(B30:D30))
A31: 30 | B31: =IF(OR(局部木质部面积!B31="",局部木质部面积!B31=0),"",(导管总数量!B31*1000000)/局部木质部面积!B31) | C31: =IF(OR(局部木质部面积!C31="",局部木质部面积!C31=0),"",(导管总数量!C31*1000000)/局部木质部面积!C31) | D31: =IF(OR(局部木质部面积!D31="",局部木质部面积!D31=0),"",(导管总数量!D31*1000000)/局部木质部面积!D31) | E31: =IF(COUNT(B31:D31)=0,"",AVERAGE(B31:D31))
A32: 31 | B32: =IF(OR(局部木质部面积!B32="",局部木质部面积!B32=0),"",(导管总数量!B32*1000000)/局部木质部面积!B32) | C32: =IF(OR(局部木质部面积!C32="",局部木质部面积!C32=0),"",(导管总数量!C32*1000000)/局部木质部面积!C32) | D32: =IF(OR(局部木质部面积!D32="",局部木质部面积!D32=0),"",(导管总数量!D32*1000000)/局部木质部面积!D32) | E32: =IF(COUNT(B32:D32)=0,"",AVERAGE(B32:D32))
A33: 32 | B33: =IF(OR(局部木质部面积!B33="",局部木质部面积!B33=0),"",(导管总数量!B33*1000000)/局部木质部面积!B33) | C33: =IF(OR(局部木质部面积!C33="",局部木质部面积!C33=0),"",(导管总数量!C33*1000000)/局部木质部面积!C33) | D33: =IF(OR(局部木质部面积!D33="",局部木质部面积!D33=0),"",(导管总数量!D33*1000000)/局部木质部面积!D33) | E33: =IF(COUNT(B33:D33)=0,"",AVERAGE(B33:D33))
A34: 33 | B34: =IF(OR(局部木质部面积!B34="",局部木质部面积!B34=0),"",(导管总数量!B34*1000000)/局部木质部面积!B34) | C34: =IF(OR(局部木质部面积!C34="",局部木质部面积!C34=0),"",(导管总数量!C34*1000000)/局部木质部面积!C34) | D34: =IF(OR(局部木质部面积!D34="",局部木质部面积!D34=0),"",(导管总数量!D34*1000000)/局部木质部面积!D34) | E34: =IF(COUNT(B34:D34)=0,"",AVERAGE(B34:D34))
A35: 34 | B35: =IF(OR(局部木质部面积!B35="",局部木质部面积!B35=0),"",(导管总数量!B35*1000000)/局部木质部面积!B35) | C35: =IF(OR(局部木质部面积!C35="",局部木质部面积!C35=0),"",(导管总数量!C35*1000000)/局部木质部面积!C35) | D35: =IF(OR(局部木质部面积!D35="",局部木质部面积!D35=0),"",(导管总数量!D35*1000000)/局部木质部面积!D35) | E35: =IF(COUNT(B35:D35)=0,"",AVERAGE(B35:D35))
... A64: 63 | B64: =IF(OR(局部木质部面积!B64="",局部木质部面积!B64=0),"",(导管总数量!B64*1000000)/局部木质部面积!B64) | C64: =IF(OR(局部木质部面积!C64="",局部木质部面积!C64=0),"",(导管总数量!C64*1000000)/局部木质部面积!C64) | D64: =IF(OR(局部木质部面积!D64="",局部木质部面积!D64=0),"",(导管总数量!D64*1000000)/局部木质部面积!D64) | E64: =IF(COUNT(B64:D64)=0,"",AVERAGE(B64:D64))

Sheet 平均导管腔面积
A1: 样本序号 | B1: 平均导管腔面积1 | C1: 平均导管腔面积2 | D1: 平均导管腔面积3 | E1: 平均
A2: 1 | B2: =IF(OR(导管总数量!B2="",导管总数量!B2=0),"",('导管（腔）总面积'!B2)/导管总数量!B2) | C2: =IF(OR(导管总数量!C2="",导管总数量!C2=0),"",('导管（腔）总面积'!C2)/导管总数量!C2) | D2: =IF(OR(导管总数量!D2="",导管总数量!D2=0),"",('导管（腔）总面积'!D2)/导管总数量!D2) | E2: =IF(COUNT(B2:D2)=0,"",AVERAGE(B2:D2))
A3: 2 | B3: =IF(OR(导管总数量!B3="",导管总数量!B3=0),"",('导管（腔）总面积'!B3)/导管总数量!B3) | C3: =IF(OR(导管总数量!C3="",导管总数量!C3=0),"",('导管（腔）总面积'!C3)/导管总数量!C3) | D3: =IF(OR(导管总数量!D3="",导管总数量!D3=0),"",('导管（腔）总面积'!D3)/导管总数量!D3) | E3: =IF(COUNT(B3:D3)=0,"",AVERAGE(B3:D3))
A4: 3 | B4: =IF(OR(导管总数量!B4="",导管总数量!B4=0),"",('导管（腔）总面积'!B4)/导管总数量!B4) | C4: =IF(OR(导管总数量!C4="",导管总数量!C4=0),"",('导管（腔）总面积'!C4)/导管总数量!C4) | D4: =IF(OR(导管总数量!D4="",导管总数量!D4=0),"",('导管（腔）总面积'!D4)/导管总数量!D4) | E4: =IF(COUNT(B4:D4)=0,"",AVERAGE(B4:D4))
A5: 4 | B5: =IF(OR(导管总数量!B5="",导管总数量!B5=0),"",('导管（腔）总面积'!B5)/导管总数量!B5) | C5: =IF(OR(导管总数量!C5="",导管总数量!C5=0),"",('导管（腔）总面积'!C5)/导管总数量!C5) | D5: =IF(OR(导管总数量!D5="",导管总数量!D5=0),"",('导管（腔）总面积'!D5)/导管总数量!D5) | E5: =IF(COUNT(B5:D5)=0,"",AVERAGE(B5:D5))
A6: 5 | B6: =IF(OR(导管总数量!B6="",导管总数量!B6=0),"",('导管（腔）总面积'!B6)/导管总数量!B6) | C6: =IF(OR(导管总数量!C6="",导管总数量!C6=0),"",('导管（腔）总面积'!C6)/导管总数量!C6) | D6: =IF(OR(导管总数量!D6="",导管总数量!D6=0),"",('导管（腔）总面积'!D6)/导管总数量!D6) | E6: =IF(COUNT(B6:D6)=0,"",AVERAGE(B6:D6))
A7: 6 | B7: =IF(OR(导管总数量!B7="",导管总数量!B7=0),"",('导管（腔）总面积'!B7)/导管总数量!B7) | C7: =IF(OR(导管总数量!C7="",导管总数量!C7=0),"",('导管（腔）总面积'!C7)/导管总数量!C7) | D7: =IF(OR(导管总数量!D7="",导管总数量!D7=0),"",('导管（腔）总面积'!D7)/导管总数量!D7) | E7: =IF(COUNT(B7:D7)=0,"",AVERAGE(B7:D7)) | J7: 平均导管腔面积=导管（腔）总面积/导管总数量
A8: 7 | B8: =IF(OR(导管总数量!B8="",导管总数量!B8=0),"",('导管（腔）总面积'!B8)/导管总数量!B8) | C8: =IF(OR(导管总数量!C8="",导管总数量!C8=0),"",('导管（腔）总面积'!C8)/导管总数量!C8) | D8: =IF(OR(导管总数量!D8="",导管总数量!D8=0),"",('导管（腔）总面积'!D8)/导管总数量!D8) | E8: =IF(COUNT(B8:D8)=0,"",AVERAGE(B8:D8))
A9: 8 | B9: =IF(OR(导管总数量!B9="",导管总数量!B9=0),"",('导管（腔）总面积'!B9)/导管总数量!B9) | C9: =IF(OR(导管总数量!C9="",导管总数量!C9=0),"",('导管（腔）总面积'!C9)/导管总数量!C9) | D9: =IF(OR(导管总数量!D9="",导管总数量!D9=0),"",('导管（腔）总面积'!D9)/导管总数量!D9) | E9: =IF(COUNT(B9:D9)=0,"",AVERAGE(B9:D9))
A10: 9 | B10: =IF(OR(导管总数量!B10="",导管总数量!B10=0),"",('导管（腔）总面积'!B10)/导管总数量!B10) | C10: =IF(OR(导管总数量!C10="",导管总数量!C10=0),"",('导管（腔）总面积'!C10)/导管总数量!C10) | D10: =IF(OR(导管总数量!D10="",导管总数量!D10=0),"",('导管（腔）总面积'!D10)/导管总数量!D10) | E10: =IF(COUNT(B10:D10)=0,"",AVERAGE(B10:D10))
A11: 10 | B11: =IF(OR(导管总数量!B11="",导管总数量!B11=0),"",('导管（腔）总面积'!B11)/导管总数量!B11) | C11: =IF(OR(导管总数量!C11="",导管总数量!C11=0),"",('导管（腔）总面积'!C11)/导管总数量!C11) | D11: =IF(OR(导管总数量!D11="",导管总数量!D11=0),"",('导管（腔）总面积'!D11)/导管总数量!D11) | E11: =IF(COUNT(B11:D11)=0,"",AVERAGE(B11:D11))
A12: 11 | B12: =IF(OR(导管总数量!B12="",导管总数量!B12=0),"",('导管（腔）总面积'!B12)/导管总数量!B12) | C12: =IF(OR(导管总数量!C12="",导管总数量!C12=0),"",('导管（腔）总面积'!C12)/导管总数量!C12) | D12: =IF(OR(导管总数量!D12="",导管总数量!D12=0),"",('导管（腔）总面积'!D12)/导管总数量!D12) | E12: =IF(COUNT(B12:D12)=0,"",AVERAGE(B12:D12))
A13: 12 | B13: =IF(OR(导管总数量!B13="",导管总数量!B13=0),"",('导管（腔）总面积'!B13)/导管总数量!B13) | C13: =IF(OR(导管总数量!C13="",导管总数量!C13=0),"",('导管（腔）总面积'!C13)/导管总数量!C13) | D13: =IF(OR(导管总数量!D13="",导管总数量!D13=0),"",('导管（腔）总面积'!D13)/导管总数量!D13) | E13: =IF(COUNT(B13:D13)=0,"",AVERAGE(B13:D13))
A14: 13 | B14: =IF(OR(导管总数量!B14="",导管总数量!B14=0),"",('导管（腔）总面积'!B14)/导管总数量!B14) | C14: =IF(OR(导管总数量!C14="",导管总数量!C14=0),"",('导管（腔）总面积'!C14)/导管总数量!C14) | D14: =IF(OR(导管总数量!D14="",导管总数量!D14=0),"",('导管（腔）总面积'!D14)/导管总数量!D14) | E14: =IF(COUNT(B14:D14)=0,"",AVERAGE(B14:D14))
A15: 14 | B15: =IF(OR(导管总数量!B15="",导管总数量!B15=0),"",('导管（腔）总面积'!B15)/导管总数量!B15) | C15: =IF(OR(导管总数量!C15="",导管总数量!C15=0),"",('导管（腔）总面积'!C15)/导管总数量!C15) | D15: =IF(OR(导管总数量!D15="",导管总数量!D15=0),"",('导管（腔）总面积'!D15)/导管总数量!D15) | E15: =IF(COUNT(B15:D15)=0,"",AVERAGE(B15:D15))
A16: 15 | B16: =IF(OR(导管总数量!B16="",导管总数量!B16=0),"",('导管（腔）总面积'!B16)/导管总数量!B16) | C16: =IF(OR(导管总数量!C16="",导管总数量!C16=0),"",('导管（腔）总面积'!C16)/导管总数量!C16) | D16: =IF(OR(导管总数量!D16="",导管总数量!D16=0),"",('导管（腔）总面积'!D16)/导管总数量!D16) | E16: =IF(COUNT(B16:D16)=0,"",AVERAGE(B16:D16))
A17: 16 | B17: =IF(OR(导管总数量!B17="",导管总数量!B17=0),"",('导管（腔）总面积'!B17)/导管总数量!B17) | C17: =IF(OR(导管总数量!C17="",导管总数量!C17=0),"",('导管（腔）总面积'!C17)/导管总数量!C17) | D17: =IF(OR(导管总数量!D17="",导管总数量!D17=0),"",('导管（腔）总面积'!D17)/导管总数量!D17) | E17: =IF(COUNT(B17:D17)=0,"",AVERAGE(B17:D17))
A18: 17 | B18: =IF(OR(导管总数量!B18="",导管总数量!B18=0),"",('导管（腔）总面积'!B18)/导管总数量!B18) | C18: =IF(OR(导管总数量!C18="",导管总数量!C18=0),"",('导管（腔）总面积'!C18)/导管总数量!C18) | D18: =IF(OR(导管总数量!D18="",导管总数量!D18=0),"",('导管（腔）总面积'!D18)/导管总数量!D18) | E18: =IF(COUNT(B18:D18)=0,"",AVERAGE(B18:D18)) | J18: 单位 μm²·vessel⁻¹，不需要换算单位
A19: 18 | B19: =IF(OR(导管总数量!B19="",导管总数量!B19=0),"",('导管（腔）总面积'!B19)/导管总数量!B19) | C19: =IF(OR(导管总数量!C19="",导管总数量!C19=0),"",('导管（腔）总面积'!C19)/导管总数量!C19) | D19: =IF(OR(导管总数量!D19="",导管总数量!D19=0),"",('导管（腔）总面积'!D19)/导管总数量!D19) | E19: =IF(COUNT(B19:D19)=0,"",AVERAGE(B19:D19))
A20: 19 | B20: =IF(OR(导管总数量!B20="",导管总数量!B20=0),"",('导管（腔）总面积'!B20)/导管总数量!B20) | C20: =IF(OR(导管总数量!C20="",导管总数量!C20=0),"",('导管（腔）总面积'!C20)/导管总数量!C20) | D20: =IF(OR(导管总数量!D20="",导管总数量!D20=0),"",('导管（腔）总面积'!D20)/导管总数量!D20) | E20: =IF(COUNT(B20:D20)=0,"",AVERAGE(B20:D20))
A21: 20 | B21: =IF(OR(导管总数量!B21="",导管总数量!B21=0),"",('导管（腔）总面积'!B21)/导管总数量!B21) | C21: =IF(OR(导管总数量!C21="",导管总数量!C21=0),"",('导管（腔）总面积'!C21)/导管总数量!C21) | D21: =IF(OR(导管总数量!D21="",导管总数量!D21=0),"",('导管（腔）总面积'!D21)/导管总数量!D21) | E21: =IF(COUNT(B21:D21)=0,"",AVERAGE(B21:D21))
A22: 21 | B22: =IF(OR(导管总数量!B22="",导管总数量!B22=0),"",('导管（腔）总面积'!B22)/导管总数量!B22) | C22: =IF(OR(导管总数量!C22="",导管总数量!C22=0),"",('导管（腔）总面积'!C22)/导管总数量!C22) | D22: =IF(OR(导管总数量!D22="",导管总数量!D22=0),"",('导管（腔）总面积'!D22)/导管总数量!D22) | E22: =IF(COUNT(B22:D22)=0,"",AVERAGE(B22:D22))
A23: 22 | B23: =IF(OR(导管总数量!B23="",导管总数量!B23=0),"",('导管（腔）总面积'!B23)/导管总数量!B23) | C23: =IF(OR(导管总数量!C23="",导管总数量!C23=0),"",('导管（腔）总面积'!C23)/导管总数量!C23) | D23: =IF(OR(导管总数量!D23="",导管总数量!D23=0),"",('导管（腔）总面积'!D23)/导管总数量!D23) | E23: =IF(COUNT(B23:D23)=0,"",AVERAGE(B23:D23))
A24: 23 | B24: =IF(OR(导管总数量!B24="",导管总数量!B24=0),"",('导管（腔）总面积'!B24)/导管总数量!B24) | C24: =IF(OR(导管总数量!C24="",导管总数量!C24=0),"",('导管（腔）总面积'!C24)/导管总数量!C24) | D24: =IF(OR(导管总数量!D24="",导管总数量!D24=0),"",('导管（腔）总面积'!D24)/导管总数量!D24) | E24: =IF(COUNT(B24:D24)=0,"",AVERAGE(B24:D24))
A25: 24 | B25: =IF(OR(导管总数量!B25="",导管总数量!B25=0),"",('导管（腔）总面积'!B25)/导管总数量!B25) | C25: =IF(OR(导管总数量!C25="",导管总数量!C25=0),"",('导管（腔）总面积'!C25)/导管总数量!C25) | D25: =IF(OR(导管总数量!D25="",导管总数量!D25=0),"",('导管（腔）总面积'!D25)/导管总数量!D25) | E25: =IF(COUNT(B25:D25)=0,"",AVERAGE(B25:D25))
A26: 25 | B26: =IF(OR(导管总数量!B26="",导管总数量!B26=0),"",('导管（腔）总面积'!B26)/导管总数量!B26) | C26: =IF(OR(导管总数量!C26="",导管总数量!C26=0),"",('导管（腔）总面积'!C26)/导管总数量!C26) | D26: =IF(OR(导管总数量!D26="",导管总数量!D26=0),"",('导管（腔）总面积'!D26)/导管总数量!D26) | E26: =IF(COUNT(B26:D26)=0,"",AVERAGE(B26:D26))
A27: 26 | B27: =IF(OR(导管总数量!B27="",导管总数量!B27=0),"",('导管（腔）总面积'!B27)/导管总数量!B27) | C27: =IF(OR(导管总数量!C27="",导管总数量!C27=0),"",('导管（腔）总面积'!C27)/导管总数量!C27) | D27: =IF(OR(导管总数量!D27="",导管总数量!D27=0),"",('导管（腔）总面积'!D27)/导管总数量!D27) | E27: =IF(COUNT(B27:D27)=0,"",AVERAGE(B27:D27))
A28: 27 | B28: =IF(OR(导管总数量!B28="",导管总数量!B28=0),"",('导管（腔）总面积'!B28)/导管总数量!B28) | C28: =IF(OR(导管总数量!C28="",导管总数量!C28=0),"",('导管（腔）总面积'!C28)/导管总数量!C28) | D28: =IF(OR(导管总数量!D28="",导管总数量!D28=0),"",('导管（腔）总面积'!D28)/导管总数量!D28) | E28: =IF(COUNT(B28:D28)=0,"",AVERAGE(B28:D28))
A29: 28 | B29: =IF(OR(导管总数量!B29="",导管总数量!B29=0),"",('导管（腔）总面积'!B29)/导管总数量!B29) | C29: =IF(OR(导管总数量!C29="",导管总数量!C29=0),"",('导管（腔）总面积'!C29)/导管总数量!C29) | D29: =IF(OR(导管总数量!D29="",导管总数量!D29=0),"",('导管（腔）总面积'!D29)/导管总数量!D29) | E29: =IF(COUNT(B29:D29)=0,"",AVERAGE(B29:D29))
A30: 29 | B30: =IF(OR(导管总数量!B30="",导管总数量!B30=0),"",('导管（腔）总面积'!B30)/导管总数量!B30) | C30: =IF(OR(导管总数量!C30="",导管总数量!C30=0),"",('导管（腔）总面积'!C30)/导管总数量!C30) | D30: =IF(OR(导管总数量!D30="",导管总数量!D30=0),"",('导管（腔）总面积'!D30)/导管总数量!D30) | E30: =IF(COUNT(B30:D30)=0,"",AVERAGE(B30:D30))
... A64: 63 | B64: =IF(OR(导管总数量!B64="",导管总数量!B64=0),"",('导管（腔）总面积'!B64)/导管总数量!B64) | C64: =IF(OR(导管总数量!C64="",导管总数量!C64=0),"",('导管（腔）总面积'!C64)/导管总数量!C64) | D64: =IF(OR(导管总数量!D64="",导管总数量!D64=0),"",('导管（腔）总面积'!D64)/导管总数量!D64) | E64: =IF(COUNT(B64:D64)=0,"",AVERAGE(B64:D64))

Sheet 导管腔面积占木质部比例
A1: 样本序号 | B1: 导管腔面积占木质部比例1 | C1: 导管腔面积占木质部比例2 | D1: 导管腔面积占木质部比例3 | E1: 平均
A2: 1 | B2: =IF(OR(局部木质部面积!B2="",局部木质部面积!B2=0),"",('导管（腔）总面积'!B2)/局部木质部面积!B2) | C2: =IF(OR(局部木质部面积!C2="",局部木质部面积!C2=0),"",('导管（腔）总面积'!C2)/局部木质部面积!C2) | D2: =IF(OR(局部木质部面积!D2="",局部木质部面积!D2=0),"",('导管（腔）总面积'!D2)/局部木质部面积!D2) | E2: =IF(COUNT(B2:D2)=0,"",AVERAGE(B2:D2))
A3: 2 | B3: =IF(OR(局部木质部面积!B3="",局部木质部面积!B3=0),"",('导管（腔）总面积'!B3)/局部木质部面积!B3) | C3: =IF(OR(局部木质部面积!C3="",局部木质部面积!C3=0),"",('导管（腔）总面积'!C3)/局部木质部面积!C3) | D3: =IF(OR(局部木质部面积!D3="",局部木质部面积!D3=0),"",('导管（腔）总面积'!D3)/局部木质部面积!D3) | E3: =IF(COUNT(B3:D3)=0,"",AVERAGE(B3:D3))
A4: 3 | B4: =IF(OR(局部木质部面积!B4="",局部木质部面积!B4=0),"",('导管（腔）总面积'!B4)/局部木质部面积!B4) | C4: =IF(OR(局部木质部面积!C4="",局部木质部面积!C4=0),"",('导管（腔）总面积'!C4)/局部木质部面积!C4) | D4: =IF(OR(局部木质部面积!D4="",局部木质部面积!D4=0),"",('导管（腔）总面积'!D4)/局部木质部面积!D4) | E4: =IF(COUNT(B4:D4)=0,"",AVERAGE(B4:D4))
A5: 4 | B5: =IF(OR(局部木质部面积!B5="",局部木质部面积!B5=0),"",('导管（腔）总面积'!B5)/局部木质部面积!B5) | C5: =IF(OR(局部木质部面积!C5="",局部木质部面积!C5=0),"",('导管（腔）总面积'!C5)/局部木质部面积!C5) | D5: =IF(OR(局部木质部面积!D5="",局部木质部面积!D5=0),"",('导管（腔）总面积'!D5)/局部木质部面积!D5) | E5: =IF(COUNT(B5:D5)=0,"",AVERAGE(B5:D5))
A6: 5 | B6: =IF(OR(局部木质部面积!B6="",局部木质部面积!B6=0),"",('导管（腔）总面积'!B6)/局部木质部面积!B6) | C6: =IF(OR(局部木质部面积!C6="",局部木质部面积!C6=0),"",('导管（腔）总面积'!C6)/局部木质部面积!C6) | D6: =IF(OR(局部木质部面积!D6="",局部木质部面积!D6=0),"",('导管（腔）总面积'!D6)/局部木质部面积!D6) | E6: =IF(COUNT(B6:D6)=0,"",AVERAGE(B6:D6))
A7: 6 | B7: =IF(OR(局部木质部面积!B7="",局部木质部面积!B7=0),"",('导管（腔）总面积'!B7)/局部木质部面积!B7) | C7: =IF(OR(局部木质部面积!C7="",局部木质部面积!C7=0),"",('导管（腔）总面积'!C7)/局部木质部面积!C7) | D7: =IF(OR(局部木质部面积!D7="",局部木质部面积!D7=0),"",('导管（腔）总面积'!D7)/局部木质部面积!D7) | E7: =IF(COUNT(B7:D7)=0,"",AVERAGE(B7:D7)) | J7: 导管腔面积占木质部比例=导管（腔）总面积/局部木质部面积
A8: 7 | B8: =IF(OR(局部木质部面积!B8="",局部木质部面积!B8=0),"",('导管（腔）总面积'!B8)/局部木质部面积!B8) | C8: =IF(OR(局部木质部面积!C8="",局部木质部面积!C8=0),"",('导管（腔）总面积'!C8)/局部木质部面积!C8) | D8: =IF(OR(局部木质部面积!D8="",局部木质部面积!D8=0),"",('导管（腔）总面积'!D8)/局部木质部面积!D8) | E8: =IF(COUNT(B8:D8)=0,"",AVERAGE(B8:D8))
A9: 8 | B9: =IF(OR(局部木质部面积!B9="",局部木质部面积!B9=0),"",('导管（腔）总面积'!B9)/局部木质部面积!B9) | C9: =IF(OR(局部木质部面积!C9="",局部木质部面积!C9=0),"",('导管（腔）总面积'!C9)/局部木质部面积!C9) | D9: =IF(OR(局部木质部面积!D9="",局部木质部面积!D9=0),"",('导管（腔）总面积'!D9)/局部木质部面积!D9) | E9: =IF(COUNT(B9:D9)=0,"",AVERAGE(B9:D9))
A10: 9 | B10: =IF(OR(局部木质部面积!B10="",局部木质部面积!B10=0),"",('导管（腔）总面积'!B10)/局部木质部面积!B10) | C10: =IF(OR(局部木质部面积!C10="",局部木质部面积!C10=0),"",('导管（腔）总面积'!C10)/局部木质部面积!C10) | D10: =IF(OR(局部木质部面积!D10="",局部木质部面积!D10=0),"",('导管（腔）总面积'!D10)/局部木质部面积!D10) | E10: =IF(COUNT(B10:D10)=0,"",AVERAGE(B10:D10))
A11: 10 | B11: =IF(OR(局部木质部面积!B11="",局部木质部面积!B11=0),"",('导管（腔）总面积'!B11)/局部木质部面积!B11) | C11: =IF(OR(局部木质部面积!C11="",局部木质部面积!C11=0),"",('导管（腔）总面积'!C11)/局部木质部面积!C11) | D11: =IF(OR(局部木质部面积!D11="",局部木质部面积!D11=0),"",('导管（腔）总面积'!D11)/局部木质部面积!D11) | E11: =IF(COUNT(B11:D11)=0,"",AVERAGE(B11:D11))
A12: 11 | B12: =IF(OR(局部木质部面积!B12="",局部木质部面积!B12=0),"",('导管（腔）总面积'!B12)/局部木质部面积!B12) | C12: =IF(OR(局部木质部面积!C12="",局部木质部面积!C12=0),"",('导管（腔）总面积'!C12)/局部木质部面积!C12) | D12: =IF(OR(局部木质部面积!D12="",局部木质部面积!D12=0),"",('导管（腔）总面积'!D12)/局部木质部面积!D12) | E12: =IF(COUNT(B12:D12)=0,"",AVERAGE(B12:D12))
A13: 12 | B13: =IF(OR(局部木质部面积!B13="",局部木质部面积!B13=0),"",('导管（腔）总面积'!B13)/局部木质部面积!B13) | C13: =IF(OR(局部木质部面积!C13="",局部木质部面积!C13=0),"",('导管（腔）总面积'!C13)/局部木质部面积!C13) | D13: =IF(OR(局部木质部面积!D13="",局部木质部面积!D13=0),"",('导管（腔）总面积'!D13)/局部木质部面积!D13) | E13: =IF(COUNT(B13:D13)=0,"",AVERAGE(B13:D13))
A14: 13 | B14: =IF(OR(局部木质部面积!B14="",局部木质部面积!B14=0),"",('导管（腔）总面积'!B14)/局部木质部面积!B14) | C14: =IF(OR(局部木质部面积!C14="",局部木质部面积!C14=0),"",('导管（腔）总面积'!C14)/局部木质部面积!C14) | D14: =IF(OR(局部木质部面积!D14="",局部木质部面积!D14=0),"",('导管（腔）总面积'!D14)/局部木质部面积!D14) | E14: =IF(COUNT(B14:D14)=0,"",AVERAGE(B14:D14))
A15: 14 | B15: =IF(OR(局部木质部面积!B15="",局部木质部面积!B15=0),"",('导管（腔）总面积'!B15)/局部木质部面积!B15) | C15: =IF(OR(局部木质部面积!C15="",局部木质部面积!C15=0),"",('导管（腔）总面积'!C15)/局部木质部面积!C15) | D15: =IF(OR(局部木质部面积!D15="",局部木质部面积!D15=0),"",('导管（腔）总面积'!D15)/局部木质部面积!D15) | E15: =IF(COUNT(B15:D15)=0,"",AVERAGE(B15:D15))
A16: 15 | B16: =IF(OR(局部木质部面积!B16="",局部木质部面积!B16=0),"",('导管（腔）总面积'!B16)/局部木质部面积!B16) | C16: =IF(OR(局部木质部面积!C16="",局部木质部面积!C16=0),"",('导管（腔）总面积'!C16)/局部木质部面积!C16) | D16: =IF(OR(局部木质部面积!D16="",局部木质部面积!D16=0),"",('导管（腔）总面积'!D16)/局部木质部面积!D16) | E16: =IF(COUNT(B16:D16)=0,"",AVERAGE(B16:D16))
A17: 16 | B17: =IF(OR(局部木质部面积!B17="",局部木质部面积!B17=0),"",('导管（腔）总面积'!B17)/局部木质部面积!B17) | C17: =IF(OR(局部木质部面积!C17="",局部木质部面积!C17=0),"",('导管（腔）总面积'!C17)/局部木质部面积!C17) | D17: =IF(OR(局部木质部面积!D17="",局部木质部面积!D17=0),"",('导管（腔）总面积'!D17)/局部木质部面积!D17) | E17: =IF(COUNT(B17:D17)=0,"",AVERAGE(B17:D17))
A18: 17 | B18: =IF(OR(局部木质部面积!B18="",局部木质部面积!B18=0),"",('导管（腔）总面积'!B18)/局部木质部面积!B18) | C18: =IF(OR(局部木质部面积!C18="",局部木质部面积!C18=0),"",('导管（腔）总面积'!C18)/局部木质部面积!C18) | D18: =IF(OR(局部木质部面积!D18="",局部木质部面积!D18=0),"",('导管（腔）总面积'!D18)/局部木质部面积!D18) | E18: =IF(COUNT(B18:D18)=0,"",AVERAGE(B18:D18))
A19: 18 | B19: =IF(OR(局部木质部面积!B19="",局部木质部面积!B19=0),"",('导管（腔）总面积'!B19)/局部木质部面积!B19) | C19: =IF(OR(局部木质部面积!C19="",局部木质部面积!C19=0),"",('导管（腔）总面积'!C19)/局部木质部面积!C19) | D19: =IF(OR(局部木质部面积!D19="",局部木质部面积!D19=0),"",('导管（腔）总面积'!D19)/局部木质部面积!D19) | E19: =IF(COUNT(B19:D19)=0,"",AVERAGE(B19:D19))
... A64: 63 | B64: =IF(OR(局部木质部面积!B64="",局部木质部面积!B64=0),"",('导管（腔）总面积'!B64)/局部木质部面积!B64) | C64: =IF(OR(局部木质部面积!C64="",局部木质部面积!C64=0),"",('导管（腔）总面积'!C64)/局部木质部面积!C64) | D64: =IF(OR(局部木质部面积!D64="",局部木质部面积!D64=0),"",('导管（腔）总面积'!D64)/局部木质部面积!D64) | E64: =IF(COUNT(B64:D64)=0,"",AVERAGE(B64:D64))

Sheet 3区域

Sheet 形成层连续性评分1（坏）-10（好）
A1: 样本序号 | B1: 形成层连续性评分1 | C1: 形成层连续性评分2 | D1: 形成层连续性评分3 | E1: 平均
A2: 1 | E2: =IF(COUNT(B2:D2)=0,"",AVERAGE(B2:D2))
A3: 2 | E3: =IF(COUNT(B3:D3)=0,"",AVERAGE(B3:D3))
A4: 3 | E4: =IF(COUNT(B4:D4)=0,"",AVERAGE(B4:D4))
A5: 4 | E5: =IF(COUNT(B5:D5)=0,"",AVERAGE(B5:D5))
A6: 5 | E6: =IF(COUNT(B6:D6)=0,"",AVERAGE(B6:D6))
A7: 6 | E7: =IF(COUNT(B7:D7)=0,"",AVERAGE(B7:D7))
A8: 7 | E8: =IF(COUNT(B8:D8)=0,"",AVERAGE(B8:D8))
A9: 8 | E9: =IF(COUNT(B9:D9)=0,"",AVERAGE(B9:D9))
A10: 9 | E10: =IF(COUNT(B10:D10)=0,"",AVERAGE(B10:D10))
A11: 10 | E11: =IF(COUNT(B11:D11)=0,"",AVERAGE(B11:D11))
A12: 11 | E12: =IF(COUNT(B12:D12)=0,"",AVERAGE(B12:D12))
A13: 12 | E13: =IF(COUNT(B13:D13)=0,"",AVERAGE(B13:D13))
... A64: 63 | E64: =IF(COUNT(B64:D64)=0,"",AVERAGE(B64:D64))
